{"type":"FeatureCollection","features":[{"type":"Feature","geometry":{"type":"Polygon","coordinates":[[[-118.00804069328468,35.78917149812506],[-118.00786119045966,35.789889587608336],[-118.00813048930384,35.79078729764888],[-118.0093871820644,35.795320490585794],[-118.00929738668032,35.795589787356285],[-118.00880373462886,35.79716069981454],[-118.00736744506894,35.79882138686219],[-118.00754694839266,35.79989862108298],[-118.00763674466128,35.80007814424028],[-118.01046436574134,35.80438692760507],[-118.0096564785959,35.80501527090765],[-118.00875879212059,35.80658622670341],[-118.00857929002093,35.80739413452661],[-118.00813048930384,35.80869573593163],[-118.00799583993276,35.80896503463655],[-118.00745724142826,35.80999732458667],[-118.0075020949161,35.81129894886208],[-118.00839978773993,35.81174776952423],[-118.0088485877769,35.812196593322916],[-118.00853443680494,35.81349822177581],[-118.00839978773993,35.814036808528975],[-118.0082651385729,35.81453057339043],[-118.00772654088452,35.81601168744094],[-118.00772654088452,35.8170889336283],[-118.00669419430292,35.817133762711165],[-118.00373186064147,35.8182558757472],[-118.00350749898128,35.81843543776958],[-118.00229561945768,35.81946770712498],[-118.0016672938001,35.82018586962188],[-118.00090422182899,35.820185872108176],[-118.00076956698568,35.82018585251574],[-118.0004554017393,35.820275639291694],[-118.0000514358846,35.82072444908383],[-117.99883962217191,35.82292375303325],[-117.99861516498783,35.823013539685874],[-117.99861516498783,35.82341742922312],[-117.99888447783319,35.82377653959095],[-118.00090422182899,35.8243599762369],[-118.00265472551693,35.82539229444308],[-118.00489887624435,35.82732229094303],[-118.00620044567039,35.82902789754762],[-118.00633509640161,35.83118228835349],[-118.00521303364194,35.83378550883361],[-118.00444997688368,35.83607454382751],[-118.00489887624435,35.8376454408759],[-118.0050335279614,35.83908171848367],[-118.00449492048138,35.84033845048258],[-118.00292394289576,35.84128103419815],[-118.00301374149934,35.8420440021345],[-118.00431532472471,35.8422684570482],[-118.00543748250067,35.84325581996758],[-118.00552719048437,35.84572444761477],[-118.00525788769606,35.84783393099332],[-118.00476422442533,35.85124505959878],[-118.00512323614892,35.85317507511458],[-118.00620044567039,35.85393807008919],[-118.00655954384368,35.85483571626307],[-118.00642489328247,35.85609251118862],[-118.00642489328247,35.857124828612676],[-118.00741229857947,35.85820197003318],[-118.00646974703086,35.85896501429886],[-118.00606579483718,35.85990753637678],[-118.00602094098684,35.860087073113],[-118.00548233649816,35.862690360294025],[-118.00225076465637,35.86390215342999],[-118.00171214874852,35.865158897786735],[-118.00090422182899,35.86592194455079],[-118.0002309465933,35.86614637828138],[-117.99982706958244,35.86641562364394],[-117.99897427847569,35.86740305354196],[-117.99825614012956,35.86879443290554],[-117.99668519681119,35.86951259776317],[-117.99538355777223,35.8695125826554],[-117.99367801825682,35.86960237326988],[-117.99215198126393,35.86816610137333],[-117.99120943824215,35.86659515483975],[-117.99053621570484,35.865832165484456],[-117.98954880613503,35.865652629989945],[-117.98842672691829,35.86569752376565],[-117.98690064495598,35.86605658788247],[-117.98497063923755,35.866640039814286],[-117.98304070199569,35.8667746989601],[-117.98102093423222,35.866909347151804],[-117.98075168375428,35.867492824592986],[-117.9815146633098,35.86821095203047],[-117.98214306004412,35.86906372668454],[-117.9820083910213,35.87023071882028],[-117.9825021173667,35.8711284026772],[-117.98326508943752,35.87278905763454],[-117.98317537023937,35.87382139426382],[-117.9828611739667,35.8749434891683],[-117.9830855616343,35.87530251353109],[-117.98326508943752,35.875571839973766],[-117.98429739314034,35.87669394821476],[-117.9843872011353,35.87678365027726],[-117.98568883113781,35.87826479577333],[-117.98694550362373,35.87853416926082],[-117.98878577159005,35.879790841064626],[-117.98905500993979,35.88131693936931],[-117.988471585202,35.88212480372244],[-117.98883062978341,35.88360595280425],[-117.98901015180289,35.8840996915237],[-117.98797787538199,35.885580799425036],[-117.98739435775924,35.88625407098047],[-117.9867211208122,35.88665803152168],[-117.9851951136124,35.88733126154789],[-117.98470139472019,35.887735228438416],[-117.98452186836249,35.88948566232576],[-117.98452186836249,35.8895753848173],[-117.98429739314034,35.890652639349156],[-117.98375881230525,35.891415605810245],[-117.9829060336504,35.891999122493885],[-117.98218791990838,35.89307631225555],[-117.98205325091945,35.89469211076958],[-117.9824571682193,35.89581417268518],[-117.98357928499884,35.89639771112203],[-117.98564388279343,35.897430005807436],[-117.987080168919,35.89922531939557],[-117.98788806919532,35.90133480960298],[-117.98770854604581,35.902636486151266],[-117.98658645524574,35.904656189424415],[-117.98573369011044,35.905060132479186],[-117.98537463929243,35.90532948218773],[-117.98550930577404,35.90582313627819],[-117.98699045164003,35.90672081829726],[-117.98901015180289,35.907887823898754],[-117.98914481553851,35.90815711912708],[-117.98909995742422,35.90865082736459],[-117.98887548796547,35.91017686385412],[-117.98932433724156,35.91138867845058],[-117.99022203240257,35.91273521669622],[-117.99031174805506,35.91381242026537],[-117.99031174805506,35.91403680526196],[-117.99004251160378,35.91592192191653],[-117.98923462109201,35.916684901112625],[-117.98802273377865,35.917537685116976],[-117.9875290227155,35.91839050783898],[-117.98690064495598,35.92018585640217],[-117.98613759907646,35.921622087698],[-117.98582349738216,35.92265435991791],[-117.98506044689353,35.92346230684126],[-117.98447691972397,35.924180464861024],[-117.98416281510492,35.92507811209054],[-117.9834446170601,35.92606550308495],[-117.98326508943752,35.92655923957781],[-117.98613759907646,35.93131685022811],[-117.98645178957756,35.932169679993855],[-117.98586835632089,35.93306735030621],[-117.98564388279343,35.9335161421482],[-117.98537463929243,35.9341445461843],[-117.98640693078563,35.935535923139874],[-117.98797787538196,35.93733122388663],[-117.98887548796547,35.93822890946953],[-117.98968338010518,35.93885731441857],[-117.98981804333216,35.940428226411825],[-117.99120943824215,35.94271723419302],[-117.99192760500705,35.943749535609705],[-117.99336384049504,35.94424324364005],[-117.9941717122833,35.94433303942701],[-117.99493472376174,35.944063730659856],[-117.99592219283362,35.94406376967442],[-117.99812148328242,35.94491655050284],[-117.99848050841231,35.945455101089216],[-117.99861516498783,35.94626305117206],[-117.9992435907776,35.946622100390144],[-118.00036560184424,35.94653229171584],[-118.00090422182899,35.946038574669956],[-118.00247512790189,35.946307927778435],[-118.00355235346566,35.94594879929336],[-118.00431532472474,35.946083465245],[-118.00530283108957,35.94617324953271],[-118.00687369830658,35.946487420370445],[-118.00813048930384,35.94738511252662],[-118.00943203506512,35.948596927063065],[-118.00979112670862,35.94940480954423],[-118.00952183038115,35.95133484346692],[-118.00952183038115,35.95236716783923],[-118.01023992323115,35.95375852491917],[-118.01109274965255,35.9546112820182],[-118.01158648469094,35.95425224449153],[-118.01230456919455,35.95447665481952],[-118.01356132177239,35.95474596170474],[-118.01490785804798,35.9546113254094],[-118.01544643396032,35.95438687797985],[-118.01598500823857,35.95420732223921],[-118.01679295593668,35.9545663970779],[-118.01710709229921,35.95559871220446],[-118.01715203269468,35.95618221378638],[-118.01715203269468,35.958112188001245],[-118.01665831313325,35.95900985628652],[-118.01692759863798,35.959234310688544],[-118.01755595967478,35.959368944531455],[-118.01795988573541,35.96004217971815],[-118.01822916926503,35.960984708102],[-118.01804967673877,35.962376095028894],[-118.01760081061208,35.96300446699003],[-118.01522199774686,35.96448564125851],[-118.01499756124964,35.96479978259938],[-118.0147282728168,35.9652037821652],[-118.01454877674998,35.96578722112974],[-118.01441413224424,35.967043963189255],[-118.01378576008521,35.96780701678642],[-118.01338182452577,35.96789676104479],[-118.01266365503108,35.967851873994675],[-118.01275344871348,35.96834559890391],[-118.01252900909587,35.96888416359589],[-118.01252900909587,35.968929050392155],[-118.01243921529998,35.96964719400085],[-118.01243921529998,35.96973696677631],[-118.01306759222419,35.970275551758654],[-118.0138306119752,35.970724386915386],[-118.01401019811438,35.97175674752732],[-118.01468342115359,35.97247482524186],[-118.01454877674998,35.97287882913803],[-118.01145183793909,35.97422533393464],[-118.01140689610072,35.97503319778196],[-118.01154154288663,35.97579624964549],[-118.01068880796792,35.97669387882989],[-118.0103297181389,35.97718763903662],[-118.0101052754586,35.97763647048444],[-118.00997062758402,35.977860850791835],[-118.00961162565183,35.978175053493906],[-118.00799583993276,35.97786084629276],[-118.00687369830658,35.97759158975265],[-118.00593114390193,35.977232482188015],[-118.00525788769606,35.97696320906304],[-118.00449492048138,35.97714270517337],[-118.0040461094522,35.977815926738074],[-118.0039114569874,35.97884829204283],[-118.00449492048138,35.979297128608515],[-118.00498858449981,35.9801499336118],[-118.00530283108957,35.980508964158794],[-118.00359720793875,35.98369568753332],[-118.00436026835645,35.98508705403508],[-118.0050335279614,35.985311472352635],[-118.00593114390193,35.985805177497504],[-118.00638003952277,35.98674769920034],[-118.00624538882558,35.989754941919294],[-118.00687369830658,35.98988959044554],[-118.0088934409136,35.99087702116119],[-118.01019507043439,35.99132585825897],[-118.01068880796792,35.991729750571956],[-118.0112273966766,35.993300731771974],[-118.01158648469094,35.99716067873173],[-118.01194548263199,35.997744160427125],[-118.0120802183569,35.99828275510297],[-118.01427948763641,35.99850717735556],[-118.01450383569538,35.999943442485645],[-118.01589521619056,36.00084107788107],[-118.01638893787482,36.00106553207608],[-118.01751101938159,36.00205291413098],[-118.01840875095374,36.00263641821209],[-118.01899216682739,36.003354567105056],[-118.02060803115896,36.00402778488324],[-118.02231358027238,36.00456639873126],[-118.02419868880718,36.00474592625049],[-118.02451281205349,36.00465615774826],[-118.02532072090605,36.00483567949852],[-118.02630819976463,36.00532940595551],[-118.02702631402038,36.00582316514424],[-118.02778936306528,36.006137340591444],[-118.02832789985804,36.006361738474745],[-118.02962956547117,36.00676567516183],[-118.03079650011458,36.00703497007879],[-118.03129018030178,36.00703498651575],[-118.03182879578723,36.00743892623164],[-118.03200836369739,36.0079326233275],[-118.03299580527415,36.00865074888442],[-118.03362419868344,36.00896494358514],[-118.03402808812324,36.009638203473166],[-118.03411787098563,36.01022166802585],[-118.03411787098564,36.010939855595716],[-118.03452184863487,36.01125397844184],[-118.03470132447731,36.01152329479089],[-118.03532971183141,36.01273520023787],[-118.03541949403349,36.01304934460888],[-118.03479110699818,36.01394700590113],[-118.0346116312468,36.01435092306548],[-118.03470132447731,36.015248665025474],[-118.03492573602625,36.01574233951423],[-118.03510530079477,36.01646046456671],[-118.03573368671437,36.01816604365961],[-118.0360029432338,36.019557405267655],[-118.03622735313208,36.02023067908945],[-118.0360927250943,36.021128368903675],[-118.03591316132774,36.02202602758461],[-118.03582346871146,36.022340201551835],[-118.03582346871146,36.023327607783074],[-118.03640691657975,36.02444970903981],[-118.03663132596566,36.025033157906975],[-118.0369903625241,36.02615527693248],[-118.0369903625241,36.02696316073385],[-118.0369903625241,36.027726188730135],[-118.0369903625241,36.028444362186335],[-118.03712507921347,36.0291624588399],[-118.03721486050453,36.02925221514162],[-118.03761874174887,36.02974591850801],[-118.03793293052422,36.029835685171506],[-118.03842668013912,36.029835726836914],[-118.03901011942183,36.02983569587546],[-118.03959364611327,36.02992548345062],[-118.04031179580839,36.02983567781077],[-118.04071575931343,36.02983572470156],[-118.04129919104386,36.02983567939521],[-118.04143381511864,36.02983570133674],[-118.04152359422234,36.03006013902829],[-118.04111963256297,36.03064361965698],[-118.04071575931343,36.03122707452406],[-118.04049126577674,36.03145147090913],[-118.04049126577674,36.031720768689354],[-118.0404015754818,36.03185545149789],[-118.04022201608933,36.03239400481235],[-118.03950386602965,36.03423426389145],[-118.03999761125894,36.03463817962928],[-118.04049126577674,36.03535631599212],[-118.0410299425868,36.035850069002414],[-118.04170315229298,36.03652329494415],[-118.04192755495865,36.03742095684663],[-118.04210711261896,36.038228887003],[-118.04210711261896,36.03845331921571],[-118.0423315147719,36.03863282357218],[-118.04282525210465,36.03903675908274],[-118.04340867687296,36.03944076121774],[-118.04439614414107,36.03993441705119],[-118.04560800388386,36.040742360441],[-118.04610173206243,36.04155025314681],[-118.04632612914295,36.04222347942069],[-118.04632612914293,36.04294163738783],[-118.04592217846076,36.04365972337046],[-118.04583240159148,36.04383925275373],[-118.04551822685494,36.04415346999781],[-118.04430636649643,36.04464715202875],[-118.04412681107031,36.044647210291515],[-118.04399218904656,36.044647204184905],[-118.04399218904656,36.04473695372021],[-118.04390241119671,36.04554487744249],[-118.04372285536016,36.04644249478494],[-118.04322920986638,36.047250388708704],[-118.0430944978273,36.04734015317614],[-118.04291503050166,36.04756459525119],[-118.04278031822314,36.04814808057746],[-118.04269053975767,36.048552006237635],[-118.04291503050166,36.048731526496525],[-118.04331898805822,36.04922530598073],[-118.04367801103818,36.04962924636557],[-118.04381263330126,36.049763903297006],[-118.04453076585709,36.05066156159596],[-118.0460119552844,36.052142689654005],[-118.0469994080038,36.052950588280765],[-118.04749313229354,36.05313014335542],[-118.04852541983564,36.05326473688515],[-118.04861519533617,36.05326477542934],[-118.04861519533617,36.05362380135121],[-118.04839080116373,36.05393804160451],[-118.0480316984315,36.054431707910446],[-118.04780730351773,36.05474594580502],[-118.04771752760648,36.054925456370185],[-118.04780730351773,36.05555379839743],[-118.04789707938328,36.05595775945917],[-118.0480316984315,36.05613729686868],[-118.04821124988891,36.05622702976974],[-118.04892936456429,36.056855407795496],[-118.04969240845425,36.05725940697428],[-118.05090423185882,36.05802243605147],[-118.05139794523076,36.058561014517544],[-118.05171210950719,36.0595484708741],[-118.05171210950719,36.06085002704265],[-118.05171210950719,36.062735123648274],[-118.05162233558138,36.06453049998443],[-118.05162233558138,36.06574233115757],[-118.05130817114515,36.067223501797045],[-118.051128622837,36.06852511156295],[-118.05099400614982,36.06874947115164],[-118.05099400614982,36.06924319244272],[-118.051128622837,36.06942275834933],[-118.0512183970139,36.06955740118136],[-118.05130817114515,36.069647146355706],[-118.05130817114515,36.0697369407352],[-118.05099400614982,36.07265433795586],[-118.0512183970139,36.07346222372884],[-118.05090423185882,36.07395596968645],[-118.05072468313979,36.07435989651217],[-118.05041051710606,36.07462924181269],[-118.04991680097268,36.07512293169876],[-118.0498270261339,36.07673871222669],[-118.05041051710606,36.078219895962334],[-118.05050029164813,36.07893804586341],[-118.0506349087118,36.07952153541555],[-118.05072468313979,36.0800601057125],[-118.05081445752212,36.08023961730587],[-118.051128622837,36.08055379074773],[-118.05153256160986,36.08136170377926],[-118.05162233558138,36.082259378869985],[-118.05162233558138,36.08252871917797],[-118.05153256160986,36.08324678314857],[-118.05162233558138,36.08356102909597],[-118.05202627322446,36.08454845543726],[-118.052834235064,36.08562562899138],[-118.05400119519803,36.08634375842763],[-118.0552129890183,36.08733119363238],[-118.05642486383981,36.08872260866266],[-118.05682879048855,36.08944067867865],[-118.05741225830901,36.090921861515426],[-118.05759180022298,36.09164001699073],[-118.05799581352319,36.091954151502286],[-118.05871388838206,36.09186439833467],[-118.05979112917187,36.09123605283064],[-118.06073366480194,36.09056281636857],[-118.06131711970023,36.089934430127364],[-118.06221480755829,36.08935093325065],[-118.06311249084365,36.08926114589552],[-118.06392040189027,36.08975489945622],[-118.06441407882345,36.09024863829671],[-118.06562597971065,36.09163999207611],[-118.0669275491183,36.092447865607184],[-118.06733154101535,36.09343528802138],[-118.06742130694224,36.094647181673565],[-118.06710708133821,36.09603851506063],[-118.0669275491183,36.09774410837378],[-118.06661341195293,36.099853627601846],[-118.06643387922973,36.10155914848256],[-118.06620941840846,36.103937995125115],[-118.06643387922973,36.106047482686755],[-118.0675110728234,36.10743888968715],[-118.0683189636941,36.10856097174902],[-118.06800473969201,36.109862575580166],[-118.06742130694224,36.1099523726379],[-118.06710708133821,36.110356329438],[-118.06629918490732,36.1097279203197],[-118.06602988527344,36.10954838615411],[-118.06490784369377,36.11035630893308],[-118.06459361360538,36.11044608946013],[-118.06490784369377,36.111343769171754],[-118.06562597971065,36.112824860068],[-118.06629918490732,36.11462022973431],[-118.06652364561423,36.11614622609789],[-118.06652364561423,36.117358092045365],[-118.06652364561423,36.11803131755323],[-118.06643387922973,36.119153438169604],[-118.06629918490732,36.11924320187422],[-118.06629918490732,36.119333009480236],[-118.06822919822487,36.12023065887003],[-118.0683189636941,36.12494334269728],[-118.0683189636941,36.125526850919634],[-118.06921661586924,36.12664894252245],[-118.06971027795545,36.12714268481362],[-118.07029379243728,36.127860825338466],[-118.07092214239101,36.12862380952529],[-118.07159541665331,36.12925217712768],[-118.07159541665331,36.12974592604954],[-118.07159541665331,36.13055383061657],[-118.07141588901086,36.13122705283201],[-118.07110167053715,36.131855386480716],[-118.07110167053715,36.132528701617495],[-118.07105683317651,36.13347122817455],[-118.07101190648697,36.133740543550296],[-118.07123636118526,36.13414447651297],[-118.07141588901086,36.134638142150756],[-118.07150565285498,36.13490747746742],[-118.07159541665331,36.135042092626534],[-118.07159541665331,36.13513187976669],[-118.0721339984817,36.135850003233806],[-118.07280726810728,36.137241402084506],[-118.07352537189941,36.13845326833173],[-118.07361513466734,36.139036781561096],[-118.07352537189941,36.14033836987743],[-118.07289703124161,36.141325792529564],[-118.0721339984817,36.142268338191904],[-118.0719096342454,36.142537590309786],[-118.07150565285497,36.14334552126829],[-118.07110167053715,36.14374948565831],[-118.07029379243728,36.144422758446616],[-118.06872286308003,36.14514084183748],[-118.06809450527572,36.14532037800608],[-118.06710708133821,36.14612831757002],[-118.06710708133821,36.14626294510137],[-118.06629918490732,36.147025967120875],[-118.06540151785974,36.14774408446146],[-118.0652219839012,36.14774406486917],[-118.06490784369377,36.14765429905093],[-118.06459361360538,36.14751970411734],[-118.06401016955569,36.14774412232752],[-118.06351640216943,36.14805831080687],[-118.06091320333368,36.1494496282894],[-118.06041951659283,36.14971893165133],[-118.05970135935743,36.150841066624686],[-118.05943204963994,36.1517387433233],[-118.05889342897078,36.15295058212417],[-118.05880365869925,36.153758493312],[-118.05880365869925,36.155643555051206],[-118.05880365869925,36.156945186796044],[-118.0590281289541,36.15784279743815],[-118.05920766922283,36.15833658098181],[-118.05929743928863,36.15874046859325],[-118.06001550884638,36.1598626069586],[-118.06082343409066,36.16076021208127],[-118.06230457609263,36.161523257880006],[-118.06261872094178,36.1620618791937],[-118.06261872094178,36.162241402684984],[-118.0614068886918,36.16313907294472],[-118.06100297253096,36.16412650295235],[-118.06032974709844,36.16502418690235],[-118.05992573914622,36.16533839005451],[-118.05952181959148,36.165428131806706],[-118.05952181959148,36.165652492666595],[-118.05983596940037,36.16623601444174],[-118.06001550884638,36.16672973341671],[-118.06050928604157,36.16753758152592],[-118.06050928604157,36.16843529787156],[-118.06032974709844,36.16901874083555],[-118.06010527850084,36.16942269964423],[-118.05929743928863,36.17014087589111],[-118.05983596940037,36.17085902605303],[-118.06019504810959,36.1717566404963],[-118.06032974709844,36.172340152896005],[-118.06091320333368,36.173237812779696],[-118.06163135563179,36.17395596132758],[-118.06203527035251,36.174225271882726],[-118.06311249084365,36.174853636515486],[-118.06423454385855,36.17525756242637],[-118.06499761085598,36.175751286655526],[-118.0658952799621,36.17664890467053],[-118.06710708133821,36.17714261869859],[-118.06831896369413,36.17745680109343],[-118.06849849449529,36.177546600558244],[-118.06903708580039,36.17813004904302],[-118.06962051319563,36.17853407040428],[-118.07002449891328,36.17862380573533],[-118.07002449891328,36.178848191976115],[-118.07002449891328,36.17902774634094],[-118.07020402797507,36.1801498702136],[-118.0706080123534,36.18122700587233],[-118.07083237824924,36.18243888782704],[-118.07123636118526,36.18423422482415],[-118.07132612512098,36.18522167925561],[-118.07173010692354,36.186523237612185],[-118.07240328877772,36.18795955472419],[-118.07312148353523,36.188857181780854],[-118.07370489738948,36.18944067955554],[-118.07451284914308,36.19002413429346],[-118.07509634769806,36.19033833675232],[-118.07653262297464,36.19114620637944],[-118.07711602551367,36.19155020421817],[-118.07760975474773,36.19204387883854],[-118.07850744883129,36.19294154912269],[-118.07913576944279,36.19352505845529],[-118.07989886113516,36.194243185689395],[-118.08111065536603,36.19514086049034],[-118.08142485595522,36.19532041774067],[-118.08151461469005,36.19545503432716],[-118.08200833156788,36.19532041083808],[-118.08250204705827,36.195320394515704],[-118.0827264870893,36.19532035921229],[-118.08299576116119,36.19532037557024],[-118.08313044269799,36.19554480853085],[-118.08330995837895,36.195634531718916],[-118.08420762334256,36.19612831500071],[-118.08492576987213,36.196621999563185],[-118.08519504057226,36.19693618637649],[-118.08573367004377,36.197340139114516],[-118.08582342657674,36.19742992686797],[-118.0859131830638,36.19751963798889],[-118.09071566871532,36.197340137123525],[-118.09080542270064,36.19774408258247],[-118.09129920276001,36.19864173682697],[-118.09143378861947,36.19922520627723],[-118.09170313864254,36.199943336653845],[-118.09201732027559,36.20115521163827],[-118.09260076068409,36.20182845249731],[-118.0933189621774,36.202860775686744],[-118.0940370714239,36.20375843200206],[-118.09453075308032,36.204431708141804],[-118.09453075308032,36.20465614187953],[-118.09462050511347,36.20483567743623],[-118.09462050511347,36.20492545050558],[-118.0964158933469,36.20595772179364],[-118.09753800165558,36.206226992449466],[-118.09812142369417,36.20654119216954],[-118.09892935239935,36.207124653619395],[-118.0998270267467,36.20775304045333],[-118.10050027948905,36.207932595756205],[-118.1011286106601,36.208426307259415],[-118.10130819722504,36.208560970334325],[-118.10193652549818,36.20883025629549],[-118.10292393221657,36.209817688083774],[-118.10359717305553,36.21044609222089],[-118.10422558241699,36.211343726192275],[-118.10489881825124,36.21237601496501],[-118.10503348296744,36.21255559839693],[-118.10561696934086,36.213453245992596],[-118.10633511748432,36.21462020358122],[-118.10691859951889,36.2160564835653],[-118.10691859951889,36.216146237431396],[-118.10732249939618,36.21785181470248],[-118.10763674232166,36.21892895209307],[-118.10799572331926,36.220051076836654],[-118.10781623291253,36.22085895371188],[-118.10763674232166,36.22135270788067],[-118.10741224487576,36.22216058636011],[-118.10790597813893,36.223058251157916],[-118.10822022001665,36.2232377800235],[-118.10853437203166,36.22341732948487],[-118.10862411688974,36.22382129791395],[-118.10920759129226,36.22552687825769],[-118.10911784673345,36.226738652616845],[-118.10862411688974,36.2276363310612],[-118.1079059781389,36.22813008625093],[-118.10700834520561,36.22835446015704],[-118.10579646200304,36.22821982942321],[-118.1052129762279,36.228623805091395],[-118.10489881825124,36.22934189720593],[-118.10512322962069,36.22983563563844],[-118.10552722294074,36.23064351330468],[-118.10552722294074,36.23122703899439],[-118.1052129762279,36.23234910315598],[-118.10512322962069,36.233156993340494],[-118.1052129762279,36.233650730299814],[-118.10642486347021,36.23513185749703],[-118.10691859951889,36.23593976983985],[-118.10781623291253,36.23683739283435],[-118.10799572331926,36.237241399917735],[-118.10862411688974,36.23733117339672],[-118.10929733580502,36.23773509597752],[-118.11041945087109,36.23863277539637],[-118.110913175648,36.23926115015359],[-118.11190062102072,36.23984462949744],[-118.11221476642629,36.24002417025419],[-118.11221476642629,36.240248556626135],[-118.11293288748796,36.241550180411785],[-118.11351643681284,36.242851791370015],[-118.11409989489458,36.24401873692238],[-118.11423455252853,36.245051054570226],[-118.11409989489458,36.24585893989496],[-118.11401015284618,36.24603850110413],[-118.11409989489458,36.24702593357791],[-118.11441403634883,36.24783381813677],[-118.11499758072996,36.249045647599836],[-118.11531172057106,36.249539433569154],[-118.11540155124614,36.24962914371091],[-118.11562594914236,36.24971889629876],[-118.11558103386827,36.24994332812241],[-118.11688267918981,36.2509307847117],[-118.11737638571486,36.25178354340262],[-118.11800474557415,36.2528158655686],[-118.118453534393,36.25411749767659],[-118.11935119786494,36.25555375646839],[-118.11930637284125,36.25699003913825],[-118.11935119786494,36.25833655608754],[-118.11930637284125,36.25959324036215],[-118.11863310317368,36.26116413729686],[-118.11804966022534,36.262241368092496],[-118.11760078107535,36.26300437865219],[-118.11787009084499,36.26435087640166],[-118.11724173050149,36.265697388412676],[-118.11706216029087,36.267492748412785],[-118.11724173050149,36.269467591044574],[-118.11737638571486,36.27117317667866],[-118.11863310317368,36.27171175328196],[-118.11975515831631,36.273103136462105],[-118.12033868486084,36.274718900705494],[-118.1213260769819,36.276514272844366],[-118.1219545119248,36.27768123264807],[-118.12392936160049,36.27862377594276],[-118.12491673341569,36.279027737477364],[-118.12590418893474,36.279296997597456],[-118.12612857333696,36.279341885879525],[-118.12657743056492,36.27938680154803],[-118.12716093430623,36.27965610193546],[-118.12734049413146,36.279880473167495],[-118.12760978887849,36.28032931752907],[-118.12760978887849,36.280643545029065],[-118.12760978887849,36.28122700906068],[-118.12747514155691,36.28181049213489],[-118.12747514155691,36.282349037683744],[-118.12734049413147,36.28275302552505],[-118.12734049413147,36.283516038161586],[-118.12720584660208,36.283920021153776],[-118.12707119896876,36.28423418368474],[-118.12684672648969,36.28445863436843],[-118.12653260739654,36.28477273643974],[-118.12590418893477,36.285266484041664],[-118.12550024270996,36.28495234113429],[-118.12527585749989,36.285760205280376],[-118.125006559151,36.286747636631624],[-118.12509629555015,36.28751068928339],[-118.12518603190316,36.28854295064857],[-118.12505138271139,36.28953040263734],[-118.12536559376055,36.29051782287001],[-118.12563489155545,36.29110131913389],[-118.12576954029703,36.29163993165091],[-118.12563489155545,36.29213361607626],[-118.12545532997511,36.292851764547464],[-118.12541050651849,36.29348012225472],[-118.12550024270996,36.29433291288865],[-118.125814452951,36.295006163585796],[-118.12590418893478,36.296262909989785],[-118.12585927630386,36.29707079708744],[-118.12567980424406,36.29778895922553],[-118.12590418893478,36.298686566891966],[-118.12653260739654,36.29895587272737],[-118.12680190339046,36.299225207818886],[-118.12702628663828,36.29976381245143],[-118.12702628663828,36.30021266576876],[-118.12662234301098,36.300661476575726],[-118.12590418893478,36.30106540211794],[-118.12419866161135,36.301334711332466],[-118.12199933626883,36.3013347183316],[-118.12110168640679,36.30115515501118],[-118.1201142930171,36.30223237714932],[-118.11971033339628,36.30335445382096],[-118.11984498670702,36.303623751348546],[-118.12051816241139,36.30501513811793],[-118.12123633864483,36.30595768502344],[-118.12159538100816,36.30685534175954],[-118.12042842365919,36.3073490537044],[-118.1195307657229,36.307349037186604],[-118.11849844892878,36.30761835850838],[-118.11840870913902,36.307663270138875],[-118.11459360928018,36.306990000064246],[-118.11369592137042,36.30743884979017],[-118.11356126332163,36.30752859731884],[-118.1118108778436,36.30833651437701],[-118.11041945087109,36.309817650015326],[-118.11203528034835,36.312196486665854],[-118.11257382732576,36.31331853290899],[-118.1119903641518,36.3149791983449],[-118.11163130205435,36.315562683923],[-118.11212502341037,36.31663992861205],[-118.1134266051691,36.31695408451063],[-118.11414481054928,36.31924311097399],[-118.11401015284618,36.319557320530585],[-118.11369592137042,36.32005107748057],[-118.11279831814772,36.32063449674836],[-118.11252900056385,36.32202592297713],[-118.11203528034835,36.32234005455404],[-118.11149664241566,36.32265427893798],[-118.10992572470067,36.323731496378734],[-118.1093871695697,36.323866121594946],[-118.10857928911567,36.32467402869482],[-118.1075469076583,36.32561659096149],[-118.10678393625292,36.32579606286753],[-118.10552722294074,36.325347289050974],[-118.10444999464936,36.32566148911622],[-118.10305859845168,36.32539219321762],[-118.10319326458323,36.32705279905941],[-118.10207119249246,36.328040271393796],[-118.10072469649491,36.32839935774044],[-118.10009627457248,36.328803323133926],[-118.10000652534319,36.32961122129395],[-118.09973727737949,36.33055372243351],[-118.09767258272676,36.33109236854802],[-118.09762775214917,36.33113717462422],[-118.09780725299845,36.33212467920446],[-118.09821117388897,36.332528572959795],[-118.09830101334144,36.332752992511246],[-118.09951285910887,36.33293254214958],[-118.0998270267467,36.33333650341137],[-118.0998270267467,36.333426281442655],[-118.10072469649491,36.3353562588882],[-118.10130819722504,36.336657879345196],[-118.10139794578748,36.33715154358744],[-118.10139794578748,36.33791460971242],[-118.10162236164335,36.338857165619295],[-118.10180185840026,36.33935087598459],[-118.10130819722504,36.34105643138807],[-118.10139794578748,36.34213363150663],[-118.10139794578748,36.34325571449296],[-118.10103886195965,36.34482661611144],[-118.10081444535628,36.3453203711856],[-118.10032069209585,36.34612821515637],[-118.10081444535628,36.346756581813274],[-118.10243027420398,36.34742983543151],[-118.10422558241696,36.34783379896791],[-118.10543738719466,36.34823774560132],[-118.10691859951889,36.348147962995206],[-118.108399710009,36.34805818100108],[-118.11001546884502,36.348641721618584],[-118.11073368823433,36.348955881138075],[-118.11149664241566,36.34904566624295],[-118.1118108778436,36.34895585374429],[-118.11203528034835,36.348821215284445],[-118.11252900056388,36.34882124887544],[-118.11360617911468,36.349225165757936],[-118.11513223767244,36.34931495429719],[-118.11620940018307,36.34931494970245],[-118.11701733467991,36.34953933558522],[-118.1174212112337,36.349629148168376],[-118.11863310317368,36.349853553008444],[-118.11921654417355,36.349943337050696],[-118.1208323816192,36.350257483730836],[-118.12253794182938,36.35093076798932],[-118.12361514796586,36.35164890852301],[-118.12419866161135,36.35191819168539],[-118.12343558430774,36.35281583865446],[-118.12321119644355,36.353354414005786],[-118.12262767949753,36.354431654102996],[-118.12253794182938,36.35474579258764],[-118.12271750641072,36.355239566463005],[-118.12330093376566,36.35654116659494],[-118.12410883546026,36.35761839372146],[-118.12460261084858,36.35874040273501],[-118.12541050651849,36.360221601456416],[-118.12590418893478,36.361119241840925],[-118.12621839844853,36.361657885185416],[-118.12680190339046,36.36264530572482],[-118.12792390603234,36.363542944149195],[-118.12913581435562,36.36444059960344],[-118.12922554863107,36.36462015180224],[-118.12989877744403,36.36583197455594],[-118.1304374479105,36.367133637200524],[-118.13061691507578,36.368031283999265],[-118.13070673787624,36.3690186745325],[-118.13052718151624,36.37032029179047],[-118.13111067204514,36.370724274556615],[-118.13371389995518,36.37094869573796],[-118.13532969242874,36.37112821198234],[-118.13613762768964,36.37153217919776],[-118.13820222498862,36.37162193284421],[-118.13972824701467,36.371352631335526],[-118.1410298907365,36.37162192221683],[-118.141209436274,36.371936134297776],[-118.1412991643325,36.37283378899494],[-118.14152361819863,36.373237733868194],[-118.14152361819863,36.37332752039728],[-118.14251097964126,36.3749433099121],[-118.14313933822548,36.37593072785557],[-118.14412677978306,36.377052866493145],[-118.1455182057768,36.377815826667025],[-118.14664026644904,36.378129984900085],[-118.14722379227675,36.37875837099878],[-118.14731351723418,36.37911747592703],[-118.1478072268686,36.37943161685889],[-118.14901908613044,36.379252123256656],[-118.1494230671002,36.37934185645355],[-118.15023093694695,36.37974581340423],[-118.15211601150796,36.37925209442841],[-118.15310349137678,36.37952141305078],[-118.15350746285486,36.38023953299649],[-118.15400115489989,36.38163094887688],[-118.15413578170967,36.38252858010647],[-118.15453975078789,36.38365065042191],[-118.15530278108986,36.38513181220836],[-118.15570665818042,36.386119240837644],[-118.15611062360605,36.38733107292544],[-118.1570980807722,36.3883185111311],[-118.15813043664157,36.38894689349863],[-118.15992570709335,36.38921622879034],[-118.16203528237581,36.389440636163364],[-118.16293289973034,36.38944059162279],[-118.16302270584566,36.38962013393236],[-118.16100294972514,36.39172967932575],[-118.16082342462934,36.392627295194906],[-118.16001551476465,36.39383918166905],[-118.15763666705844,36.39523052523243],[-118.15611062360603,36.39594866054843],[-118.15440512429113,36.3965321489665],[-118.15391134411867,36.39684639501391],[-118.15292395811575,36.39662191184096],[-118.15211601150796,36.39675662641098],[-118.151397873271,36.39734006610404],[-118.15063491510115,36.39742985139596],[-118.14883954865122,36.397833791051916],[-118.14789704080334,36.39832746807084],[-118.14753796334298,36.39841724830219],[-118.14623636829471,36.39864167220697],[-118.14471031404082,36.39962913983008],[-118.14412677978306,36.400122870240764],[-118.14313933822548,36.401155168652906],[-118.14260079630986,36.4016488880674],[-118.14152361819863,36.40232208972766],[-118.14031170673515,36.40353396294655],[-118.13981797583646,36.40501513545921],[-118.13941406185047,36.406630915998946],[-118.13901014692766,36.40851598957242],[-118.13901014692766,36.40923412117241],[-118.13901014692766,36.41084993142012],[-118.1387407805091,36.411837358088306],[-118.13851641233896,36.412824772209625],[-118.13752893896282,36.414754755514096],[-118.13748411860992,36.41497918024824],[-118.13743920896178,36.41533827678705],[-118.13743920896178,36.415383185286174],[-118.13793294660395,36.41623588971547],[-118.1377983072555,36.41753751762085],[-118.13793294660395,36.41803127058476],[-118.13883059912254,36.41892892240191],[-118.13981797583646,36.41982660388069],[-118.141209436274,36.420948646058065],[-118.14331888158723,36.42121800745616],[-118.14421659561785,36.42121797298979],[-118.14444095644193,36.42121801818136],[-118.14542839061386,36.42234005941263],[-118.14623636829471,36.42332748463215],[-118.14686471342655,36.42400075043713],[-118.14753796334298,36.424629113325295],[-118.14861510422217,36.425257486079744],[-118.14919862342423,36.42534720320478],[-118.15050019630276,36.425257459545115],[-118.15162231410784,36.42512278829387],[-118.15193647722687,36.425526769173395],[-118.15251998528133,36.42673861476652],[-118.15332793001114,36.42732208850834],[-118.15422559237487,36.42714256368643],[-118.15462947196951,36.4276362727061],[-118.15480900346847,36.42884815345014],[-118.15561693755508,36.42943164946188],[-118.15593109345222,36.43032927110604],[-118.15620043325039,36.4317206854405],[-118.15651458809224,36.43243877334209],[-118.15682874236595,36.43261835976365],[-118.15700836086553,36.43261830750965],[-118.15830996452205,36.43243875300793],[-118.16050918831111,36.431855352546805],[-118.16243923307759,36.43122692827145],[-118.16270847350933,36.43113721015569],[-118.16302270584566,36.430823008394995],[-118.16342665424894,36.43041904934712],[-118.16423454823419,36.42974580498913],[-118.16558100009296,36.42970092970889],[-118.16670310971524,36.42965605616864],[-118.16831886340212,36.429521392900774],[-118.1698000767442,36.42934184078481],[-118.1709221590623,36.42902764592623],[-118.17110167370583,36.42902766916025],[-118.17123628724991,36.42884812544645],[-118.17289698844446,36.427815842223175],[-118.17401905070994,36.42723234518692],[-118.17482698459966,36.4267385846455],[-118.17491678455401,36.42651419851985],[-118.17550021533039,36.426738633735766],[-118.17653255092627,36.42723233837263],[-118.17684675820426,36.42732212821691],[-118.17832789864018,36.427636260433104],[-118.17940511618448,36.427636271850595],[-118.18052713627989,36.42754650963296],[-118.18120043410673,36.42745671162156],[-118.18173903477762,36.427546482066326],[-118.18290593763967,36.42723231711899],[-118.18443201298226,36.42664883477674],[-118.18461151361883,36.42664883440581],[-118.18470130849693,36.426648822664],[-118.18559898693704,36.426738623226406],[-118.18721474283143,36.427232366737094],[-118.1880227043739,36.42745671829343],[-118.18972822988329,36.42772602316812],[-118.19013220525216,36.42772604365854],[-118.19094006390068,36.42754655387599],[-118.1929149325912,36.42673860839155],[-118.19363307729115,36.42651421048518],[-118.19421653419086,36.42723230815106],[-118.19542842597704,36.42781582642291],[-118.19740324334501,36.42804024703334],[-118.19780720076295,36.42821977310391],[-118.19852532511561,36.42911745455033],[-118.19870490036296,36.42943158974711],[-118.1991986420779,36.42992533636631],[-118.19933323375373,36.43014973499311],[-118.19951280816042,36.43014975519306],[-118.20373186041901,36.431226953295756],[-118.20530273307982,36.43122691576484],[-118.20561688804496,36.431047445976134],[-118.20584134784698,36.43095767342956],[-118.2060208262299,36.4307332210128],[-118.20750198430869,36.43064347690723],[-118.20853430719251,36.4306434829034],[-118.20943204020365,36.43041903317903],[-118.20983596944727,36.43032927645503],[-118.2113170947356,36.43122698475885],[-118.2118108003352,36.432214355045765],[-118.2122147240014,36.43302230964907],[-118.21261873596518,36.43351600677615],[-118.21333688787178,36.43374037896593],[-118.21392036735737,36.43391993187915],[-118.21441406549421,36.43432390909359],[-118.21481798305436,36.43504206013569],[-118.21490776221539,36.43602944123962],[-118.21463842459178,36.436657839345806],[-118.21432428607571,36.43674757668271],[-118.21342657856064,36.43683738006427],[-118.21279820728901,36.436837366585095],[-118.2121250326814,36.437016852191064],[-118.2115415471133,36.437645224995244],[-118.21100295016122,36.43813894482334],[-118.21041946079232,36.43894688756745],[-118.21041946079232,36.43953034141404],[-118.21050915300039,36.44033829505624],[-118.21041946079232,36.44092175983841],[-118.21010522533493,36.44141545483163],[-118.20961151484752,36.442133582351424],[-118.20970129672249,36.44303123623106],[-118.20992575120535,36.44433289177668],[-118.210239897744,36.444826576502564],[-118.21073360643076,36.44514075042557],[-118.2113170947356,36.44563450853428],[-118.21203525206955,36.446038441592556],[-118.21333688787178,36.446846350048496],[-118.21374080795876,36.44734001757206],[-118.21423450661038,36.44823775275835],[-118.21441406549421,36.44873143413536],[-118.21450384486585,36.449135350946676],[-118.21481798305436,36.4505267805129],[-118.21504243086919,36.45232208671423],[-118.21513220991321,36.45353394954904],[-118.21517709941764,36.45384813354045],[-118.21531167861733,36.45501510054622],[-118.21562590457509,36.45631673051972],[-118.21594004071613,36.456720629713566],[-118.21683773512522,36.45743879089496],[-118.21760075830545,36.458022280496465],[-118.21849844405244,36.458650599585624],[-118.22020402514528,36.45941361819189],[-118.22101192138011,36.459817569809985],[-118.22132604768865,36.460131768434195],[-118.22164026266374,36.46111921922751],[-118.22190958932835,36.461612930909006],[-118.22253792733245,36.46273502070728],[-118.22321115044922,36.46331852466093],[-118.22383957293654,36.463632653012596],[-118.22500645869937,36.46394685130483],[-118.22532066694897,36.4639469065671],[-118.22680183743768,36.46435081966179],[-118.22751993013934,36.46444057723505],[-118.22760970267069,36.46453036793221],[-118.2302129964406,36.46453034322663],[-118.23084130408904,36.46493428649397],[-118.23120038699062,36.46524849340845],[-118.23263662185438,36.466325660992375],[-118.23281616152201,36.46672964007798],[-118.23304058584253,36.467537557409095],[-118.23263662185438,36.46883917988212],[-118.23304058584253,36.4693328716033],[-118.23393828019121,36.470320302289345],[-118.23501550721336,36.47153216326113],[-118.23591310200148,36.4728337952344],[-118.2370352004252,36.473955823349584],[-118.23721473549213,36.47494328879913],[-118.23712496798217,36.47534723309534],[-118.23681078132746,36.475840940231144],[-118.2370352004252,36.47705279751155],[-118.23779822316219,36.477142560728254],[-118.23874077597586,36.477142594273396],[-118.23901007582863,36.47714254780277],[-118.24004238801427,36.47732208657674],[-118.240940045734,36.47772605319964],[-118.24161328594033,36.478130013637106],[-118.24273543630618,36.479341791073026],[-118.24403701802396,36.47965603399155],[-118.24493465482976,36.47983556225319],[-118.24511418162682,36.479835592448445],[-118.2462363090748,36.48014974133737],[-118.24699929086792,36.48041907754985],[-118.24803164417106,36.48091273739051],[-118.24910878266238,36.481630930723455],[-118.24991672131118,36.48243876394991],[-118.25000648212293,36.48351594821527],[-118.24982696045235,36.48472779914463],[-118.24951279707604,36.4855357185536],[-118.24933327488797,36.485939702480174],[-118.24892926005087,36.4865231730416],[-118.24843557189902,36.48701689631142],[-118.24771747750195,36.48755549077122],[-118.24673000356418,36.488138952492754],[-118.24592213911373,36.4884531496813],[-118.24480000960861,36.489036600804766],[-118.24403701802396,36.4892161453572],[-118.24331890519483,36.48962012579438],[-118.2425110246664,36.489934300941314],[-118.24161328594033,36.4902485190163],[-118.24080539737558,36.49033826621483],[-118.24058098320994,36.49033821316688],[-118.23981797285025,36.490427978469214],[-118.23909984235225,36.49074218336932],[-118.23851635910896,36.49155006112822],[-118.23793287388115,36.492223344090235],[-118.23672101360614,36.49285171234982],[-118.23582333381063,36.49294145028859],[-118.23501550721335,36.493749375539444],[-118.23532969715474,36.49424308185834],[-118.23591310200148,36.49491631340073],[-118.23672101360614,36.495634475609045],[-118.23793287388115,36.496217962194095],[-118.23923449204968,36.49693612518601],[-118.23950379112732,36.49765422837197],[-118.23950379112732,36.497923535861034],[-118.23990773895108,36.498551879702084],[-118.24040145166595,36.49882121701873],[-118.240940045734,36.499539355043815],[-118.24120934213369,36.49985347241947],[-118.2413888728319,36.49994330458426],[-118.24143375547712,36.50003306771874],[-118.24129910750631,36.50021255550485],[-118.240940045734,36.50115513325008],[-118.24031168582353,36.50223228740084],[-118.23909984235225,36.504027638910166],[-118.23833682540408,36.505553678145034],[-118.23811240800877,36.505822998243495],[-118.23811240800877,36.50613718541989],[-118.23811240800877,36.506630840451606],[-118.23874077597586,36.50802228784283],[-118.238920309258,36.50824666831051],[-118.23941402481506,36.5092341037113],[-118.23932425845584,36.51004201411021],[-118.23883054264041,36.51062551791751],[-118.23784310674691,36.51111920506049],[-118.23743915406159,36.51152313443124],[-118.23743915406159,36.51161293956861],[-118.23860612589094,36.51255544809071],[-118.23909984235225,36.51282478066996],[-118.23901007582863,36.513049170444695],[-118.23901007582863,36.51322869944188],[-118.23892030925803,36.51345316428577],[-118.238920309258,36.51372241839535],[-118.23892030925803,36.514350801005236],[-118.23901007582863,36.515427991202735],[-118.23909984235225,36.51565245407272],[-118.23909984235225,36.51672958546601],[-118.23901007582863,36.518345444605195],[-118.23901007582863,36.519826541235005],[-118.23909984235225,36.521352618768155],[-118.23860612589094,36.52314795839225],[-118.23874077597588,36.52341723318016],[-118.23883054264041,36.52364166943813],[-118.23901007582863,36.52364166412678],[-118.24161328594033,36.522025822599915],[-118.24170305110151,36.52202585614455],[-118.24233140591369,36.52211565106448],[-118.24260078935757,36.52202586001888],[-118.24390237209765,36.52202586821835],[-118.24403701802396,36.522025839208],[-118.24592213911373,36.52162187179373],[-118.24610166487633,36.52162185491033],[-118.2462363090748,36.52153211009489],[-118.24673000356418,36.521442329658164],[-118.24690952848034,36.52153210003823],[-118.24731345885401,36.522250304132356],[-118.24771747750195,36.52314789431872],[-118.24883949867457,36.52404562172527],[-118.24901902138014,36.52404559656527],[-118.24942303600551,36.52404561070273],[-118.24960255809948,36.52431486071931],[-118.25000648212293,36.52525746600727],[-118.25000648212293,36.52534717263178],[-118.25032064459367,36.52543696123012],[-118.25090417687801,36.52561649966202],[-118.25090417687801,36.528354414912364],[-118.25090417687801,36.52884811966064],[-118.25072465614846,36.52943155737998],[-118.25063489571313,36.52992531128995],[-118.25050016574671,36.53023952216831],[-118.25014112325239,36.530912762767926],[-118.24861509502797,36.53275298095116],[-118.24861509502797,36.53293245435071],[-118.24861509502797,36.53302222887159],[-118.24861509502797,36.533246664722654],[-118.24901902138014,36.53374036062865],[-118.24960255809948,36.53454826824305],[-118.24960255809948,36.53472781240227],[-118.24951279707604,36.5350419948429],[-118.24933327488797,36.53571524219873],[-118.25014112325239,36.535939681123494],[-118.2504104051937,36.53602942826268],[-118.24991672131118,36.53715152756426],[-118.24991672131118,36.53773502402991],[-118.25014112325239,36.53804917859045],[-118.25081441653677,36.539036638488945],[-118.25090417687801,36.53903657796796],[-118.25153249794921,36.53912637348164],[-118.251801866927,36.539530339081125],[-118.25193650664475,36.54011383195102],[-118.251801866927,36.541235860597006],[-118.25202626639776,36.54213352035852],[-118.25274434272765,36.54244778407283],[-118.25471921554907,36.54271702838935],[-118.25691854785981,36.54303125021998],[-118.25839962387094,36.54334541262295],[-118.25961150923808,36.543749340787095],[-118.26023988755793,36.54415332268304],[-118.26082338601728,36.54491631143309],[-118.26122728355527,36.54572425572883],[-118.26163126935846,36.546038374091346],[-118.26131703843414,36.54675656208681],[-118.26122728355527,36.54742977300111],[-118.26190053321746,36.54832748379777],[-118.26284313182137,36.54895582354167],[-118.26342662139554,36.54931485632005],[-118.26374075922365,36.54971886254252],[-118.26432424573333,36.550751128324315],[-118.26522195457385,36.55142442757933],[-118.26531170735498,36.551514166577164],[-118.26652354371983,36.551648807699415],[-118.2674212410047,36.55182832900536],[-118.26872281339351,36.5518283162387],[-118.2694409980377,36.551738607196675],[-118.27060793012386,36.55173858271732],[-118.27271739835119,36.551648857429235],[-118.2739292713732,36.55102043239336],[-118.27491667745211,36.55052674019846],[-118.27590416702874,36.55084090237929],[-118.27612853485462,36.55182836766537],[-118.27702627084099,36.55281577211298],[-118.27801365899462,36.5533543980992],[-118.27850735092774,36.55411739410614],[-118.2794050743926,36.55514973801888],[-118.28093109530504,36.55564340641133],[-118.28223265384952,36.55582299069402],[-118.28322010105893,36.556137159940356],[-118.28483591953264,36.556451308962366],[-118.28622727923661,36.55663085048469],[-118.28730453371071,36.557124588580336],[-118.28820221083221,36.557618313512414],[-118.28950380303088,36.558022205841844],[-118.29053607783636,36.55851599387922],[-118.29071564591338,36.55874036106051],[-118.2912093902454,36.55932384882213],[-118.29161330504945,36.56053572784638],[-118.29161330504945,36.561119206667314],[-118.29161330504945,36.56152316850292],[-118.29201721889487,36.56224125544425],[-118.29210704677745,36.56273494296415],[-118.2919274801684,36.56331850181585],[-118.29152356610999,36.56412636434617],[-118.29134399888532,36.56475469676998],[-118.29161330504945,36.56502400753817],[-118.29233139326821,36.56551776237606],[-118.29242122098493,36.56583192431118],[-118.29233139326821,36.56610127729891],[-118.29224165470738,36.56632567440122],[-118.29233139326821,36.56655006773849],[-118.29264565626468,36.5668193218868],[-118.29264565626468,36.56744775741824],[-118.29233139326821,36.56794143071069],[-118.29251095945106,36.56834540281442],[-118.29242122098493,36.56874936602568],[-118.29242122098493,36.5690186464872],[-118.29201721889487,36.56955728413697],[-118.29192748016843,36.56982652766463],[-118.2918377413946,36.57045490713061],[-118.2918377413946,36.57063447484212],[-118.2917030439416,36.57094861284174],[-118.29134399888532,36.57135256066976],[-118.29071564591338,36.57175650110038],[-118.28981798204342,36.57211557700308],[-118.2900424207558,36.57225024139801],[-118.29022190014912,36.572429801373154],[-118.28981798204342,36.5732376684328],[-118.29062590650065,36.57364158514062],[-118.29094008344221,36.57404554142315],[-118.29053607783636,36.57444952288717],[-118.2912093902454,36.57431488273598],[-118.29192748016843,36.574629060740264],[-118.2918377413946,36.575032995639994],[-118.29233139326821,36.57543699800729],[-118.29340860911766,36.57575115543576],[-118.29412677896272,36.57633460551948],[-118.29412677896272,36.57745668293999],[-118.29340860911766,36.578129944211476],[-118.29291487116598,36.57853389009016],[-118.29242122098493,36.57853386514618],[-118.29224165470738,36.578848076476156],[-118.29251095945106,36.57902761382192],[-118.29300469857473,36.57925200919933],[-118.29282513291285,36.57992530931888],[-118.29201721889487,36.58023951259921],[-118.29134399888532,36.58082293561622],[-118.29053607783636,36.581541066125105],[-118.28941406297935,36.58234896900148],[-118.28874074346949,36.583156863724064],[-118.28802264010422,36.58374036268774],[-118.28793289927205,36.584144336874765],[-118.2878430691869,36.58504202712833],[-118.28820221083221,36.58562548600552],[-118.28851639224652,36.58625382872369],[-118.28874074346949,36.58724129911181],[-118.28923449352946,36.588049184822935],[-118.28932423367566,36.58845311607518],[-118.28914475333595,36.58894680341279],[-118.28923449352946,36.59024843643379],[-118.28901005375197,36.59074216217187],[-118.2878430691869,36.590652368999315],[-118.28622727923661,36.590517745827675],[-118.28461147395869,36.59065238580872],[-118.2831303576967,36.59083190772842],[-118.28173897270382,36.591325659385426],[-118.28030270392138,36.591639808860975],[-118.27913574892838,36.591954023458065],[-118.27801365899462,36.592313051844755],[-118.27711601741638,36.59325561810375],[-118.27680181498448,36.59383914001642],[-118.27653248540913,36.59433279845917],[-118.27603878775972,36.59482655273145],[-118.27541046756097,36.59563442266451],[-118.27491667745211,36.59662185270186],[-118.27460256018209,36.5973400145191],[-118.27532063087607,36.59783370619121],[-118.27922549439364,36.601514119685866],[-118.27971927202822,36.60191805677461],[-118.28021295902307,36.6021425024808],[-118.28043732118019,36.602725970163156],[-118.28070664458838,36.6038480467174],[-118.28160435647291,36.60452133820199],[-118.28272642277359,36.60443157330124],[-118.28420754254654,36.60371339499057],[-118.28591309359936,36.6033543448053],[-118.28752888653032,36.603354393762096],[-118.28901005375197,36.603354347363165],[-118.29080538527877,36.60371341633999],[-118.29233139326821,36.60443154728745],[-118.29340860911766,36.60483552228706],[-118.29394721448503,36.605149699889495],[-118.2943062540486,36.605553685782645],[-118.29453068684187,36.6064513002944],[-118.29574258312842,36.60703480779153],[-118.29704420685512,36.60734900477588],[-118.29713394288262,36.60793242647446],[-118.29771740430786,36.60874033757051],[-118.29821112831945,36.60923411114008],[-118.29780722918052,36.61004198527139],[-118.29794183259997,36.61111915016096],[-118.29883954280616,36.61161284147024],[-118.29964742441925,36.61183726274155],[-118.30032070076354,36.61224124480338],[-118.30103875221951,36.61255547269855],[-118.30121830920879,36.61282472164877],[-118.30162228944154,36.613722396256335],[-118.30243015782798,36.61462007198745],[-118.30260971334712,36.615427969400876],[-118.30211600211152,36.61672956987756],[-118.3019364460707,36.618120965164124],[-118.30283413517981,36.61901861472407],[-118.3042255260865,36.619736764990904],[-118.30570663709807,36.6203202535347],[-118.30673899193127,36.620320254993025],[-118.30754683598377,36.62045488710142],[-118.30862404460295,36.62094860918647],[-118.30934223934806,36.621442297008294],[-118.31032961837023,36.62225020433922],[-118.3106438480863,36.623147897678294],[-118.3106438480863,36.62422505283686],[-118.31104780589868,36.62494320620348],[-118.31243912949836,36.62534714815614],[-118.31324703561363,36.62552671362814],[-118.31441402414134,36.625616447608145],[-118.31522192085096,36.62575110008912],[-118.31652348448121,36.625930673538],[-118.31773540221788,36.62642438213606],[-118.31903694655351,36.62673858094568],[-118.32011417139978,36.62682832800522],[-118.32083231749345,36.627052721058426],[-118.32132606346445,36.62741182055544],[-118.32101185354131,36.62804020892272],[-118.32074259399235,36.62911732787919],[-118.32074259399235,36.63014967445178],[-118.32051810665479,36.63091268209595],[-118.32042838298736,36.631541051508506],[-118.3203385700838,36.63243875841109],[-118.32020398442226,36.63311197838971],[-118.32042838298736,36.633919869745235],[-118.32074259399235,36.63513173835882],[-118.32033857008382,36.63724122896001],[-118.31984491042454,36.63782473165853],[-118.31903694655351,36.638318444198454],[-118.31894722210195,36.63845312274901],[-118.31881254614618,36.63894679000901],[-118.31944097356498,36.63944050876071],[-118.32020398442226,36.63975467987155],[-118.32101185354131,36.64002398090434],[-118.32150559898919,36.640652344762856],[-118.32222373918587,36.64141534730425],[-118.32262766941196,36.642223262523856],[-118.3229418763385,36.64334535498596],[-118.32334580485232,36.64442258704169],[-118.32370487143088,36.645230433734305],[-118.32401907635938,36.64563442479004],[-118.32433319151848,36.64572421545731],[-118.32482692728615,36.646352561615764],[-118.32491673781028,36.646711592033746],[-118.32523085130451,36.64711558851043],[-118.32603878563647,36.6473399525422],[-118.32702624578644,36.64751947698815],[-118.32814827963307,36.64801324192009],[-118.3291357274784,36.64882113388077],[-118.33021288809375,36.64962902758671],[-118.33142479706873,36.650436962685326],[-118.33272641456114,36.651244812881274],[-118.33353431311154,36.65182834614931],[-118.33443192409648,36.6523220690808],[-118.33492563040276,36.65263623084774],[-118.33573360762799,36.65281571222403],[-118.33604779022392,36.653129914618475],[-118.33622731013368,36.652950380333294],[-118.33640682985288,36.653040142786644],[-118.33681081540904,36.65353389415512],[-118.33681081540905,36.65402761138221],[-118.33681081540904,36.65465593287079],[-118.33757374797081,36.65479062409766],[-118.33770840900057,36.65483550026471],[-118.33793287353821,36.65483550443033],[-118.33811239144619,36.65523941369228],[-118.33824705204684,36.6554189690095],[-118.33793287353821,36.65604732851242],[-118.33770840900057,36.65685524980073],[-118.33761869444564,36.65784269059867],[-118.33752889066356,36.6589198757434],[-118.33681081540901,36.659548253167266],[-118.33613750561248,36.659727768344624],[-118.33591312787136,36.660445905672],[-118.33564380284453,36.66161285810002],[-118.33492563040276,36.66183730133416],[-118.33371383568964,36.66215148377912],[-118.33281613171171,36.662645166431965],[-118.33182870534309,36.66322870378111],[-118.33084127321123,36.66394682924644],[-118.32994364317443,36.664844481698324],[-118.32953964121664,36.66542799753631],[-118.32936011420932,36.66655004402705],[-118.32931525472374,36.666729565554014],[-118.33012316956273,36.6676272202361],[-118.33124527206142,36.668120954143696],[-118.33124527206147,36.669422570730134],[-118.33214289519306,36.67045490627665],[-118.33344450716021,36.67144234860453],[-118.33990773839527,36.67274390420705],[-118.34192743632374,36.672609274775176],[-118.34358817567367,36.67265418731897],[-118.34533860919602,36.67251949516402],[-118.34632604580771,36.672339939028895],[-118.34690951620334,36.67211557938594],[-118.34753783924347,36.672340005768525],[-118.34771743611748,36.67323760495788],[-118.34753783924347,36.674539279671926],[-118.34753783924347,36.67602045458136],[-118.34821110360083,36.67723227842342],[-118.34883951096907,36.67772597946508],[-118.34924346679017,36.67853384027867],[-118.34982692710008,36.67925202756812],[-118.35023088055729,36.67965597459288],[-118.35112858116806,36.68082292568311],[-118.35144273512581,36.681630831920934],[-118.35202618783,36.68293244448607],[-118.35332782492782,36.68391986662978],[-118.35444986246371,36.6840545378667],[-118.35561683421616,36.68391985478095],[-118.3564248015972,36.68441356863296],[-118.35781610860569,36.68553569582328],[-118.35911779016963,36.68562542220675],[-118.35992565159911,36.685625427927604],[-118.36104773438072,36.68602942137212],[-118.36113752564712,36.68652311937805],[-118.36212495891914,36.68701682588009],[-118.36342651802384,36.6874207785517],[-118.36423444795331,36.687914512856686],[-118.36504237400595,36.68894678733154],[-118.36562586879023,36.689844468087635],[-118.36611957299002,36.69042791732422],[-118.36620936155198,36.69083188451983],[-118.36643369900086,36.69123588380528],[-118.36634399972293,36.69163977210405],[-118.36625421123281,36.691729577719606],[-118.36571556845087,36.69222331966654],[-118.36481794553774,36.69303116314703],[-118.36454866664704,36.6938390748152],[-118.36392031783878,36.694243002944965],[-118.36243909238276,36.694646978588835],[-118.36104773438072,36.6951406949232],[-118.35884850216571,36.69563436046998],[-118.35682873925077,36.69554462316953],[-118.3557066283764,36.69505092560815],[-118.3541357141072,36.69473672603458],[-118.35171203495884,36.69482650423147],[-118.34991672434292,36.69532019943517],[-118.34821110360083,36.69594860870189],[-118.34673000764444,36.69653205538576],[-118.3462362466544,36.697025773868745],[-118.34574257339546,36.6978336615587],[-118.3448448441367,36.69873136588936],[-118.34394719928132,36.69931484653021],[-118.34340857440722,36.70003298633516],[-118.34291489288138,36.700616419347256],[-118.34242120991264,36.7011550081916],[-118.34174792246873,36.701828331136845],[-118.34134394871434,36.70214247511375],[-118.33981793582944,36.70214246644563],[-118.33874074721206,36.70241175686194],[-118.33784306992305,36.702950351016774],[-118.33734937213589,36.7033543221672],[-118.33654149181218,36.70384803699192],[-118.33550914017025,36.70443156091012],[-118.3350154355676,36.70514963187691],[-118.33474610911094,36.705329203622945],[-118.33474610911094,36.70555363184824],[-118.33492563040276,36.706541060071395],[-118.3350154355676,36.707124548951974],[-118.33492563040276,36.70824660899647],[-118.33550914017025,36.709054546758026],[-118.3359131278714,36.70981751681149],[-118.33573360762799,36.71152309927857],[-118.33564380284453,36.71291448641578],[-118.33573360762799,36.71394680176767],[-118.3358233231833,36.715023959497735],[-118.33604779022392,36.71632558448836],[-118.33640682985288,36.717537423612384],[-118.33672101119774,36.71874931951324],[-118.33694538786668,36.71991624548644],[-118.33743917601332,36.72103835616605],[-118.33784306992305,36.72171160016795],[-118.33865094402611,36.723013203422475],[-118.33883055035028,36.72471879648847],[-118.3391447271902,36.72624478330838],[-118.33901006730478,36.72781573214219],[-118.33963841973308,36.72902759992971],[-118.34111957788515,36.72974570426692],[-118.34242120991264,36.730418939897156],[-118.34340857440722,36.73145126489792],[-118.34471018879505,36.73284263913902],[-118.34583228363617,36.733919834519156],[-118.34664020870598,36.73481748689675],[-118.34753783924347,36.73593962949438],[-118.34821110360083,36.73661282871407],[-118.34892921956384,36.737330963252646],[-118.3493331751702,36.738542846724215],[-118.34973712980945,36.73921607454745],[-118.35032067758515,36.73975464559536],[-118.35094898792455,36.74074212020318],[-118.35130808504807,36.7410562806219],[-118.35243013602103,36.74114605520044],[-118.35341762030706,36.74155003155985],[-118.35444986246371,36.74213347331211],[-118.3557066283764,36.74213346019098],[-118.35673894568826,36.74222329171748],[-118.35781610860569,36.74285166810059],[-118.35795084265509,36.74294140274866],[-118.35844448018445,36.7432555886809],[-118.35934222623348,36.74361462432005],[-118.35992565159911,36.743928798466385],[-118.36015008658686,36.74415321225131],[-118.36059895566532,36.74478157867754],[-118.36064380684046,36.74482651498649],[-118.36113752564712,36.745320187462546],[-118.36113752564712,36.74554461492434],[-118.3618107357029,36.7471155312622],[-118.36194537739115,36.74742969342198],[-118.36212495891914,36.74765411150206],[-118.36212495891914,36.74774387930763],[-118.3623493909766,36.74783369298761],[-118.36252888290747,36.74774386977725],[-118.36284310478385,36.74774391303758],[-118.36311238640208,36.747833697180695],[-118.36342651802384,36.74792345256333],[-118.36365094834674,36.747923419567556],[-118.36392031783878,36.747833644196234],[-118.36432423752068,36.747833702280204],[-118.36481794553774,36.747743912839844],[-118.36522186306618,36.74774389152706],[-118.3656258687902,36.74774392105577],[-118.36611957299002,36.74774389116304],[-118.36652348739526,36.74783370515885],[-118.36701718896225,36.74801319998043],[-118.3675109782447,36.74855179967725],[-118.36773531395865,36.748641542698984],[-118.36840858679588,36.749045492890744],[-118.3690818569392,36.74994319781883],[-118.36921649281206,36.75003291896617],[-118.36921649281206,36.750122755835456],[-118.36935112857712,36.75034711767308],[-118.36935112857712,36.750526639059984],[-118.36935112857712,36.7511550362984],[-118.36935112857712,36.75182830795247],[-118.36935112857712,36.7521424640565],[-118.36935112857712,36.752636211023685],[-118.36962048894667,36.753623585116806],[-118.3697101864781,36.75384806377947],[-118.36962048894667,36.75452129953286],[-118.3697101864781,36.75555357008904],[-118.37024881647386,36.75622681988962],[-118.37092207925285,36.75703471199658],[-118.37123628545982,36.757618246010736],[-118.37155040191828,36.75824659493088],[-118.37164018758219,36.75891985476759],[-118.37164018758219,36.75954817474864],[-118.37164018758219,36.76004194302057],[-118.37164018758219,36.76071520324675],[-118.37172997319814,36.76125374395202],[-118.37222365948728,36.76192703971882],[-118.37303154718015,36.762824664239766],[-118.37473718409132,36.76412628604017],[-118.3746474000811,36.76435073830291],[-118.37361510341825,36.76524838628815],[-118.37285206645099,36.76574207327859],[-118.37271743348815,36.765921613363844],[-118.37204417789586,36.76704368197587],[-118.37343553415134,36.76834534658633],[-118.37491666280818,36.769826466770105],[-118.37581432099589,36.770813931466776],[-118.37594904063792,36.771038325768664],[-118.37644271453853,36.77211556254782],[-118.37648756149069,36.773147881551445],[-118.37653249758978,36.77395576431781],[-118.37653249758978,36.77602034370045],[-118.3764427145385,36.77732200962916],[-118.37603873479375,36.77781574057266],[-118.37603873479375,36.77853384064173],[-118.3771159525161,36.77983546916708],[-118.37783412354776,36.780149627798515],[-118.37841757395482,36.78032914599284],[-118.37904595776286,36.781047290041876],[-118.38021293729103,36.78221426254733],[-118.38003337507372,36.782842661932335],[-118.37962940396164,36.78365053496772],[-118.37882154798088,36.784323773003514],[-118.37814831683654,36.78481749164034],[-118.3774301471477,36.78522148253266],[-118.3768466933122,36.78553565026307],[-118.37693647614768,36.786747445948286],[-118.37693647614768,36.78733096409419],[-118.37653249758978,36.78773494259451],[-118.37594904063792,36.78827353885567],[-118.37594904063792,36.79150510289045],[-118.37572462672026,36.79181928226386],[-118.37536549250122,36.7924925527009],[-118.37509623049309,36.792986266068866],[-118.37505129400995,36.79330046289305],[-118.3746474000811,36.79379418064743],[-118.37397415221636,36.79410836908752],[-118.37330090165568,36.794377624646884],[-118.37280712936808,36.79455719417971],[-118.37280712936811,36.79491624937997],[-118.37307648420308,36.795320194835064],[-118.37334574944605,36.79563437784467],[-118.37348038190578,36.7961281277021],[-118.37379458333297,36.79698083884658],[-118.37379458333297,36.79747458694667],[-118.37379458333297,36.797788774875976],[-118.37392921543332,36.79873131991669],[-118.37401899982709,36.799404569092005],[-118.37397415221636,36.799763645708815],[-118.37401899982709,36.80016755283668],[-118.37424341602171,36.80052667603317],[-118.374602463478,36.800840857173995],[-118.37469224751223,36.80119991232739],[-118.37482687889378,36.80146921965454],[-118.37518601426355,36.801738519628024],[-118.37536549250125,36.802052699304596],[-118.37550012334354,36.80245662148261],[-118.37572462672031,36.802815700936044],[-118.37594904063792,36.802636171644565],[-118.3772505819563,36.80330940876337],[-118.37819316333356,36.804162216872385],[-118.37850735595097,36.80470078497001],[-118.37859713789918,36.80519449659531],[-118.37855220235214,36.805688251141866],[-118.37859713789918,36.806406383690884],[-118.37891132976114,36.807079614414455],[-118.37940499495903,36.808022200233964],[-118.37931521344252,36.8086505180274],[-118.37958455784802,36.80891980380624],[-118.38061681784303,36.80927887908327],[-118.38146959996848,36.80959310275217],[-118.38308546088275,36.809997033998016],[-118.38389338550869,36.810176526696694],[-118.38438703606188,36.810984487592904],[-118.38447681486687,36.81269002795102],[-118.38447681486687,36.81439558751131],[-118.384701217092,36.81533815670734],[-118.38604771329678,36.81663977666502],[-118.38716980007432,36.817941367998415],[-118.38865098592474,36.81897370929632],[-118.39013215869815,36.81987134092286],[-118.3911195107963,36.82094853421774],[-118.3918825539121,36.82229501345699],[-118.39228649553235,36.82350686555045],[-118.3921967209063,36.8243148060313],[-118.39179277906982,36.8248085222677],[-118.39116444297925,36.825212477397415],[-118.39094004939797,36.82561638475205],[-118.39147861131883,36.82642428142215],[-118.3921967209063,36.82727707030052],[-118.39278021054119,36.82799526226578],[-118.39372279386168,36.82965587860956],[-118.39367786236433,36.830912635980354],[-118.39300469081014,36.83181027550642],[-118.3923762701103,36.83257331172915],[-118.3912990611537,36.833201692630055],[-118.39080534178403,36.83378517492943],[-118.39067072321329,36.83387496627966],[-118.38977305529275,36.834458431382096],[-118.38856120935276,36.834637912609914],[-118.38721473331519,36.83486234180654],[-118.38577846841238,36.83495211984488],[-118.384701217092,36.83477258253734],[-118.38339964434864,36.83463795742037],[-118.38227753236922,36.834548178084944],[-118.38048219110028,36.834637970555654],[-118.37953962256508,36.83468281142088],[-118.3781033811695,36.834593059201225],[-118.37698132296809,36.83454816939436],[-118.37594904063792,36.83450327927786],[-118.37392921543332,36.835356063437],[-118.37150555364917,36.836074190860614],[-118.36939606658333,36.837330908582565],[-118.36818416281612,36.838856981211684],[-118.36647863778619,36.839979027868324],[-118.36495258482157,36.84128065562855],[-118.36333681714366,36.84249248327198],[-118.36216980968791,36.844018541978066],[-118.36154145200346,36.845275318447996],[-118.361676093907,36.84635248728393],[-118.3620800189718,36.847833681976454],[-118.3629777456468,36.849808472131414],[-118.36311238640208,36.85164868745129],[-118.36297774564677,36.85398265310297],[-118.36288795536139,36.85541887703711],[-118.36230445108919,36.857887474453136],[-118.3623493909766,36.860041867962195],[-118.36221474961131,36.861343516158584],[-118.36266352402161,36.86147815221336],[-118.3632918775197,36.861612808397496],[-118.36486279558927,36.86161279885175],[-118.36553607991704,36.86228605485624],[-118.36638884936788,36.86358765181014],[-118.3665684261566,36.864979031023346],[-118.36652348739526,36.86614600988877],[-118.36625421123281,36.86690900261729],[-118.36616442269477,36.868569705853965],[-118.36616442269477,36.86888391858419],[-118.36652348739526,36.869018546591576],[-118.36697233948472,36.86942249820748],[-118.36809446447111,36.86982642304408],[-118.36899206990986,36.86982643667551],[-118.36984491101056,36.87009572140858],[-118.3702039678577,36.87067925710667],[-118.3701590300673,36.871666663374455],[-118.37002439494874,36.87233992097744],[-118.36957555100035,36.87314781726404],[-118.36899206990984,36.87377616179193],[-118.36863301047632,36.874359628713975],[-118.36858816142941,36.87494310148668],[-118.36813931364956,36.87682823393552],[-118.36782510165867,36.87862357379706],[-118.36782510165867,36.8798354336736],[-118.36715191565088,36.88145123411253],[-118.36553607991704,36.88194493706818],[-118.36378558856377,36.88288748229169],[-118.36243909238276,36.88365049769937],[-118.36082330058886,36.88584976008758],[-118.36082330058886,36.88773487715703],[-118.36154145200346,36.88831840099623],[-118.36284310478385,36.88881209931172],[-118.36504237400595,36.89065227671928],[-118.36634399972293,36.89271691868963],[-118.36661327574176,36.89505082039958],[-118.36804952611726,36.8963524610005],[-118.36881258487037,36.897654079241356],[-118.36921649281206,36.898417135635576],[-118.36984491101056,36.90043681772793],[-118.36921649281206,36.90142429592586],[-118.36903700801194,36.901917996134145],[-118.36813931364956,36.903444035494175],[-118.36724161449827,36.90591260757123],[-118.36742119037713,36.907034727393665],[-118.36944091541487,36.9076182075205],[-118.37101186525211,36.90865046497347],[-118.37181975876616,36.91013166832232],[-118.37271743348815,36.911837174260604],[-118.37352531880876,36.91354279236162],[-118.37442298442573,36.91524832017807],[-118.37541042890032,36.91672946893578],[-118.37594904063792,36.91722318384547],[-118.37621830127998,36.91753740889211],[-118.37734036457603,36.91852479423089],[-118.3815145347351,36.92593053922962],[-118.3814247543462,36.92602035504634],[-118.3814247543462,36.9262447538707],[-118.3815145347351,36.92732192295105],[-118.38263665181321,36.929431469673354],[-118.38295083611895,36.930553555358],[-118.38304052653648,36.93131659992179],[-118.38295083611895,36.93284258185251],[-118.38304052653648,36.934637929503324],[-118.3840280095167,36.93683715956635],[-118.38541935568905,36.93921598261063],[-118.38613749121355,36.94114597083108],[-118.38721473331519,36.943345296135604],[-118.38842658898105,36.94554451603988],[-118.39022184527775,36.9483273147472],[-118.39224165280062,36.95102028138828],[-118.39313930750721,36.95263613904783],[-118.39484482929338,36.95474566681528],[-118.39664019516826,36.957348893930465],[-118.39771736980138,36.957528400468085],[-118.39982694673503,36.95721422597036],[-118.40193640795334,36.95685513172482],[-118.40364201847196,36.956944875514786],[-118.40471914807041,36.95752839874786],[-118.40332778379398,36.95954816385116],[-118.40301363767092,36.96201673009205],[-118.40341755245579,36.965517646991536],[-118.40453961209472,36.96623575839637],[-118.40485384449777,36.96803107437289],[-118.4037317869653,36.96964687883698],[-118.4044498440346,36.97202572943667],[-118.40741216459361,36.97301315031998],[-118.40952170849815,36.97525729544726],[-118.40871381827961,36.97781562105757],[-118.40911771930585,36.98055355752153],[-118.41113747722773,36.9829323734673],[-118.41405493159608,36.98423392049376],[-118.41463843418737,36.98445839129652],[-118.41715185766947,36.98544578308577],[-118.41953064798024,36.98742070080585],[-118.42011413144745,36.98944043913678],[-118.41975509236609,36.99172944052692],[-118.41894716247454,36.99482641529098],[-118.4175109023466,36.99554451927474],[-118.41634391518696,36.99581382769098],[-118.41333673747987,36.99684616820941],[-118.41252886569305,36.997339873904444],[-118.41221473684716,36.998327328674996],[-118.41225957422988,36.99837215909628],[-118.41414469450125,36.999943069626546],[-118.41531160788158,37.00007779469729],[-118.41656836385457,37.00137939492736],[-118.41715185766947,37.00263613005692],[-118.41760066339535,37.00434163596987],[-118.41876764177593,37.00501489879234],[-118.42015905584617,37.00604720624811],[-118.42110157407593,37.007573254098006],[-118.4233008814328,37.008111838088844],[-118.42433322848791,37.00797718393231],[-118.42496152914305,37.00909933471158],[-118.4260836224135,37.01017652258303],[-118.42734038643961,37.0105804467511],[-118.42796876490225,37.011253715515146],[-118.42796876490225,37.011971805480954],[-118.42630805798855,37.01304902667929],[-118.42541040300986,37.01367736819158],[-118.42500645223733,37.014305724419735],[-118.42437806261786,37.015562464219705],[-118.42312136541511,37.0169538563579],[-118.42307644181341,37.018390115894725],[-118.42343556288635,37.02018548664992],[-118.42343556288635,37.0224744869057],[-118.42258272706924,37.024359602335565],[-118.4227622436662,37.02579590555126],[-118.42397410934646,37.02655889503287],[-118.4250962092565,37.02799516021098],[-118.42590410938915,37.02952119456375],[-118.42819310880972,37.03082279731144],[-118.42873172904503,37.031810267971984],[-118.42873172904503,37.03306694969636],[-118.42949477882827,37.0339646056443],[-118.43111053257327,37.034278860446975],[-118.4324121798178,37.03427883326248],[-118.43263660687612,37.034458363776594],[-118.43281611265364,37.0346379039897],[-118.43447684387907,37.03567018723529],[-118.43739424679032,37.03746555592251],[-118.43923443124483,37.03899159288066],[-118.43977301579662,37.040293218244024],[-118.43950376830115,37.04177428385201],[-118.43941392991384,37.04276178590894],[-118.44053601502333,37.04388386563581],[-118.44174792974712,37.045005938496494],[-118.44170301116498,37.04572404265386],[-118.44026676876163,37.04630751671647],[-118.43914468183779,37.046890996557245],[-118.4385611758241,37.047878439058984],[-118.4360027982316,37.04918006570019],[-118.4349705234153,37.04971863607181],[-118.43492560300525,37.05088561680554],[-118.43627214051358,37.052546342035974],[-118.4377532479015,37.054521186376704],[-118.43824700685491,37.05586764355397],[-118.43734932703379,37.056899973984606],[-118.43649656237356,37.05698974267609],[-118.43604771835123,37.05725905996443],[-118.43663123316988,37.058425990469956],[-118.43712490632261,37.05981738581789],[-118.4412990998779,37.06385692949386],[-118.44390231409761,37.06515851943491],[-118.44569759823146,37.06578685990409],[-118.44789693748736,37.068704316517056],[-118.44897413789865,37.06915312742117],[-118.45023081833273,37.068973594150684],[-118.45211595485158,37.06771687692064],[-118.45310338605037,37.06731293685222],[-118.45507823084678,37.06744756454601],[-118.45732236037034,37.06771691432544],[-118.4594768102536,37.06695385475934],[-118.46109262932094,37.0668192274272],[-118.46436904362425,37.06677435520907],[-118.46733136834544,37.066729457251895],[-118.46845344317663,37.06785149535779],[-118.46988970926716,37.06982635093181],[-118.4703385510074,37.07166661380546],[-118.4711464987207,37.07265403284065],[-118.47523082041373,37.07431471024027],[-118.477340306938,37.07413519508915],[-118.47909076650679,37.07418005087993],[-118.48070657262157,37.07507772966635],[-118.48214282158209,37.07624466783743],[-118.48537444754163,37.07682819367976],[-118.48658630213875,37.07741164388712],[-118.48847138173943,37.07988022255484],[-118.49040134525714,37.08221416462941],[-118.49138881568378,37.08459297135037],[-118.49174787817661,37.08634342468299],[-118.4926455309956,37.08746552997879],[-118.49381251691801,37.08768996562386],[-118.49520392614379,37.08813879372389],[-118.49619136786798,37.08912622494002],[-118.49758266795965,37.091011272137955],[-118.49803152367215,37.09195384565003],[-118.4987945221269,37.09204365929775],[-118.50094896696513,37.09222315072714],[-118.50157733398802,37.092537289181],[-118.5022056986183,37.09347987774294],[-118.50260963968194,37.09487125018681],[-118.50310338367956,37.09523030703344],[-118.50718771775998,37.09491615993707],[-118.50857910331267,37.09437757867567],[-118.51010517730559,37.09352472561724],[-118.51064370967643,37.09325549772673],[-118.51154143789049,37.09294125546159],[-118.5118555569779,37.09280662247533],[-118.51333679056063,37.09325547785501],[-118.51513203458104,37.09424287210452],[-118.51665813696432,37.09594842125085],[-118.51760064132431,37.097294962371464],[-118.51854322937177,37.09778869767234],[-118.52069759426236,37.0979681718732],[-118.52213385154906,37.09837214633603],[-118.52374968168563,37.09958401050269],[-118.52478202661803,37.101020255167576],[-118.52523080825164,37.102770709440385],[-118.52608356124466,37.10384792670086],[-118.5271158915268,37.104745612049285],[-118.52882146261453,37.104745602298706],[-118.52976398636869,37.105059757857774],[-118.53025773803131,37.10613698606574],[-118.53115544833081,37.10757322331625],[-118.53200817058969,37.108515775273936],[-118.53232233968271,37.10954808574893],[-118.53178378917704,37.11008667537517],[-118.53106565970631,37.11049065392454],[-118.5308411879305,37.11084970229953],[-118.53093097667762,37.111163868318364],[-118.5310207653757,37.111119009433125],[-118.53124514783026,37.11125363391859],[-118.53295076514142,37.11084973799974],[-118.53366888637238,37.110804845580745],[-118.53434211104087,37.11080480310023],[-118.53515001263013,37.11134344727296],[-118.5367209111124,37.113093854842965],[-118.5379776368916,37.11358760943606],[-118.54058093212802,37.113452951962344],[-118.5415683689251,37.11349784736299],[-118.54273527534302,37.11385692762181],[-118.54367780830425,37.11381204350841],[-118.54435108099018,37.113722278254734],[-118.54466531552985,37.11475451480112],[-118.54488967933531,37.11506875912676],[-118.54506924141343,37.11538291477553],[-118.5461913218114,37.115427783924204],[-118.54794176258697,37.11488921133502],[-118.54982685230304,37.114126204745894],[-118.55099378901387,37.113856884696524],[-118.55229547208174,37.11426079443638],[-118.55332772656632,37.11435060670651],[-118.55664915493908,37.113946666376684],[-118.55759169693863,37.113856853986384],[-118.55848934669943,37.114485252007924],[-118.55938699153728,37.1145301092852],[-118.56064372166267,37.11430575984115],[-118.56315715295528,37.11318367139762],[-118.56409974652718,37.11322852033239],[-118.56643367531346,37.11444037911671],[-118.56840849840887,37.115293170458756],[-118.56849826657614,37.115786855376854],[-118.56769044035212,37.11708850275329],[-118.56769044035212,37.11798612466493],[-118.56809439849114,37.11978148803604],[-118.56849826657614,37.12144217061323],[-118.56858803469407,37.12229492646844],[-118.56903687454425,37.12260917143647],[-118.5725377830645,37.12305800434232],[-118.57410867916904,37.12296817346155],[-118.57469224006896,37.12323751002634],[-118.57563476711064,37.123731228380635],[-118.57630799738071,37.12373123050842],[-118.5776545386429,37.123237468340854],[-118.57998845187943,37.122609113707554],[-118.58191840879141,37.12225005588223],[-118.58308538361084,37.12238472132372],[-118.58420747033429,37.12301304157765],[-118.58532954933693,37.124090284876736],[-118.58604770790285,37.12494306847884],[-118.58618234558566,37.12530210033921],[-118.58636186232307,37.12606512886072],[-118.58654137886283,37.126693521263206],[-118.58658625796689,37.127232139489294],[-118.58654137886283,37.12786047532521],[-118.58640674147655,37.128264456222034],[-118.58672089520493,37.12839905075986],[-118.58716977424078,37.1285337356823],[-118.58757368417538,37.1288928224432],[-118.5880225608628,37.129206944641425],[-118.58815719691447,37.12988023345409],[-118.58847134726918,37.1306432340513],[-118.58851622584181,37.1312267128479],[-118.58883046454908,37.13198974611304],[-118.58927924873065,37.132573239864044],[-118.58986275536303,37.133291344958984],[-118.58990763355251,37.13387487198647],[-118.58986275536303,37.13450321804229],[-118.58981787716117,37.13481737147737],[-118.58936900541867,37.13495202438116],[-118.5890997352063,37.13508672022417],[-118.58945876205723,37.13513159946961],[-118.5900871461868,37.135266228962664],[-118.59040138186471,37.13535601470064],[-118.59049113793459,37.13589458860706],[-118.5908950396372,37.136433174471044],[-118.59107464022695,37.13656781889225],[-118.59116439592596,37.13665759911126],[-118.5915682959594,37.13692688984803],[-118.59201716164273,37.137465467820455],[-118.59233130455524,37.137869433800525],[-118.59264553590438,37.13813877086353],[-118.59318415320526,37.13813876820296],[-118.5938574000659,37.137914326264415],[-118.5945755210467,37.137555237512274],[-118.59542826890286,37.1371513490766],[-118.59646060694276,37.136657624291],[-118.59731334492498,37.136433214926576],[-118.59803153970142,37.136567815628254],[-118.59883939373772,37.13661271137083],[-118.59964733280236,37.136478087150564],[-118.60009617621171,37.1366127369722],[-118.6008142696684,37.13697178871903],[-118.60144260997264,37.13724106673858],[-118.60260962299809,37.13773478149691],[-118.6035970410752,37.1383632006612],[-118.60395612499043,37.13858754172369],[-118.60471916454792,37.13863247250151],[-118.60512303094387,37.13867737875184],[-118.60588606502522,37.13867733578813],[-118.60629001755754,37.138946652497594],[-118.60660422195201,37.13935057561487],[-118.60700817269976,37.14002386776199],[-118.60736724908104,37.140382917521926],[-118.60817514577997,37.14024828875574],[-118.60862396565139,37.14024828898339],[-118.60898303846275,37.140472668960015],[-118.60956647444318,37.140427776377166],[-118.61037444924135,37.140427764121476],[-118.61091300784194,37.14078688489231],[-118.61167601473865,37.14110105527273],[-118.61243901805135,37.14137033041271],[-118.61302253065142,37.142043615338906],[-118.61324697856196,37.142761693633815],[-118.61342646544213,37.14303100670325],[-118.61365091279441,37.14298613300145],[-118.61454852104022,37.142761721985295],[-118.6152217684833,37.14244758333041],[-118.61683756876164,37.14172940217929],[-118.61769037790671,37.141639648645594],[-118.61804943067234,37.14154986815495],[-118.61921641344519,37.141325493390056],[-118.62020381961028,37.14096640592271],[-118.62042825759116,37.14092151910295],[-118.6207424346319,37.14078690383406],[-118.6219542673788,37.140562444724885],[-118.62303148400903,37.140562481193854],[-118.62383939178619,37.14029313228802],[-118.62455755832839,37.13975452546121],[-118.62518589580304,37.139754566414815],[-118.62563475766508,37.13984430074961],[-118.62594892461937,37.13984431790887],[-118.62653238863679,37.13970968748761],[-118.62734027896835,37.13917109876631],[-118.62855215142629,37.13777968642306],[-118.62949472251927,37.13742063497093],[-118.63034746510317,37.137600156062454],[-118.63111046961721,37.137734831424034],[-118.63227744740142,37.13836319634933],[-118.63277115596895,37.13858755365874],[-118.63335468443937,37.138856864850474],[-118.63443182529171,37.1388568540517],[-118.63461137774362,37.13885688081472],[-118.63568859925456,37.13881202721919],[-118.63676581359736,37.13876708638252],[-118.63874067310248,37.13773475796162],[-118.63990759588528,37.13724108913543],[-118.6412990083348,37.13724108534982],[-118.64354317089872,37.138004067035865],[-118.64551803667666,37.13953015509749],[-118.64650546051902,37.14078686747635],[-118.6477622296929,37.14087661821801],[-118.64924338713328,37.14006869805632],[-118.65103864924386,37.14015849556193],[-118.65323799393079,37.141235716903154],[-118.65458443133548,37.141819200993965],[-118.65462938062875,37.14289634631234],[-118.65516797009836,37.145364969458605],[-118.65588608659608,37.14626258726355],[-118.65669400834099,37.147205175753584],[-118.65723259092186,37.147384722928614],[-118.6589829941477,37.14792330687876],[-118.66086813208382,37.14841699446708],[-118.66149650650044,37.149224910819285],[-118.66154136486372,37.15043674518851],[-118.6618106927907,37.150840691104186],[-118.66387531761342,37.15218723984227],[-118.66598477312643,37.15357861508421],[-118.66719662285294,37.15465582604984],[-118.66746594133282,37.155463688909244],[-118.66683759018086,37.15658579487726],[-118.66701710661685,37.157528332266175],[-118.6671069092607,37.1579322566466],[-118.66746594133282,37.15914416907183],[-118.66737622789051,37.15999687904445],[-118.66733128214915,37.1601764206672],[-118.66656827065094,37.16093943553413],[-118.66652341368616,37.16138832543353],[-118.6671069092607,37.16179220377988],[-118.6690817537595,37.163363158340715],[-118.67051803764633,37.165023851619154],[-118.67078735057443,37.165966346742174],[-118.67123617478757,37.1666396304143],[-118.67190936426282,37.16677427474988],[-118.67262749520053,37.16735777897078],[-118.67226847463134,37.168479846920185],[-118.67217867486455,37.16856960240469],[-118.67199916417974,37.168704237667974],[-118.67024872426794,37.17009568435142],[-118.66993455442416,37.17036493468944],[-118.66692739292469,37.172788615063325],[-118.66683759018086,37.173865830028284],[-118.6671069092607,37.17485330605871],[-118.66665807354487,37.17579579728549],[-118.6645485378393,37.177725840474544],[-118.66423435688327,37.17812976353776],[-118.66508718319818,37.17970070166431],[-118.66571554117395,37.18023925551616],[-118.66715176606306,37.182438580172196],[-118.66733128214915,37.18351574466462],[-118.6662540936313,37.18535593951867],[-118.66593991599929,37.18607411632219],[-118.66656827065097,37.187779694670624],[-118.66674778738695,37.18854266590634],[-118.66643361071725,37.18948524851521],[-118.66674778738695,37.190023848348766],[-118.66939592526633,37.19038289529701],[-118.67101171833758,37.1923577842508],[-118.6712810304403,37.19298609770736],[-118.6712810304403,37.193973569953926],[-118.67181965329483,37.19446725887002],[-118.67244798501598,37.19410817863821],[-118.67307640328394,37.19428771044083],[-118.67374958506669,37.19482637582813],[-118.67433314346478,37.1963972312701],[-118.6746473047279,37.1973398234647],[-118.67558987383576,37.198192585173246],[-118.67666699991875,37.19891074666491],[-118.67702609967532,37.199718586510066],[-118.67738519863065,37.20021236689987],[-118.67850725533272,37.20070603751679],[-118.67971909982049,37.2015588505855],[-118.6799435441295,37.20218718964239],[-118.6799435441295,37.20295019179062],[-118.68012304595459,37.20344392993086],[-118.68066163922227,37.203623496522],[-118.68133487827082,37.20443137100631],[-118.68160417310123,37.20519442602139],[-118.6808860822162,37.20613689789625],[-118.68016789913098,37.206810198000014],[-118.67998839735591,37.208111805346505],[-118.67904585400969,37.20963784800281],[-118.67590403264637,37.21313873077212],[-118.67558987383576,37.213767111231576],[-118.67563472827571,37.21412612416585],[-118.67599374133866,37.2142159492947],[-118.67657729160173,37.21412611563058],[-118.67734025568257,37.21394666680923],[-118.67846240169334,37.214036348548134],[-118.67909070748641,37.21444037039244],[-118.67877655489656,37.21533797451142],[-118.67868675876029,37.21892869723503],[-118.67913564994558,37.21996094436928],[-118.67958445088371,37.22049958724597],[-118.68012304595459,37.22157677685303],[-118.68079628725741,37.22292332138006],[-118.68178376206664,37.22305790263986],[-118.68308537560102,37.223506723949825],[-118.6842523335708,37.224180022600386],[-118.68452162351544,37.22462881648708],[-118.68483576488352,37.22534698232255],[-118.68532949064303,37.22615487414591],[-118.68595785859904,37.22678321339889],[-118.68640672948834,37.22759111080017],[-118.68613744270162,37.228533716841206],[-118.68510505385092,37.22979041555683],[-118.68393810207041,37.23181019585133],[-118.68290578808914,37.2329771328053],[-118.68245699641818,37.23369528504239],[-118.68223255561641,37.23396460098254],[-118.68254670145672,37.235131520170945],[-118.68366881114835,37.23643311930784],[-118.68456647546508,37.237600109438574],[-118.68447668256132,37.238318247252224],[-118.68429718559551,37.23908126348391],[-118.68461141639408,37.24146003776408],[-118.68461141639408,37.24280657054358],[-118.6837586045033,37.2443775037647],[-118.68227740820451,37.24549956295212],[-118.68030254757943,37.246397265160354],[-118.67958445088371,37.24707050185893],[-118.67877655489656,37.24801302415393],[-118.67801350862983,37.24886581866498],[-118.67711589673827,37.24922484815605],[-118.67626304510861,37.24904540301967],[-118.67536542345448,37.24882093369486],[-118.67482681246052,37.24895558417175],[-118.6746473047279,37.249449338020504],[-118.67424334484943,37.249943022398256],[-118.67419849002181,37.25084068034943],[-118.67348027709208,37.25187298560404],[-118.67339056699917,37.251962738427466],[-118.67330076785815,37.25205251460392],[-118.67177479779208,37.25389273698782],[-118.66899195221625,37.25712433161617],[-118.66751088703666,37.259323608094824],[-118.66737622789051,37.25941341332703],[-118.66724156863188,37.259458269665245],[-118.66616437951441,37.259952012884426],[-118.66517689791456,37.26102918097991],[-118.66531155889817,37.26192688550296],[-118.66733128214915,37.26394663021318],[-118.66926126769549,37.26475452512424],[-118.67110151875501,37.26668452231722],[-118.6717298532778,37.26789634236713],[-118.67181965329483,37.269242845737764],[-118.6722236192536,37.269556992303976],[-118.6745575062878,37.27072399748462],[-118.67554493038638,37.271217740693196],[-118.67572452611492,37.2723397926214],[-118.67599374133866,37.27310278062054],[-118.67648749423822,37.274090225272246],[-118.67644264003592,37.27503274848825],[-118.67648749423822,37.275481619664085],[-118.67756470330988,37.27624462562658],[-118.67805845138987,37.27750138563084],[-118.67859705156918,37.27799508610422],[-118.68007819276573,37.27826436885694],[-118.68111043590312,37.27907227410983],[-118.68209790878365,37.280463692116086],[-118.68209790878367,37.281989712492056],[-118.68259164295029,37.28391964747197],[-118.68313022795128,37.28481730619513],[-118.6842523335708,37.28567012705302],[-118.6851499946294,37.28701659772361],[-118.68501535023974,37.289305629719834],[-118.68523978715703,37.290472626139106],[-118.68622714568664,37.2909214973551],[-118.68645158091196,37.291101026306436],[-118.68748387212341,37.291819112103106],[-118.68833666424916,37.292851426634975],[-118.68963831371143,37.29334518499664],[-118.69026666481875,37.29428770222626],[-118.6903564544874,37.295679061878175],[-118.69071552367146,37.296442097416175],[-118.69120923136538,37.296980699857386],[-118.69210685356057,37.29769881775833],[-118.69286992191854,37.29958390263034],[-118.69354310982672,37.3003469984897],[-118.69488965514802,37.30178325504811],[-118.69520386522844,37.30312967963071],[-118.69471008082985,37.305373856240735],[-118.69493450420308,37.30600228114353],[-118.69556292357333,37.30618181198212],[-118.69681966594776,37.30564315623134],[-118.69794167594321,37.30501482585596],[-118.69857008353868,37.30559832486439],[-118.69879450151436,37.30676528743096],[-118.69978195467465,37.307662914198524],[-118.70067961791283,37.30793222424741],[-118.70180168989612,37.30905434686419],[-118.7040458103101,37.31156782167099],[-118.70480882189204,37.31268990058823],[-118.70624514241295,37.31408120915633],[-118.70808532585157,37.316594686380306],[-118.70929721404598,37.31910815495047],[-118.7096562408368,37.321890929694625],[-118.7101050454383,37.32247445418249],[-118.71091296173412,37.32292325458171],[-118.71230438335212,37.323910659593],[-118.71360601627816,37.32593042492815],[-118.71445875850507,37.326693409944305],[-118.7154012718358,37.32732180756562],[-118.71589499250135,37.32808484863936],[-118.71602969994771,37.328219470839194],[-118.7226723980691,37.3253020791197],[-118.72500635212444,37.32409020300068],[-118.72689142687602,37.323551585863136],[-118.72873163981357,37.32301302224244],[-118.7302127627377,37.32171141036909],[-118.7317387996419,37.3198711608161],[-118.73259162310241,37.31847983366514],[-118.73295068657268,37.31789632636264],[-118.7342971673948,37.317537268323456],[-118.73609254645535,37.31681908635831],[-118.73631691181603,37.31668445009894],[-118.73658620321032,37.316594674115635],[-118.73721454802995,37.31632543432048],[-118.74004220254052,37.31524824029808],[-118.74111942920162,37.31533794863029],[-118.74237616961743,37.316549814266246],[-118.74354314034666,37.31910813917114],[-118.74385734384349,37.31955700377094],[-118.74533850430925,37.31978141776044],[-118.74601173834272,37.32023026523331],[-118.74722360581097,37.32216022637154],[-118.74771731706822,37.322294855524156],[-118.74897400546865,37.32220511524861],[-118.7501410168457,37.32251931328254],[-118.75094890857727,37.32323745149934],[-118.7522504934192,37.324539021892704],[-118.7529236982449,37.32521232826666],[-118.75444978469129,37.325930402054674],[-118.75611044117956,37.32759111195779],[-118.75727740025351,37.32844388255196],[-118.75786092105712,37.32884783881758],[-118.75925228931433,37.32862343138067],[-118.7600602237555,37.32880291332009],[-118.7606885649564,37.32934153287678],[-118.76266341166895,37.33037385797664],[-118.76409965650546,37.33095737218902],[-118.76477290014509,37.331451071074206],[-118.76576039014971,37.33136132135178],[-118.76665803832381,37.331092006605864],[-118.76773526280762,37.33172034669271],[-118.76944078659658,37.332528291311405],[-118.77042824759403,37.333336156640605],[-118.772268402407,37.333650384023876],[-118.77343542075978,37.33450315391661],[-118.77433311450659,37.33481733197348],[-118.77666702333858,37.33450309925591],[-118.77877650372326,37.3342787381299],[-118.78012304159304,37.33486222779991],[-118.78039234779547,37.33580473976321],[-118.78088604499959,37.33634336242377],[-118.78142465435624,37.336881913313874],[-118.78111043614109,37.33777962977214],[-118.78151439275858,37.33872215201288],[-118.78263651872079,37.339395376539535],[-118.78416249767743,37.340337969982514],[-118.78564363840057,37.341908904851856],[-118.78672082296094,37.34339002678362],[-118.78663108750555,37.34433259593647],[-118.78604758346864,37.34554440101189],[-118.78546416621927,37.34657671395793],[-118.78528460489892,37.347788560825265],[-118.78452153372051,37.34958392326569],[-118.78438688418262,37.350436696734455],[-118.78452153372051,37.35169345035094],[-118.78420741057847,37.35236668411938],[-118.78281599410313,37.35353362667],[-118.78155930640962,37.35488016154351],[-118.78151439275852,37.355463624236144],[-118.78151439275852,37.35640618433232],[-118.77994347422451,37.35743849666952],[-118.77823788537535,37.35833616349351],[-118.77648745205877,37.35860545623318],[-118.77271729768518,37.35833612208746],[-118.77015892448634,37.35887476748982],[-118.76863289982659,37.359817290372156],[-118.76813916451553,37.36116381869847],[-118.76912663360334,37.36300400658176],[-118.76984477291322,37.36412606892746],[-118.76988960092203,37.364978906994004],[-118.77006917966376,37.36623561891457],[-118.76930612426274,37.36686402578956],[-118.76836357367523,37.36677419643348],[-118.76782500894858,37.36726795683989],[-118.76769034524531,37.367671899522165],[-118.76795967253778,37.36812071632349],[-118.76908171643434,37.36847975781626],[-118.76975493896863,37.3687939571716],[-118.77029358609725,37.369467201916244],[-118.7706526535203,37.36991603195728],[-118.77101172013161,37.37036485588546],[-118.77105654781107,37.370409816103226],[-118.77303144357643,37.37319255275065],[-118.77334567778874,37.37494299922973],[-118.77379448107914,37.375167403659454],[-118.77469217279568,37.37516738831221],[-118.77563468582298,37.37498784802499],[-118.77644262591267,37.375032705761996],[-118.77707099126995,37.375167360648646],[-118.77751978402746,37.37521227291116],[-118.7785970237702,37.375975269469166],[-118.77944977408681,37.37781548477762],[-118.77953951360638,37.379610832129],[-118.77953951360638,37.381585706741404],[-118.78012304159304,37.38207939756354],[-118.78137974066703,37.38216919380602],[-118.78263651872082,37.382707745879635],[-118.78326485954406,37.38405430605784],[-118.7836238976199,37.38517636230205],[-118.78456644651983,37.38611895515029],[-118.78559881484212,37.38710634841737],[-118.78546416621927,37.38831816841715],[-118.78586811174468,37.38912611174356],[-118.78730432451918,37.39011355223594],[-118.78900990477494,37.391639551049664],[-118.78986268801772,37.393030941489556],[-118.79004224415053,37.39401840084043],[-118.78824685153319,37.39603811810339],[-118.78676573513707,37.398551589208694],[-118.78645152750718,37.40016737657181],[-118.78600276002439,37.40214226841587],[-118.78519486863041,37.40353360720422],[-118.78335459690504,37.40595731622504],[-118.78200808647006,37.407707805375495],[-118.78182861017338,37.40851564368639],[-118.78245695419794,37.410041695420155],[-118.78326485954406,37.41242054671519],[-118.78357898455361,37.41331822522218],[-118.78304047145097,37.414709600065066],[-118.78263651872082,37.41565207996412],[-118.78164904473572,37.417178155562574],[-118.78070647849479,37.41888370562909],[-118.78057182571742,37.42009558083622],[-118.7797639066527,37.42166646777068],[-118.77725047294915,37.424000388134225],[-118.7756796011385,37.42458392288805],[-118.77460234159317,37.42462882138176],[-118.77303144357643,37.42462877464642],[-118.77235823493002,37.42355156404838],[-118.77132586939678,37.42242950113913],[-118.77047307543818,37.4220704178212],[-118.76926129608928,37.42216015589868],[-118.76751085276057,37.42364132828656],[-118.76674778507314,37.42507762608911],[-118.76576039014971,37.42759109936679],[-118.76508715069222,37.42974547521958],[-118.76387524132535,37.43077782302977],[-118.76248391350794,37.43145103327665],[-118.7614964921025,37.431899827965786],[-118.7601948049719,37.433650321965374],[-118.75956646182067,37.435580342870914],[-118.75943179112238,37.438183521877725],[-118.75884836503035,37.44128045845809],[-118.75875861382252,37.44249233148622],[-118.75893811618757,37.444512099203074],[-118.7600602237555,37.4466215530853],[-118.76190040966198,37.44877597225806],[-118.7623940754028,37.450885509573],[-118.76297757743731,37.45178319382545],[-118.76369574453236,37.4542068875131],[-118.7637854929542,37.4557777722247],[-118.76329174258497,37.45654079047043],[-118.76392015996582,37.45689984253641],[-118.76454848591533,37.45689989662353],[-118.76611946781703,37.45631638502678],[-118.76742101749633,37.45631637543102],[-118.76849823680796,37.456675426154256],[-118.76863289982659,37.45752826683529],[-118.76894705379613,37.458156638051115],[-118.77087705912949,37.45815660711137],[-118.77213383141364,37.45856057181292],[-118.77330076181288,37.45945822055248],[-118.774467683636,37.46147799244393],[-118.77500631477939,37.463048863417946],[-118.77541028693754,37.463991403129256],[-118.77689142044723,37.465562341245814],[-118.77774417993027,37.46645999257292],[-118.77783400935455,37.467716744965855],[-118.77787883510766,37.46937745868783],[-118.77877650372331,37.47000581825495],[-118.78093095882859,37.471397146697875],[-118.78506021966442,37.473865745149546],[-118.78631687960873,37.47633430249936],[-118.78613740818975,37.477995022221755],[-118.78604758346864,37.47866824232977],[-118.78703503005696,37.47893759611341],[-118.78829176327682,37.47947616842273],[-118.78972804301793,37.48086753787657],[-118.79085011083032,37.48347080199539],[-118.79188243821291,37.48459288673067],[-118.79394707278986,37.48531095540507],[-118.79448563775425,37.486118927272656],[-118.79475500847991,37.4875102918602],[-118.79583213107925,37.488363038898946],[-118.79708888341996,37.488722127417134],[-118.79834562578048,37.48863233941988],[-118.79928817600042,37.48863237164082],[-118.80103862421423,37.488632348972985],[-118.80427019738067,37.48894654383012],[-118.80543715788684,37.48858749204446],[-118.8069631838456,37.48728585564602],[-118.80875854194495,37.4865228768109],[-118.81028462475055,37.48602908065794],[-118.81194523009545,37.486388226943404],[-118.81432411130638,37.48755514613041],[-118.8155359015542,37.48782443406676],[-118.81656824560844,37.48728583130024],[-118.81948562584651,37.48629841803341],[-118.82213380637239,37.48549052350534],[-118.82415349983691,37.48463776348103],[-118.82496145889235,37.482752624991925],[-118.82716071900118,37.482214054072536],[-118.82980885951848,37.48100215389198],[-118.83281597075205,37.48019432349255],[-118.83339947988966,37.48032897596231],[-118.83429718887199,37.48077777983833],[-118.83501529902776,37.482124295032754],[-118.83600270625672,37.48252820716558],[-118.83779800050526,37.4818550069157],[-118.84188238975423,37.48091244993003],[-118.84435096627254,37.47920684110673],[-118.8478070149615,37.47754621087602],[-118.84937796955091,37.4761547760758],[-118.84978184040429,37.47584062818976],[-118.85045516361723,37.47579574922739],[-118.85606557439222,37.478398917175994],[-118.85723250682351,37.47947615157218],[-118.85691835065617,37.48041867514783],[-118.85588600452692,37.481047052502866],[-118.85539227523445,37.481451029185514],[-118.85588600452692,37.48216915968693],[-118.85709783044504,37.48342588987488],[-118.85750177033859,37.48481729422928],[-118.85741207514835,37.48607401401498],[-118.85772623032737,37.48697165882468],[-118.85866878098562,37.487600065523665],[-118.85902782524853,37.488722140813884],[-118.85965621740206,37.49011351744435],[-118.85970110880912,37.49114580734592],[-118.85857899756786,37.49294114336254],[-118.8584892140988,37.494332527110636],[-118.85956643454934,37.49621763117238],[-118.86006015070966,37.4974295108044],[-118.85961132598213,37.49895551176717],[-118.8598805854152,37.49994297120235],[-118.86006015070966,37.500257130039756],[-118.86006015070966,37.5004366494223],[-118.86023971579858,37.50061618480195],[-118.86064364760384,37.50128941517326],[-118.86077832093886,37.50151383979424],[-118.86154128986782,37.50214220638811],[-118.8624389269947,37.502725740922635],[-118.86347131889839,37.503443849669154],[-118.86445872508149,37.503937552799364],[-118.86517687516839,37.50465568178711],[-118.86625404968537,37.50573288877191],[-118.86674774479103,37.506451048828275],[-118.86746588439125,37.50712429635937],[-118.86867770972695,37.50761796206297],[-118.86944072910148,37.50761802321473],[-118.87114630929916,37.50793220066717],[-118.8720439803068,37.507842372785476],[-118.87334563412793,37.50761797725226],[-118.87406374348369,37.50761800413911],[-118.87567949971351,37.50793217230226],[-118.87594882042545,37.50802191767492],[-118.8773402145049,37.50851568187696],[-118.87895602579697,37.50905426426714],[-118.88057182040396,37.50954799095758],[-118.88164897791033,37.51035584217461],[-118.88173874810782,37.51134331786649],[-118.88155920766133,37.51233076243682],[-118.8813797558903,37.51322840239097],[-118.88124510026569,37.51475442289209],[-118.88214271335899,37.51542771411894],[-118.88286087122927,37.515652103022084],[-118.88317506426053,37.516639512539655],[-118.88317506426053,37.51834508826885],[-118.88366879489143,37.52014039396213],[-118.8848805836784,37.520544351745755],[-118.88627198719387,37.52063412812344],[-118.88743896123795,37.52103810446224],[-118.88936893765045,37.52314763635408],[-118.89107447835976,37.525346855240116],[-118.89255567958651,37.52615478207973],[-118.89345331659986,37.526020154182284],[-118.89457544448489,37.52584059797241],[-118.89628092833794,37.525436647780545],[-118.89874953655108,37.525346892188146],[-118.90094882854729,37.525840616519545],[-118.90184650616335,37.526020139151946],[-118.90234017777192,37.526738262735655],[-118.90274417861337,37.527725691551495],[-118.90265442048779,37.528847778463216],[-118.90207090254272,37.5298352392686],[-118.90166698882739,37.53023912863734],[-118.901173226218,37.53122660108708],[-118.90207090254272,37.532438479082984],[-118.90323784738067,37.533425902073155],[-118.90418039046557,37.53463774353381],[-118.9052576517591,37.535445580594846],[-118.9057513125691,37.53634330317833],[-118.9067388072338,37.537824456636294],[-118.90866872272544,37.53872209495628],[-118.90974595300061,37.53935049076318],[-118.91023968845995,37.54033787553987],[-118.91006018078859,37.5414150839477],[-118.9110475592865,37.54271668275873],[-118.91257362482145,37.54334507197597],[-118.91306735131887,37.54424271894734],[-118.91445868123013,37.54702549801595],[-118.91706189301624,37.55034689858909],[-118.9171517317038,37.55034687445861],[-118.91724148147841,37.55034687395917],[-118.91778006789991,37.5502571416709],[-118.91836352701506,37.55003266388682],[-118.9189469839429,37.549942962591736],[-118.92074239319037,37.550257117808734],[-118.92204399640295,37.55025709235121],[-118.92415348039125,37.54913500543626],[-118.92603857424308,37.54864129796208],[-118.92774415796413,37.548820855069046],[-118.9296741684221,37.54895551062634],[-118.9304820271996,37.549538985934454],[-118.93227739210361,37.55084057202495],[-118.933040367036,37.55223194856105],[-118.93434195612427,37.55335404643242],[-118.93645153973404,37.55384775960152],[-118.93703501761878,37.5539375215036],[-118.93784292695774,37.55402731042291],[-118.93896500147763,37.55443122498165],[-118.93977290077048,37.5557328681106],[-118.94067053210246,37.55743845982631],[-118.94147842251549,37.55882983488547],[-118.9411642582182,37.56035581452139],[-118.94165798276279,37.5613432872877],[-118.94264542713812,37.5621512021193],[-118.94385729017553,37.562330701621704],[-118.94524861098908,37.56264492122273],[-118.94637072078874,37.56331813385874],[-118.9464604536841,37.564036289435336],[-118.9469541613686,37.56502371487003],[-118.94856996136224,37.565248144222046],[-118.94996141756714,37.56502367082828],[-118.9510385393052,37.565337884961124],[-118.95265438555396,37.565831578146046],[-118.95355203114705,37.565427696731355],[-118.9548536257844,37.564529987070564],[-118.95584107493285,37.56304883008892],[-118.95615529832094,37.562869326478726],[-118.95637970513394,37.56273465055375],[-118.95786081747727,37.562824464879306],[-118.95974594596765,37.56313860886916],[-118.96064363928218,37.56233071159303],[-118.96136170134838,37.561343322846376],[-118.96136170134838,37.5609393022593],[-118.96207984891758,37.5598172253471],[-118.96284285484849,37.558829799614344],[-118.96306734079955,37.55869516176488],[-118.96405473754334,37.558156552031825],[-118.96576025846537,37.558425851688746],[-118.96885722458448,37.55851564678264],[-118.96984467318543,37.559547964447695],[-118.97244793267676,37.559458164917054],[-118.97437791934038,37.558156588072286],[-118.97514086456758,37.557124287973764],[-118.97698110243607,37.556854974484715],[-118.97774412362791,37.55891954956792],[-118.97855199818358,37.56125353696618],[-118.97994345115306,37.563228350112176],[-118.98146946047767,37.564933958684946],[-118.98169383054123,37.564978841874286],[-118.98187343294605,37.56497879962982],[-118.98295059886729,37.56515832965041],[-118.98366873491085,37.5662355659516],[-118.98488054304342,37.56735766390061],[-118.98676569715734,37.56695365022965],[-118.98797756977469,37.5670434751342],[-118.98927914090994,37.56744740115189],[-118.99058078987379,37.567133242468195],[-118.9919721343205,37.5679411481276],[-118.99834560136424,37.56942227891385],[-118.99856994686132,37.56955696619962],[-118.9990636656696,37.56991599048293],[-118.99987160612818,37.570454588983125],[-119.00027553036041,37.57072385665772],[-119.00045511111006,37.570948300886016],[-119.00094882387151,37.57081365142305],[-119.00148738550931,37.57090344342055],[-119.00202603407479,37.57103802357987],[-119.0022503742072,37.571127877858046],[-119.0027890201017,37.57180105565074],[-119.00328272537493,37.572339661635745],[-119.00377642906385,37.57323736694911],[-119.00444970725592,37.57444917029665],[-119.00566152952696,37.5755263978364],[-119.00637964850134,37.576154744701945],[-119.00826480586475,37.5775461464567],[-119.0108680381234,37.57934143532832],[-119.01257357405444,37.58023917937234],[-119.01427909105468,37.58122662307153],[-119.01495241205336,37.58185493921144],[-119.01535629667016,37.582258907654435],[-119.01634380251807,37.58252817346152],[-119.01688239902981,37.582752575401614],[-119.01786980626122,37.58284240108634],[-119.01885720714297,37.582932140350685],[-119.01944072886248,37.5831565499892],[-119.02047305336237,37.58342588244463],[-119.02065252171322,37.58414402881649],[-119.02087701225949,37.58454795809594],[-119.02177461595672,37.58522118897676],[-119.02195417158657,37.585535401353745],[-119.02204394932274,37.58562515564546],[-119.02204394932274,37.58584953447355],[-119.02235812658525,37.585714889834215],[-119.02244790408504,37.585939344439794],[-119.02285185778398,37.58674722883905],[-119.02303141215334,37.586971604770305],[-119.02365976199145,37.58782439234729],[-119.02455743821017,37.58903628851985],[-119.02509600590044,37.58997884743796],[-119.02518578179814,37.59015833332946],[-119.02523062532778,37.59038274133867],[-119.02532040114671,37.5905623002643],[-119.02576927945327,37.591953665404844],[-119.02585905495694,37.592222959903154],[-119.02608344908693,37.593120627291256],[-119.02617322440669,37.593434860394346],[-119.02626299967393,37.593704147507665],[-119.02648739321295,37.59446710946963],[-119.02657716829628,37.59473646588288],[-119.02698111112194,37.595723888325324],[-119.02792361064475,37.59639711267874],[-119.02828270729958,37.59662156084321],[-119.02935990342125,37.59742943568619],[-119.03066156820041,37.598731015336654],[-119.03187336120128,37.600032645738445],[-119.03268130667362,37.60106496610985],[-119.03326477580167,37.60173822318856],[-119.03384824270795,37.60272564911234],[-119.0339380134805,37.60290522716287],[-119.03438686655414,37.60353356627546],[-119.03447663701107,37.604161900477614],[-119.03456640741538,37.6045209903346],[-119.03447663701107,37.60604700378418],[-119.03407262514366,37.607348667652325],[-119.03380340169899,37.60824633199695],[-119.03375847188282,37.6084258261476],[-119.03344431797781,37.60923374925531],[-119.03335454691603,37.60954792608292],[-119.03330961696822,37.60959284409505],[-119.03326477580167,37.60968259611773],[-119.03326477580167,37.609727453953546],[-119.03299546214298,37.61053532947003],[-119.03286084953342,37.61098418433112],[-119.0325466049933,37.61183696583471],[-119.03223244860375,37.613003932481696],[-119.03196313313077,37.613856709183345],[-119.03182851961442,37.61452997317977],[-119.03164897554515,37.615427641258904],[-119.03151427295745,37.61663953952151],[-119.03146943126556,37.61704341111492],[-119.03151427295745,37.61731271936317],[-119.03164897554515,37.61812066392478],[-119.03164897554515,37.61834507796193],[-119.03196313313077,37.618838790966116],[-119.0317835892192,37.61933251698518],[-119.03124504501807,37.6201403580341],[-119.03124504501801,37.620185284460625],[-119.03088595530213,37.62090338767278],[-119.03084102463056,37.62171129507876],[-119.03079618274168,37.62224991704363],[-119.03079618274171,37.6236861699567],[-119.03079618274171,37.6241349652128],[-119.03084102463056,37.62494288446713],[-119.03088595530211,37.62521221318298],[-119.03111034207531,37.626064985005506],[-119.03115527266792,37.62637915676706],[-119.03106550026523,37.626738193352345],[-119.03111034207531,37.62696269050515],[-119.03124504501807,37.6274114454505],[-119.03137965904686,37.62777052620996],[-119.03146943126553,37.627860339358215],[-119.03164897554515,37.628039815764126],[-119.03182851961442,37.6281745186864],[-119.03209783532398,37.62839888293039],[-119.03250176360346,37.62853355405431],[-119.03272614801092,37.62866821187436],[-119.03263637652843,37.62880285686854],[-119.03241199198948,37.629251720610256],[-119.03232222032292,37.62938636479491],[-119.0323670617653,37.62970054210836],[-119.03241199198948,37.63010445946273],[-119.03254660499327,37.63055328512258],[-119.03268130667362,37.630553335754385],[-119.03299546214298,37.63059818884426],[-119.03326477580167,37.63068792759304],[-119.03353408898704,37.63077773963126],[-119.03362385994359,37.630822624931625],[-119.03411755486773,37.631047006355594],[-119.03438686655413,37.63131634014636],[-119.03483571831273,37.63194464822042],[-119.03497032918719,37.632124241284195],[-119.0351947099795,37.632438401440616],[-119.03537424989399,37.63266284200598],[-119.03568848863449,37.63266281292286],[-119.03609240744757,37.632573083528264],[-119.03676563269978,37.63252815649359],[-119.03685540176266,37.63252819297244],[-119.03775308949731,37.63261793981741],[-119.03824677111257,37.632752597858506],[-119.03860584357534,37.63306677982046],[-119.03887514736986,37.63333608204572],[-119.03923421835903,37.633650256492736],[-119.03968305591127,37.633740030682624],[-119.04008705297846,37.633829773881715],[-119.04058072706806,37.6340990826352],[-119.04089495512433,37.634233703561364],[-119.04179261917419,37.63472747925497],[-119.04210675595323,37.63495187050652],[-119.04251074662344,37.635221178696035],[-119.04286980908438,37.63566998582518],[-119.04309417830031,37.63593932658631],[-119.04318394365227,37.63602910706875],[-119.04340840119615,37.63634325940472],[-119.04349816636379,37.63643303867914],[-119.04358793147881,37.63652281765444],[-119.0439918294505,37.63656771665676],[-119.04435097722407,37.636567651867196],[-119.04493440188425,37.63688185037615],[-119.04533838508885,37.63706137983345],[-119.04565251458844,37.63737556577341],[-119.0460564958966,37.63822838617859],[-119.04637071270834,37.638587447892625],[-119.04686436652564,37.63881184400533],[-119.04735810753586,37.639485089182486],[-119.04762739592795,37.63970948123647],[-119.04812113447477,37.64015831063432],[-119.04830065922647,37.64033784070028],[-119.04906368146234,37.64137015694715],[-119.04915344331127,37.641504826735705],[-119.04928813037833,37.641639493704425],[-119.04951249017984,37.64181903622146],[-119.04964717693062,37.64190879370115],[-119.04978177477793,37.641998574570266],[-119.05023067017206,37.64244734436169],[-119.05045502859035,37.64262695486689],[-119.05108344349172,37.64298600822862],[-119.05126296476506,37.64343480919097],[-119.05198113653353,37.644018318657515],[-119.0520259722163,37.64401826369982],[-119.0527889758585,37.644287587360594],[-119.05283390008731,37.64428758255068],[-119.05292365972231,37.64433250214527],[-119.05296849512855,37.64433252110851],[-119.05346221642532,37.64451205703735],[-119.05462917155238,37.645140418893405],[-119.05404569510286,37.645589246824144],[-119.05382134195537,37.645768746730454],[-119.05359689969582,37.64639708744187],[-119.05377641801684,37.6477885235038],[-119.05395593612693,37.64900032065348],[-119.05386617709821,37.64949408430201],[-119.05413545402612,37.650167341937056],[-119.05409061896226,37.65066101623166],[-119.05431506049658,37.651199615418534],[-119.05530249279298,37.65196261635436],[-119.05588596444277,37.652276800867845],[-119.05646943386397,37.652590978023795],[-119.057456852235,37.653353996801826],[-119.0579057250825,37.653892625270096],[-119.05804031565546,37.65402726253901],[-119.05830967400532,37.654386357207],[-119.05839943042307,37.65452097876348],[-119.05848918678811,37.654700497277204],[-119.05871362185961,37.655104493004096],[-119.05898289024236,37.65523911645545],[-119.0597459479167,37.655643090426196],[-119.06032940259072,37.656002104794176],[-119.06055383495733,37.656361186511866],[-119.06068842319615,37.65676518475938],[-119.06073334510172,37.65689978460358],[-119.06122704129939,37.65734864553848],[-119.06136171772283,37.65766282137705],[-119.06140655065217,37.65784233695492],[-119.06118220831733,37.65820141159319],[-119.06104753173558,37.658650221159895],[-119.06100260992247,37.65882981089127],[-119.060912855035,37.6589195266096],[-119.06086802196063,37.65896440972609],[-119.06073334510172,37.65905421255829],[-119.06068842319615,37.65909911945152],[-119.06055383495733,37.65923371780685],[-119.06032940259072,37.6598172057245],[-119.06032940259072,37.660266067298494],[-119.06032940259072,37.660535353124224],[-119.06001521447895,37.66134322511921],[-119.06001521447895,37.662016466293785],[-119.06028448056632,37.662510197987764],[-119.06028448056632,37.66295904295258],[-119.06032940259072,37.663811819344936],[-119.06023964730743,37.663946497010876],[-119.05965610351132,37.66506853429661],[-119.05956634783222,37.66538277241512],[-119.0597010257206,37.66587647312285],[-119.06006004780372,37.66695365866543],[-119.06032940259072,37.6680757675171],[-119.06059866812396,37.669063214630164],[-119.0610923647572,37.66946715090544],[-119.06140655065217,37.66991598394625],[-119.06172073590047,37.67023015084911],[-119.06199008775725,37.67045453355437],[-119.06243885849995,37.671082969289],[-119.06248377989037,37.671352194209575],[-119.06239402587381,37.672160147904],[-119.06243885849995,37.673012899227366],[-119.06248377989037,37.67346172972169],[-119.06248377989037,37.67377592167275],[-119.06239402587381,37.674224776773784],[-119.06221451768235,37.67476333487055],[-119.06203492050207,37.67548152243513],[-119.06203492050207,37.67602012279046],[-119.06203492050207,37.67655871912583],[-119.06230427180448,37.67682795289621],[-119.06248377989037,37.677007530922396],[-119.06275304162338,37.6774115050177],[-119.06297747042655,37.677905159113244],[-119.06324682006556,37.6782642186846],[-119.06360583380898,37.679072167416834],[-119.06409960949185,37.68010444226775],[-119.06423419460407,37.68082258059486],[-119.06441378919622,37.68212424048778],[-119.06490747348863,37.68261793917918],[-119.06513189912324,37.68311161298921],[-119.06531140388294,37.683874642701724],[-119.06517681972093,37.68454789351833],[-119.06558074940219,37.68477232263069],[-119.06616418177032,37.685131409085194],[-119.06674770068211,37.685355835446856],[-119.06679262080404,37.68540068843701],[-119.06742096847407,37.685625108527546],[-119.06769022149408,37.685894441244905],[-119.06827373456792,37.68620860092248],[-119.06881232589542,37.68652277764006],[-119.06908166523263,37.68679207521864],[-119.06948558457313,37.68724091456749],[-119.07006909077722,37.68764487050972],[-119.07042808846418,37.6880038997629],[-119.0707423439058,37.68840784983773],[-119.07105650992722,37.68863225329596],[-119.07132575652786,37.688811807743065],[-119.07146042403598,37.68890157233873],[-119.07150534276964,37.68894649293027],[-119.07199900410684,37.68966464744752],[-119.07213367102018,37.68988902432842],[-119.07285183336772,37.690158334402305],[-119.0732557427192,37.690741804570045],[-119.07348015606773,37.69123551434426],[-119.07334557911516,37.69208830990306],[-119.07334557911518,37.692896189705124],[-119.0737494871581,37.69303086027943],[-119.07473688246655,37.69321036271866],[-119.07567944265638,37.69365921757982],[-119.07675665984299,37.69401825169192],[-119.07711573054581,37.69410803841524],[-119.07787878626719,37.69437730991569],[-119.0792252205426,37.6948710839974],[-119.08012292554662,37.69527500239136],[-119.08070639101614,37.69554434114908],[-119.0814694287459,37.69594823526864],[-119.08214263149674,37.69626245433646],[-119.08254660497765,37.69653178325335],[-119.08321989173004,37.69716008766535],[-119.08366868873362,37.69765386142006],[-119.08407265816423,37.69801289921886],[-119.08452145265309,37.69850658356853],[-119.08483567901935,37.698730994373676],[-119.0854191264242,37.69904520657938],[-119.08559869604848,37.69926962067676],[-119.08595774589759,37.69980819168028],[-119.08627196929777,37.70007752487936],[-119.08663101755799,37.70057122207941],[-119.0870798045009,37.70106493581168],[-119.08784281027545,37.702366571723104],[-119.08806729088741,37.702680718568054],[-119.08909959564465,37.702725625082486],[-119.09008698015633,37.70263590787399],[-119.0908500596053,37.70268073508597],[-119.09179260877586,37.70295003152666],[-119.09282488824266,37.70353355734498],[-119.09313909745407,37.70362333058557],[-119.09340839375848,37.704072149497144],[-119.09448557420474,37.70523909534661],[-119.09538327791667,37.70618161961119],[-119.09538327791667,37.70622654915661],[-119.09601159635329,37.70676514149731],[-119.09686437981368,37.70766280365911],[-119.09740295874201,37.708425844800225],[-119.09767224749011,37.708964455801066],[-119.09807626847393,37.70950299920823],[-119.09852511038511,37.71053532795755],[-119.09892904034427,37.71143297873398],[-119.09928805870979,37.71152275436579],[-119.0995125224186,37.71188179743419],[-119.0999613600854,37.712061324700606],[-119.10018573404363,37.71242045946766],[-119.10072438995003,37.71264480931186],[-119.10090385273918,37.7128243633918],[-119.10121804524215,37.71313854428577],[-119.1015771469507,37.71363229215184],[-119.1018015185214,37.71439526807458],[-119.10198106879183,37.71560718032859],[-119.10189133806038,37.715921334433176],[-119.1018015185214,37.716190664192396],[-119.10184642829753,37.716190615343585],[-119.10265435822636,37.716684356226104],[-119.10292363766254,37.71677409779122],[-119.10332755592118,37.71686386157945],[-119.10355201365832,37.71695362627351],[-119.10427011643121,37.71749220994866],[-119.10440475477583,37.71758199682529],[-119.10453939300102,37.71771670307205],[-119.10485357797955,37.718030833521695],[-119.10494339571261,37.71812057074062],[-119.1058859461877,37.71874895221008],[-119.10624494810114,37.718928508473056],[-119.10678358250617,37.71928760131152],[-119.10741194251966,37.720050567350555],[-119.10768121351416,37.72063407500433],[-119.10786075682867,37.721397101248236],[-119.10826475069699,37.721980580760366],[-119.1083544776601,37.72220500314609],[-119.10857892796159,37.72292311137692],[-119.10889310457551,37.723596358876215],[-119.10970099698739,37.72471842947911],[-119.11028452639994,37.72512237855872],[-119.11118213669013,37.725661035347066],[-119.1121247371494,37.726289343103936],[-119.11257353751195,37.72678310255409],[-119.11338141031568,37.72732172453845],[-119.11392001937548,37.727770511460115],[-119.11445862652148,37.72817445324992],[-119.11504213762322,37.72853349235427],[-119.11562555773195,37.728668221191214],[-119.11602953091169,37.72902723675033],[-119.1169721012278,37.72952099711788],[-119.11755560265135,37.729924911570414],[-119.1180043869322,37.73028401680888],[-119.11836344889767,37.730328858139636],[-119.11948553424035,37.73073283087768],[-119.12002412160315,37.730912386429296],[-119.12020373904222,37.73100210183258],[-119.12092185169502,37.73118164835485],[-119.12163996094263,37.731091896116],[-119.12204391808355,37.73140609583488],[-119.1229415474593,37.7322588319084],[-119.12330059771955,37.73279745685451],[-119.12374945371815,37.733336019586616],[-119.12406368762191,37.73378486030537],[-119.12433292903015,37.73396443408985],[-119.12505111083965,37.733829720039715],[-119.12567948384991,37.733695132185076],[-119.1259936250065,37.73391953790647],[-119.12635266802707,37.734054216741654],[-119.12662199410344,37.734233681830744],[-119.12698103563316,37.73454789453454],[-119.12702593794938,37.7345479025613],[-119.12711574254195,37.73459274722193],[-119.1275645872262,37.73468253058704],[-119.12787872446941,37.734682557562316],[-119.12837246880699,37.73463763594278],[-119.12873150618287,37.73459276484798],[-119.12935986390954,37.73445815317902],[-119.1300780218602,37.73418884400964],[-119.13079617640116,37.73414396787945],[-119.13178355568206,37.73405419316772],[-119.13263640411643,37.73391951719934],[-119.13339935819606,37.73409908551831],[-119.1340725967526,37.7342786121725],[-119.13479073232196,37.73450303708324],[-119.13568846353695,37.73481719530859],[-119.13627189279636,37.735176291693804],[-119.13663100015003,37.73571484178801],[-119.13707981659174,37.735804642880915],[-119.13752863170046,37.73607396376733],[-119.13793263514523,37.73611875900576],[-119.13802234452703,37.736118787327456],[-119.13851605574042,37.735849538281954],[-119.13905466408457,37.7353557933483],[-119.13941376482474,37.735086510760375],[-119.1395483719245,37.734682519990244],[-119.13977277597904,37.73427860544314],[-119.14017677342281,37.7338297221326],[-119.14053578276373,37.73342583308989],[-119.14076027408312,37.7332462412451],[-119.14120907825802,37.7331565043224],[-119.14152327587944,37.73311163778619],[-119.14192717991007,37.73311162197903],[-119.14228627382103,37.733021854409024],[-119.14269026454151,37.73297698617574],[-119.14286976633123,37.73311163735087],[-119.14336346170026,37.73347066207852],[-119.14372255219564,37.733784906096744],[-119.14421624477625,37.73400929752166],[-119.14430603915552,37.734009296891635],[-119.14475483279195,37.73418885959353],[-119.14520371382324,37.73409907985441],[-119.14574229831588,37.733919523770915],[-119.14619108768224,37.73365024550222],[-119.1464603784072,37.73347066899889],[-119.14717854380997,37.733380897812495],[-119.14731323271546,37.7333808929864],[-119.147447832773,37.733066773166094],[-119.14767222508716,37.732842371532165],[-119.1478967057952,37.73275256622611],[-119.14807620139378,37.73279748129001],[-119.14821088949806,37.73284229953307],[-119.14856996846133,37.732932103507196],[-119.14883925494124,37.73302183585181],[-119.14915343668152,37.73297694534443],[-119.14960221590324,37.73288724655816],[-119.15005108251626,37.73306675929193],[-119.15063454500827,37.733336077252964],[-119.15162197205557,37.733560482140135],[-119.15225032329032,37.73378488311399],[-119.15296846113137,37.734054164320305],[-119.15350710662992,37.73432350682731],[-119.15413545000982,37.73450299131655],[-119.15458430313093,37.73463764718944],[-119.15525753594541,37.734637683416146],[-119.15543711150715,37.73472744977556],[-119.1558410670161,37.73517621793268],[-119.1562898263364,37.73580464760911],[-119.1567835665123,37.73620856664192],[-119.15714262506374,37.73643300104162],[-119.1573221983797,37.73652275840177],[-119.15781593517359,37.736612485640286],[-119.158399367618,37.73652279400942],[-119.15911747616589,37.736388107099096],[-119.15970099229139,37.73611881272963],[-119.16028450615696,37.73575972953239],[-119.16118217443547,37.73571485517792],[-119.16172070185941,37.73593925516126],[-119.16203494547322,37.736118832416736],[-119.16239399151017,37.73625345508082],[-119.1627979283684,37.736253463731934],[-119.16338143023687,37.736163719904994],[-119.16405471246307,37.73611876913588],[-119.16472790296122,37.73643296971586],[-119.16531139735089,37.73692672417273],[-119.16549096092876,37.73715113205425],[-119.16598467094686,37.737599931217034],[-119.16683741478708,37.738048795108185],[-119.16746579128561,37.7382283481598],[-119.16809416516072,37.738273227255746],[-119.16908156649987,37.73836297983063],[-119.1701139395699,37.738273201865375],[-119.17096666001204,37.73809364436796],[-119.17146044077988,37.73782437414078],[-119.17190924226723,37.73746528901425],[-119.17226835346347,37.73701643007495],[-119.17244782002705,37.73679209806403],[-119.17258248634391,37.736298346969264],[-119.17280692993741,37.73571485863925],[-119.17330061595165,37.735535308732224],[-119.1740187421303,37.735310939590136],[-119.1747368648796,37.735131381203175],[-119.17581408692838,37.7349069496265],[-119.17635265070311,37.73481722366155],[-119.17711573842074,37.734772276912274],[-119.17756452302919,37.73495183670649],[-119.17828262884134,37.73531091686443],[-119.17877638558456,37.73553531315481],[-119.17904570676076,37.735849495813085],[-119.17953937228799,37.736163682477674],[-119.17998823836776,37.73647785778469],[-119.18030244382578,37.73661253678215],[-119.1804819895068,37.73665742272091],[-119.18097565031528,37.73674715981797],[-119.18133473985375,37.7367471546413],[-119.1817387145586,37.73679201499103],[-119.18223237123759,37.73688181832329],[-119.18254657200221,37.73710625824139],[-119.18295054344813,37.7375101977933],[-119.1832198571418,37.73786923341743],[-119.18330962826575,37.73836292906079],[-119.18344428485098,37.73908109702446],[-119.18357894131556,37.73939529894482],[-119.1837583943741,37.73948508086286],[-119.18398282127855,37.739440164422746],[-119.18425213312119,37.739305532104524],[-119.18443167408132,37.73903621524376],[-119.18447655928783,37.73858742403393],[-119.184745870245,37.73831806240165],[-119.18492541061482,37.73791416271555],[-119.18519472076702,37.73728579306795],[-119.185329375662,37.73701649197493],[-119.18541914552492,37.73683690794969],[-119.1856884547916,37.73665738666895],[-119.18631675249715,37.73656763518355],[-119.18703490517461,37.73656765648937],[-119.18734909589077,37.736612535090245],[-119.18766328594923,37.73638810273396],[-119.18788770701698,37.73638813944903],[-119.18815701185535,37.73652273329005],[-119.18860585217891,37.73670226755821],[-119.1894137613788,37.736881835209054],[-119.19040120004992,37.73728579138124],[-119.19152328156153,37.73782437958843],[-119.19224140932492,37.737914119968394],[-119.19242094072865,37.73795897682536],[-119.19251070634996,37.73795900088241],[-119.19318394679748,37.73777946245659],[-119.19403671369317,37.73742043550251],[-119.19475482942356,37.7370164494259],[-119.1948894757402,37.73697156302954],[-119.19610137584863,37.73697157091579],[-119.19731317746366,37.73688182268616],[-119.19848017697743,37.73665741796205],[-119.1991085098077,37.73625346305066],[-119.19973684000392,37.73584950469408],[-119.20023061486384,37.73531088295171],[-119.20054477793897,37.73490696773482],[-119.20103846144062,37.73382977136667],[-119.20135271151804,37.73275257685534],[-119.20171175229012,37.73176513346592],[-119.2019810323045,37.731361157531104],[-119.20238504011402,37.73077768295332],[-119.20260943915122,37.730373730839005],[-119.2029235972386,37.73019421886277],[-119.20332751381144,37.72974541553987],[-119.20355200013151,37.72929655010365],[-119.20377639742067,37.72880282129985],[-119.20404567372387,37.72839890707911],[-119.20444958727106,37.7280846776328],[-119.20458431357208,37.727680746746714],[-119.20467407190947,37.72754610726932],[-119.20480870931468,37.72732166758767],[-119.2052574997912,37.72678312426389],[-119.20602052920786,37.72588541230584],[-119.20655916195318,37.72543655253574],[-119.20664891910691,37.724898003080504],[-119.20687331175577,37.72458380049414],[-119.20732218473705,37.72404521706145],[-119.20817495987122,37.72346170741559],[-119.20929699700723,37.72278846444861],[-119.21010488337063,37.72256406950846],[-119.210284482063,37.722429413725855],[-119.21068837877942,37.72202545696481],[-119.21073325612507,37.7218010634552],[-119.21091285406337,37.7211726395872],[-119.21127187191321,37.72031989827344],[-119.21127187191321,37.720230121264485],[-119.21167585465453,37.71973642870448],[-119.21266323532377,37.71906316361948],[-119.21347119220232,37.718255244373864],[-119.21387508031668,37.71771667487387],[-119.2141444271422,37.71686386591291],[-119.21441368479448,37.716639459867444],[-119.21463815448924,37.71641505912066],[-119.21504212814058,37.715966161224465],[-119.21576023184757,37.715382750025086],[-119.21584998348258,37.715068531075794],[-119.21611932675162,37.714529935643746],[-119.2163437051994,37.714125989974654],[-119.21674767424383,37.71421577184222],[-119.2172862683766,37.71421575238658],[-119.21773511011959,37.714440169408945],[-119.21944062550598,37.71493387926219],[-119.219889460781,37.71484412703474],[-119.22065250426073,37.71484412340676],[-119.22159504027074,37.714978797064134],[-119.22217849084943,37.71506856490762],[-119.22244782271616,37.71524804326988],[-119.22280690155554,37.71574181840545],[-119.22339034740226,37.716280377336666],[-119.22383917081454,37.71628038084145],[-119.22433295482477,37.71619062293727],[-119.22509597561356,37.71632523722304],[-119.22581403101773,37.716235542991015],[-119.22644242643075,37.7161457427184],[-119.22675662314573,37.71623553857498],[-119.22702594675829,37.7162804080925],[-119.22774408156342,37.71650480607213],[-119.22814801978856,37.71663948255998],[-119.22846221291479,37.71681896747982],[-119.22909059718373,37.717133193776164],[-119.22998820839771,37.717402448688176],[-119.23025752618098,37.71785134300215],[-119.23030239765114,37.71807572806398],[-119.23025752618098,37.7187040733016],[-119.23030239765114,37.71960178715299],[-119.23030239765114,37.72031992141082],[-119.23034726910784,37.720589181004364],[-119.23039214055103,37.720723865182734],[-119.23061658624326,37.720948282726454],[-119.23128983261674,37.72130729854995],[-119.23164889019564,37.72148685720734],[-119.23218751928309,37.72171125927918],[-119.23304024123891,37.72216015036161],[-119.23335442406716,37.72238454377267],[-119.2336237357758,37.722474258756094],[-119.23402774676558,37.72256404770321],[-119.23443166798504,37.722788499867946],[-119.23492541696056,37.72296796054604],[-119.23546394554421,37.723237307367675],[-119.23582308175385,37.72350657112662],[-119.23609238900599,37.72368610743099],[-119.23627186778712,37.72382079783134],[-119.23694508864246,37.72417988154829],[-119.23757352586341,37.72471841455687],[-119.23802230662926,37.72503262055543],[-119.23811213355968,37.72521216920714],[-119.23833647896394,37.72552639045954],[-119.2386057816774,37.7258854178533],[-119.23878534610739,37.72610982504178],[-119.23891995278272,37.726289348115685],[-119.23896491032114,37.7265137384448],[-119.23896491032114,37.72673819682564],[-119.23909951683437,37.72714217427251],[-119.23927908066975,37.72745632695347],[-119.2394585556155,37.72732166588756],[-119.23990741938084,37.7271870556378],[-119.24049088705168,37.72709725707859],[-119.24102948420895,37.72718700507754],[-119.24156807942008,37.72750120154919],[-119.24224136503291,37.727994950414505],[-119.24264526400351,37.72830914799638],[-119.24304925055064,37.72853356789558],[-119.24349810350279,37.728578439425],[-119.24412642442786,37.72862333981948],[-119.24551783638503,37.72902727061361],[-119.24614623746163,37.72911700374049],[-119.24708878977147,37.72920673287947],[-119.24776196176802,37.72929657610738],[-119.24821080052071,37.72938629305443],[-119.24879432434389,37.72947605474601],[-119.24960217432327,37.72943123881206],[-119.25009596170891,37.72934145645591],[-119.25032037773663,37.72943121785396],[-119.25067938947741,37.72956584454983],[-119.25099362379022,37.73014935914301],[-119.2510384890189,37.73014930740436],[-119.25296847904791,37.729431213517564],[-119.2534173021036,37.72893750205912],[-119.25368657755436,37.72862328547226],[-119.25435980838165,37.72763584104377],[-119.25458421798058,37.726513823222724],[-119.25516771681933,37.72534682187415],[-119.25606543697337,37.72521214419375],[-119.25759141580865,37.724853117166546],[-119.25786077236691,37.72462868130995],[-119.25799536180081,37.72485310678482],[-119.2583095806638,37.7251673093146],[-119.25839930669582,37.725257094525794],[-119.25848912133573,37.725346781105976],[-119.25947654682612,37.72606497266508],[-119.25956627215403,37.72610980879242],[-119.25997021278195,37.72651377541098],[-119.2600600264731,37.726648402514236],[-119.26001516396487,37.72718705537089],[-119.26001516396487,37.72732166701113],[-119.26001516396487,37.72768077873079],[-119.25997021278195,37.727815394699974],[-119.25997021278195,37.72795007949044],[-119.26019470257752,37.72983516288812],[-119.26041910337328,37.731046974377925],[-119.26046396575964,37.73145095197767],[-119.26118211674172,37.732752579465036],[-119.26306720223401,37.73293211953055],[-119.26409954726533,37.73293211101668],[-119.26477273095166,37.734637661889],[-119.26526646797643,37.73566999512638],[-119.26549086111523,37.7361188256213],[-119.26598459575371,37.73643302056417],[-119.26647832875142,37.736522746530476],[-119.26661299904006,37.73661248766144],[-119.2668822505941,37.73674720417097],[-119.26692719968646,37.73674719301388],[-119.2673759806085,37.737240907724],[-119.26746578982423,37.737330633088455],[-119.26777998866689,37.73764485411859],[-119.26836343571416,37.73813856474214],[-119.26849810429377,37.73822829866473],[-119.26858782417504,37.738407841279965],[-119.26858782417504,37.73854249900868],[-119.26899182893715,37.739215738909756],[-119.26939574394476,37.73961968206957],[-119.26979965785377,37.739619730839436],[-119.26997927329978,37.73961972521701],[-119.27029337817007,37.739619700384104],[-119.27110128866065,37.739529970333734],[-119.27128081387772,37.739440192491166],[-119.2716848113131,37.73921576199692],[-119.27177452926894,37.739215781652334],[-119.27249271423207,37.739529906227],[-119.27298642559288,37.73961972848455],[-119.27330061275414,37.73984411303672],[-119.27348013531156,37.739933916398535],[-119.27406364861314,37.74024809110628],[-119.27446754982228,37.74042762527812],[-119.2749612546141,37.74065200602349],[-119.2756794241576,37.74101109270885],[-119.27626292881168,37.74132524042024],[-119.27630778641264,37.74137017888676],[-119.27689128859555,37.74163946163078],[-119.27778896614184,37.742133163135044],[-119.27787868040743,37.74217803141386],[-119.27886615429698,37.74253713303049],[-119.28007799270179,37.74303085710771],[-119.28106536329977,37.74343479913155],[-119.28209776046887,37.7438387528105],[-119.28339937203637,37.744108045137],[-119.28479068225856,37.744422244663106],[-119.28541909455319,37.74446707643279],[-119.28586790819179,37.744511946228066],[-119.2861820680655,37.74455690828123],[-119.28739393531086,37.744736421961605],[-119.2883813458191,37.74505059350608],[-119.28878529667249,37.74603798715829],[-119.2890995390038,37.746621487665585],[-119.2890995390038,37.74666633798787],[-119.28918924642433,37.747339607228895],[-119.28923418875782,37.747384506209464],[-119.28968299083945,37.74792313637119],[-119.290490884345,37.74873098494071],[-119.29067038608908,37.74931450139891],[-119.290490884345,37.74944915346172],[-119.28968299083945,37.749942888541526],[-119.28959319507452,37.7499428423173],[-119.28959319507452,37.750750772288264],[-119.28950348789867,37.75263583800578],[-119.2890995390038,37.755014693205354],[-119.29120906730073,37.756361166731146],[-119.2912987734435,37.75645091906565],[-119.29201695248113,37.75712416225466],[-119.29215159958267,37.75725879975149],[-119.29277998065135,37.75802181576369],[-119.29408158700906,37.75972737168976],[-119.29381229619403,37.76295897207562],[-119.29381229619403,37.76309363687222],[-119.29381229619403,37.763228301416135],[-119.2934980638633,37.76663943082838],[-119.29345321146495,37.76699850256489],[-119.29340827041187,37.76740243292682],[-119.29336341798631,37.767851321504544],[-119.29336341798631,37.76794106745029],[-119.29376735524997,37.7683450289211],[-119.29385714848361,37.76834498649588],[-119.29556267773465,37.769422194851636],[-119.29587690568238,37.769556849114615],[-119.297896635317,37.77063404327547],[-119.3006794134595,37.771441914016464],[-119.30238495270451,37.7723395976667],[-119.30377635041299,37.773416842550255],[-119.30400077389028,37.77364123456712],[-119.30489846439265,37.774314492611005],[-119.306783525796,37.77503265320249],[-119.30826466658773,37.7757058654108],[-119.30848908324988,37.77651378965386],[-119.30857886754573,37.77732163457576],[-119.30898285188593,37.77799493509961],[-119.31037418748038,37.776917713543554],[-119.3144136661768,37.773820750729925],[-119.31567041367356,37.772833321408505],[-119.31580503923429,37.77274358062322],[-119.31670274663144,37.77207031457804],[-119.31939574743507,37.76996076608376],[-119.32029343298929,37.76928754344264],[-119.32038312148184,37.76919776933264],[-119.32060760834916,37.76901827442086],[-119.32065245250672,37.7690182518696],[-119.32074222940574,37.76892852753958],[-119.32092178303985,37.76879383196821],[-119.32137057754464,37.768434813290966],[-119.3214603540066,37.768345014034765],[-119.32163990676662,37.768210391428774],[-119.32253757866435,37.7675370752749],[-119.32514078740628,37.76551737550957],[-119.32599359547262,37.76484412765845],[-119.32823774301608,37.7631385629098],[-119.33497024642669,37.75793207021859],[-119.33721443445393,37.756181656213315],[-119.33820186634777,37.755418589984345],[-119.34116412227968,37.75312955761001],[-119.34192716224291,37.7525461202769],[-119.342196453883,37.752366549657616],[-119.34228621765348,37.75227680469533],[-119.34264527218762,37.752007487897615],[-119.34277996171772,37.75191768973281],[-119.34286972513215,37.75182794421381],[-119.3429145625131,37.75182798974696],[-119.34327361551354,37.75151376451416],[-119.34336337862669,37.75146892487932],[-119.34340830446828,37.751424039796916],[-119.3439918074957,37.75097517305783],[-119.345068955978,37.7501223691058],[-119.3457422140778,37.74962865157598],[-119.34632570784474,37.74913493902155],[-119.34731316719183,37.7483270774819],[-119.35032034055698,37.745948236954824],[-119.35135260787546,37.74514037939441],[-119.35251963715443,37.744197768818665],[-119.35611024748485,37.741370186548096],[-119.35723231736078,37.7404724871818],[-119.35727723896265,37.740427595371685],[-119.35759142398338,37.74015833382063],[-119.35777093266411,37.74002364919239],[-119.35857880761304,37.73939527124786],[-119.358937910942,37.73912602265228],[-119.36288763517493,37.73598414285591],[-119.36544600812068,37.73391954414234],[-119.3747367898645,37.72651376419258],[-119.37590381031919,37.72557120672406],[-119.37792350536893,37.72395542673845],[-119.37868653143197,37.72337196686253],[-119.38321977924403,37.71973638591133],[-119.39686429789103,37.708919561358925],[-119.40139751357934,37.70532883563144],[-119.42765422962484,37.684458108026675],[-119.43869548358971,37.67566100748314],[-119.43878527668302,37.67557121931234],[-119.44120896081017,37.673641297620414],[-119.44870450364073,37.66767181098101],[-119.4512179846751,37.665696884383806],[-119.45242981655582,37.66470948054094],[-119.45611023116642,37.661792078952246],[-119.45732211070523,37.66080466685691],[-119.45763625741166,37.66058026816672],[-119.45853389157077,37.65986212119399],[-119.45880323385909,37.65963770453504],[-119.45893790481551,37.65954788724001],[-119.45934182839319,37.65923375018009],[-119.4594764988491,37.65914393223311],[-119.46023945198817,37.65851558832255],[-119.46248366372413,37.65672024938662],[-119.4632018005954,37.65613680153493],[-119.4648625061405,37.65483518521506],[-119.46984450849247,37.65084053307704],[-119.47006894290512,37.650661032512744],[-119.47150522637007,37.64949407481816],[-119.47496117245883,37.646756198466505],[-119.48541898750274,37.638452814627286],[-119.48891992452411,37.6357148536814],[-119.48914432931981,37.63549044824935],[-119.48950337626742,37.635221199300915],[-119.489862422322,37.63490701145302],[-119.49013179479881,37.634727424829414],[-119.49242077665018,37.632887270313574],[-119.49924306912747,37.62745635264703],[-119.50148720635067,37.62566105636294],[-119.50193606500878,37.62530196668234],[-119.50323766754973,37.624269672279084],[-119.50346213858455,37.6240900746214],[-119.50368652075605,37.62391057497303],[-119.50476372734164,37.62305783529521],[-119.50795042370837,37.62054436494943],[-119.50902759840909,37.61969158100621],[-119.50920718574935,37.619556861504826],[-119.50965602035521,37.61915294496595],[-119.50983551840184,37.619018322873465],[-119.52105635718448,37.610131431669664],[-119.52150515482992,37.60977233115883],[-119.5278786204626,37.604700562714235],[-119.53461109178066,37.59931454975469],[-119.53465595852443,37.59926964689171],[-119.53474578046433,37.59922476400046],[-119.53479064716599,37.599134988211404],[-119.53488038052721,37.59913500232622],[-119.53501506895824,37.59900034336948],[-119.53528435694686,37.598775922011285],[-119.53550877796712,37.59859640321765],[-119.53568833222944,37.598461787310086],[-119.53658592318465,37.59774365567265],[-119.53936874688308,37.595544329134235],[-119.54026640330484,37.59482621563672],[-119.5403561332416,37.594736478804705],[-119.54062549969694,37.594512019047535],[-119.54071522940907,37.594467155959215],[-119.54174755951463,37.593659236457206],[-119.54242079119129,37.59307576214785],[-119.54264520104779,37.592896227839226],[-119.54681937272046,37.58957490075707],[-119.54762725716591,37.58894646626742],[-119.55233997311565,37.58522120609467],[-119.55584087384153,37.58239355255218],[-119.56652310865951,37.57391059153456],[-119.56679242589574,37.57368621120713],[-119.56953033769689,37.571486861630305],[-119.57235790692268,37.569242775742126],[-119.58088575025128,37.5625102168603],[-119.58357880586473,37.56035586877656],[-119.58357880586473,37.560176336534454],[-119.58357880586476,37.559278668686794],[-119.58362365725739,37.556675401620026],[-119.58362365725739,37.55577776520333],[-119.58362365725739,37.55532890569082],[-119.58366850863592,37.55384775702161],[-119.58366850863592,37.55339896006465],[-119.58371344846461,37.549404339859464],[-119.58384809093734,37.53746538865515],[-119.58389294224534,37.533470746515206],[-119.58389294224534,37.53284237425113],[-119.58393779353922,37.53104706632964],[-119.58393779353922,37.530463574697244],[-119.58398273328305,37.5257508091546],[-119.58416222672496,37.511567742973575],[-119.58420716639809,37.506854960036804],[-119.58420716639809,37.50604706711688],[-119.58425201759316,37.50353362066382],[-119.58425201759316,37.5027256912783],[-119.58425201759316,37.50110988010222],[-119.58429686877415,37.4999429848806],[-119.58425201759316,37.49630737776323],[-119.58420716639809,37.494691598434784],[-119.5844315106962,37.49469159840987],[-119.58505995593664,37.49469162191721],[-119.58528429889344,37.49469161979652],[-119.58541893988341,37.494691593682255],[-119.585688309945,37.4946915909781],[-119.58577801138954,37.494691614155656],[-119.58586780124054,37.49469161298938],[-119.58609223138933,37.49469158462764],[-119.58613708199161,37.49469163321659],[-119.59170260492029,37.49469158717767],[-119.60826457655558,37.49469156343439],[-119.61383011896268,37.49469156173795],[-119.61409943527272,37.49469162393595],[-119.61486245115702,37.49469157250803],[-119.6150419941161,37.4946915872436],[-119.61513167706589,37.49469158157762],[-119.61513167706589,37.49460182700904],[-119.61513167706589,37.49433256264288],[-119.61513167706589,37.494242807634016],[-119.6151766069642,37.49392856294453],[-119.6151766069642,37.49307576990669],[-119.6151766069642,37.49276158440716],[-119.6151766069642,37.490472562909225],[-119.61526637827365,37.48356057022529],[-119.61526637827365,37.48122663723311],[-119.61531121968478,37.480598276178284],[-119.61531121968478,37.47862342115907],[-119.61531121968478,37.4779501494394],[-119.61531121968478,37.477770599352134],[-119.61531121968478,37.477321796588306],[-119.61531121968478,37.47718709571962],[-119.61535614952635,37.47588546092513],[-119.61535614952635,37.47193574228255],[-119.61540099090915,37.470634189107805],[-119.61540099090915,37.47058925997875],[-119.61540099090915,37.47045462119868],[-119.61540099090915,37.47040976634575],[-119.61540099090915,37.47036483707916],[-119.61540099090915,37.47027512723602],[-119.61540099090915,37.47023019788691],[-119.61540099090915,37.47005070337479],[-119.61540099090915,37.46955699821662],[-119.61540099090915,37.469422283153584],[-119.61540099090915,37.469287642230334],[-119.61540099090915,37.46892857376359],[-119.61540099090915,37.46879393193368],[-119.61540099090915,37.467761644893784],[-119.61544592072235,37.46470957336862],[-119.61549076207682,37.46367727209242],[-119.61549076207682,37.4615228201005],[-119.61567030424199,37.461522871258616],[-119.62276186136523,37.461522835486896],[-119.62509577230469,37.461522840758654],[-119.62599350857657,37.461433036467305],[-119.6273399696794,37.4614330714246],[-119.62765418631656,37.461433089379476],[-119.6340276017267,37.46138818481225],[-119.6362717461947,37.461343330521274],[-119.63631666940013,37.46134326524449],[-119.63636150415982,37.46134329862037],[-119.63649618521654,37.4613432756517],[-119.63676545851486,37.461343327793315],[-119.6369001391877,37.46134330422876],[-119.63694497376281,37.46134333731797],[-119.63712448878333,37.461388200725544],[-119.63716941171839,37.46138820940191],[-119.63725916911494,37.46138817659319],[-119.63856077762027,37.461388212401616],[-119.64277980291638,37.46138822456504],[-119.64408144911717,37.46138815737233],[-119.6441712021336,37.46138819215167],[-119.64444054926798,37.46138819728255],[-119.64524841074454,37.46138818211884],[-119.64551766740362,37.461388208368334],[-119.64663978569945,37.461343334929545],[-119.64991624946501,37.461343331416316],[-119.65099350276887,37.46134330398249],[-119.65117299997753,37.461343285532195],[-119.65117299997753,37.460176351281376],[-119.65117299997753,37.45640616922126],[-119.65117299997753,37.456091972440774],[-119.65121791845523,37.45470061269081],[-119.65121791845523,37.45402734865375],[-119.65121791845523,37.452007593878704],[-119.65121791845523,37.451334305141685],[-119.65121791845523,37.45128944876182],[-119.65121791845523,37.4511099485794],[-119.65121791845523,37.451065017673514],[-119.65121791845523,37.450616227828114],[-119.65117299997753,37.44935947745695],[-119.65117299997753,37.448910677058834],[-119.65117299997755,37.44832715060939],[-119.65117299997753,37.44653183292714],[-119.65117299997755,37.445948361969066],[-119.65117299997753,37.445903427892],[-119.65117299997753,37.445589260555366],[-119.65117299997753,37.44446715961516],[-119.65117299997755,37.44406326454871],[-119.65117299997753,37.443749089341],[-119.65117299997753,37.4426718963705],[-119.65117299997753,37.44244743888136],[-119.65117299997753,37.44231277893825],[-119.65117299997753,37.442223055104336],[-119.65117299997755,37.441953734148676],[-119.65117299997753,37.44186393547796],[-119.65117299997755,37.44177421109585],[-119.65117299997755,37.441504888494734],[-119.65117299997753,37.441370226823935],[-119.65117299997755,37.44006860861456],[-119.65117299997753,37.43733078275163],[-119.65117299997753,37.43620870448021],[-119.65117299997753,37.436118898788266],[-119.65117299997755,37.434817261964234],[-119.65117299997753,37.433829821054175],[-119.65117299997753,37.43086756755602],[-119.65117299997755,37.42988014800241],[-119.65117299997755,37.42889271518824],[-119.65117299997753,37.4259304116024],[-119.65117299997753,37.42494300016804],[-119.65117299997753,37.42409019463685],[-119.65117299997753,37.42153186755826],[-119.65117299997753,37.42072397198018],[-119.65117299997753,37.419422285895024],[-119.65117299997753,37.41928765819442],[-119.65117299997753,37.417851390793984],[-119.65404554327903,37.417806494732204],[-119.65543692013489,37.417806501443835],[-119.65548183725822,37.41780651350894],[-119.65561641170373,37.41780652374097],[-119.6560203995291,37.417806554781755],[-119.65615506188102,37.417806539924754],[-119.6561998903571,37.41780650151173],[-119.65624480723801,37.41780651320152],[-119.65817480492994,37.41780649067806],[-119.66400964267731,37.41780653405143],[-119.6641891233568,37.41780653949914],[-119.66598444808325,37.41780650317052],[-119.66701684229739,37.417806528218655],[-119.67011371440734,37.417806531842075],[-119.67114607841964,37.41780651020917],[-119.67379418974545,37.417806520541376],[-119.67527537052196,37.417806480110606],[-119.68169367023074,37.417806515267486],[-119.68434176025791,37.417806543156814],[-119.68505984332633,37.417806553269735],[-119.68532920088396,37.41780648782293],[-119.68546383526926,37.417806504164524],[-119.68887500155854,37.417806498999795],[-119.69004194657087,37.41780654818271],[-119.6901316703722,37.4178065625743],[-119.69035611222175,37.41780648727853],[-119.69040101822826,37.41780648216938],[-119.69062537125087,37.41780650493928],[-119.6912537876443,37.417806502519916],[-119.69147822770464,37.41780649887034],[-119.69156795059044,37.41780651185057],[-119.6918372956981,37.41780650161338],[-119.691927018355,37.417806514240766],[-119.69210655189373,37.417806514906374],[-119.69264515113576,37.41780651478529],[-119.6928246837584,37.41780651403897],[-119.69309402646084,37.41780650009493],[-119.69385696979455,37.41780650897913],[-119.69412631052109,37.4178064919903],[-119.69677443189367,37.417806532792106],[-119.70476366340911,37.41776161963178],[-119.70624478353331,37.417761673953684],[-119.70741176119671,37.41776167602152],[-119.70754637444732,37.41776165984438],[-119.70790548979592,37.4177616495687],[-119.70799520219968,37.4177616464333],[-119.70835431640076,37.417761634392456],[-119.70938666518033,37.41776162858833],[-119.70974568743803,37.41776163541403],[-119.71037401837296,37.41776165039104],[-119.71230407008552,37.41776160483073],[-119.71293238957126,37.417761676595944],[-119.7137403005344,37.417761603488024],[-119.7265768962615,37.41776161742133],[-119.72985344467038,37.417761644350215],[-119.72994314303808,37.417761619653184],[-119.7306164533852,37.417761645229746],[-119.7345661102931,37.41776162238654],[-119.73497013657511,37.417761603257055],[-119.73618194331837,37.417761608223074],[-119.73658587656818,37.417761680686525],[-119.7379773209254,37.41776160041388],[-119.74206170370358,37.417761615308414],[-119.74345300523797,37.4177616247118],[-119.74430580570649,37.41776164754465],[-119.7468192879695,37.417761626723205],[-119.74708861536234,37.41776165240017],[-119.7476271802297,37.41767187809177],[-119.74942249928051,37.41749237456514],[-119.75099345079967,37.4173127660017],[-119.75485338011069,37.4172678949829],[-119.75530223299948,37.41722305169708],[-119.75669357943005,37.41722303846606],[-119.75741173389487,37.41717818298006],[-119.75956617512286,37.417133277771704],[-119.760284314809,37.417133247070524],[-119.76181034937188,37.41713323744565],[-119.76450331082614,37.41497887416875],[-119.76782464669809,37.41228589650968],[-119.77612803773067,37.40568802209459],[-119.77998806656103,37.40263596722064],[-119.78048171566368,37.402232051441324],[-119.78187316419083,37.40110993274758],[-119.78236689494796,37.40070598365889],[-119.78577799746787,37.398012971291564],[-119.79605629351111,37.38984424870878],[-119.79946741350852,37.38710636867894],[-119.80014065330285,37.38656777505484],[-119.80175643315857,37.385266127526414],[-119.80207061284517,37.38499684929362],[-119.80274384001859,37.38450309299739],[-119.80355176131319,37.383829887634064],[-119.80597549698317,37.381899868229944],[-119.80678339946724,37.38127149253822],[-119.8092519465249,37.379296640703636],[-119.81427890622714,37.37521223820987],[-119.81661281193122,37.37337206940372],[-119.81912622527206,37.37144211373038],[-119.81921604281158,37.37135233897664],[-119.81953018295157,37.37112793939854],[-119.81962000022925,37.37103816427671],[-119.8219090405757,37.36919791119389],[-119.82873124971876,37.36367731013535],[-119.83097545527146,37.36183709227701],[-119.831020316051,37.361837034030245],[-119.831110125875,37.361747322611855],[-119.83115498661093,37.361702404685445],[-119.8313793783805,37.361522873168056],[-119.8319629189094,37.36102915379727],[-119.83218730936858,37.360894480409506],[-119.83218730936858,37.360849620548215],[-119.83223216975516,37.3608496363828],[-119.83236683913537,37.3607598652329],[-119.83290542703784,37.36031100919253],[-119.83304009576263,37.36017637721809],[-119.83308495587266,37.36013153278625],[-119.8340724044522,37.35932357446909],[-119.83703470788761,37.35694480200472],[-119.83802212826255,37.356136880984224],[-119.838650499066,37.355643138342764],[-119.84049073664382,37.35416202357608],[-119.84107423872078,37.35366832733129],[-119.8419718275262,37.352995026167555],[-119.84457511113594,37.3508406169346],[-119.84547276549507,37.35016741122673],[-119.84758230974123,37.348461861243216],[-119.85395569070232,37.34330022890925],[-119.85606519359331,37.34159470831354],[-119.85655892492001,37.341190784078],[-119.85799516799905,37.340023803446186],[-119.85848889241657,37.33961987013643],[-119.85925190153182,37.338991463125716],[-119.861630781809,37.33706145906731],[-119.86243862410946,37.336433111565164],[-119.86288748220035,37.336074015687046],[-119.86423395941432,37.33495194918804],[-119.86468281165772,37.334592920074336],[-119.8668371761289,37.3328873664609],[-119.87325548516687,37.32768085515163],[-119.87536504573184,37.32597529846477],[-119.87540989208183,37.32593043443591],[-119.87558945389576,37.32579579788371],[-119.87599342298047,37.3255713226852],[-119.8761728957532,37.3254367097002],[-119.87635245657148,37.32534694072939],[-119.87675642341617,37.32498785664231],[-119.87796822855499,37.32400043145246],[-119.87837219065537,37.32368628447136],[-119.87846196965863,37.32364139843127],[-119.87859659391451,37.323506777690795],[-119.87864152748931,37.323506756973686],[-119.88021242781662,37.322250022630385],[-119.88483542289417,37.318479801260224],[-119.88640634072922,37.317223099785465],[-119.88658588818527,37.317043500028504],[-119.8871693716611,37.31659466522625],[-119.88739376056209,37.31646008531005],[-119.88878510480404,37.31529313361835],[-119.89295931778759,37.311926857668695],[-119.89435069392187,37.31080475409273],[-119.89511368072304,37.31017641086708],[-119.89749247051796,37.30824642359149],[-119.89825552812115,37.30761803310467],[-119.90135246572127,37.30514946052136],[-119.91055354227058,37.297698838203964],[-119.91360563300101,37.29523021372712],[-119.91558042708768,37.293659374334744],[-119.92146016017573,37.28894662293855],[-119.92339018680308,37.287330794485484],[-119.92397360193058,37.286881960389536],[-119.92563434905337,37.28558036065814],[-119.9261729248654,37.285131523260816],[-119.92680124592448,37.28463783665002],[-119.92868636827242,37.28311175242813],[-119.92931476602818,37.28261802670758],[-119.92949425728764,37.28243849684477],[-119.93007773462102,37.28194480045881],[-119.93030214152883,37.281765309415654],[-119.9307510424839,37.28140622701001],[-119.93214238781792,37.280284127434854],[-119.9325911944858,37.27992506181394],[-119.9343865829022,37.27848880604356],[-119.93981743186887,37.27413511415191],[-119.9416127253038,37.272654004717786],[-119.94170255112206,37.27260904867405],[-119.94197185174767,37.272339806786455],[-119.94210650186125,37.27229491219377],[-119.94295922400498,37.27157678323657],[-119.94560735818942,37.269467260427575],[-119.94646014669335,37.26874915301202],[-119.94681926038152,37.26843493828925],[-119.94794133015587,37.26758213730551],[-119.94830035171175,37.26726794200128],[-119.94946731964907,37.26632539450206],[-119.95305798188865,37.26345293469707],[-119.9542698178745,37.26246548515128],[-119.95507773195608,37.2618370926046],[-119.95750144546486,37.25986225831792],[-119.95830934038783,37.259188956599296],[-119.95839915520952,37.25914406301032],[-119.95844397437148,37.259099235333494],[-119.95862351555152,37.2589645872204],[-119.95875814922468,37.25882990593367],[-119.95884796375047,37.25874012676919],[-119.96145114764332,37.256630627917154],[-119.9692608418233,37.25034696210047],[-119.96975460643795,37.249942983839105],[-119.9718640912516,37.248327209899195],[-119.97383892472689,37.24671143350763],[-119.97437757485508,37.24630746303198],[-119.97451219294562,37.24617283464177],[-119.97487132089549,37.245903535732914],[-119.9757689160817,37.245185418980846],[-119.97666659355686,37.24446727025345],[-119.97738474891199,37.24388379299902],[-119.97801309865503,37.24334521861066],[-119.97868634620207,37.242806593646456],[-119.97940449088559,37.24226799202262],[-119.97985331835909,37.24186401410114],[-119.98093056881675,37.24101127116804],[-119.98232193117441,37.23988919206186],[-119.98348887210643,37.238946647512655],[-119.98514951171038,37.23760011542805],[-119.98806700502043,37.23522125820063],[-119.9885158038697,37.2349070989808],[-119.9885158038697,37.23486220789746],[-119.98860559874433,37.234817367135825],[-119.98865040795232,37.23477245125457],[-119.99049065994899,37.2332913134805],[-119.99592156443364,37.22889275635496],[-119.99776171780884,37.22741164303263],[-119.99852474393411,37.22682817125818],[-120.00081379654488,37.2249430442456],[-120.00090358327903,37.224898120252796],[-120.00157680549225,37.22431465757806],[-120.00247448870691,37.223596542521626],[-120.0051226107252,37.22144213183211],[-120.00597537878518,37.22067914645809],[-120.00678333827544,37.22000582377598],[-120.0092519020347,37.217986110714115],[-120.01010464409597,37.217312881592655],[-120.01077790877817,37.21672940911606],[-120.01284257213864,37.21502380543254],[-120.01351582320413,37.21444031508551],[-120.01522133642571,37.21300411386874],[-120.01768992268967,37.21098430410938],[-120.02038289856148,37.208785081310225],[-120.02213338789849,37.207393634158834],[-120.0228065927262,37.206855056196986],[-120.02491613426925,37.20514948307073],[-120.02558941342171,37.20461086325678],[-120.0257240688497,37.20447621451716],[-120.02617291930744,37.2041171813531],[-120.02635237089058,37.203982571861104],[-120.02639725579475,37.20393768862082],[-120.02738471991474,37.20312977305353],[-120.03052660319264,37.20061630475638],[-120.03155883214045,37.19976349022017],[-120.03281564356303,37.19873116038782],[-120.03658583128775,37.19567910624541],[-120.03784250773762,37.19464681636875],[-120.03815667502174,37.194422398772275],[-120.03896461856806,37.19374915411478],[-120.0392787832397,37.19352473340481],[-120.04067016330852,37.1924026199824],[-120.04453015386812,37.189260807305324],[-120.04493406307425,37.18894666230638],[-120.04632547297318,37.18777969771584],[-120.04637035123605,37.187779633617275],[-120.04641522948396,37.18773481575471],[-120.04646010771695,37.18768992340368],[-120.04690897739417,37.187330854161104],[-120.04825548928977,37.18620875683015],[-120.04870426482054,37.18584970465754],[-120.0493775134824,37.18526623230685],[-120.05130748609442,37.1836055033752],[-120.05180121608188,37.183156689537384],[-120.05202568629572,37.18311180600317],[-120.05207056266049,37.18311181491982],[-120.05503281049921,37.185580365003155],[-120.05628957949759,37.18661266877396],[-120.0573667503536,37.18800405035284],[-120.05871324588557,37.19119082996759],[-120.0587581200219,37.1914152436958],[-120.05880299414329,37.191504966190216],[-120.05889283050237,37.191639638253925],[-120.06086762835471,37.196307518982756],[-120.06216930404109,37.19792326614185],[-120.06221417702515,37.19796815778842],[-120.0643237193414,37.19913513507792],[-120.06526621008854,37.199404460775725],[-120.06540091405411,37.19944931942822],[-120.0675552775996,37.20048163442852],[-120.06926081296889,37.20277070380348],[-120.07101128490581,37.20488019760931],[-120.07343495052409,37.20703463223884],[-120.0754098874513,37.208740159612866],[-120.08084072614808,37.21291431884278],[-120.08344394252974,37.21646010896465],[-120.08407232793583,37.21704354612154],[-120.08443142917397,37.21740265292313],[-120.08586764823072,37.21874911279867],[-120.08833626255735,37.22023026588182],[-120.09008666213677,37.2214869909967],[-120.09134345592285,37.22189094291915],[-120.09318362968453,37.22260912666317],[-120.09699874997266,37.22323749086099],[-120.10153196162787,37.223865848668936],[-120.10346189015952,37.22440439843026],[-120.10561625966743,37.225032792168534],[-120.10732184003284,37.225795831531535],[-120.10907234411047,37.22664855506662],[-120.1127078519078,37.22844395169888],[-120.11293230842676,37.228578532397066],[-120.11665759712507,37.22956601616984],[-120.12599331919975,37.2322590081672],[-120.12783354521544,37.23288737458129],[-120.12922488869232,37.23338106992601],[-120.13223213246764,37.23459295435376],[-120.13595741162771,37.23607411913943],[-120.13658572668373,37.23629853187592],[-120.1401764318408,37.23773475730053],[-120.14381197405466,37.23917104212413],[-120.14529310550536,37.240382911857836],[-120.14695377516126,37.24181917370466],[-120.1546736921326,37.24576885780154],[-120.16118178775466,37.24994300629426],[-120.1648622116312,37.252501367972584],[-120.16818357039307,37.25470063731604],[-120.17150493423364,37.256675551111435],[-120.17240262635517,37.257348752009655],[-120.17451219217169,37.25905432279248],[-120.17626260691317,37.26058037662462],[-120.176352364374,37.260625247285326],[-120.17671139361043,37.260939414367876],[-120.17765397286092,37.261522885981684],[-120.1785067894751,37.26242054800002],[-120.17900049045387,37.26336314246664],[-120.17918000161234,37.26399151098303],[-120.17931467886275,37.26430570235889],[-120.17931467886275,37.264350520566346],[-120.1815588098197,37.26708846547068],[-120.18173831751749,37.2671782520608],[-120.18196274583819,37.26740260397431],[-120.18205249944418,37.26753731328905],[-120.1824565220394,37.26847979684166],[-120.1825013546431,37.26879401444641],[-120.18268094914522,37.26915302796477],[-120.18330930779005,37.26969163018566],[-120.18375807065776,37.2704995717813],[-120.18375807065776,37.27067912165727],[-120.18375807065776,37.270768896432905],[-120.18375807065776,37.27099325858192],[-120.18380299090046,37.27130743687949],[-120.18393766345854,37.271711422657084],[-120.18393766345854,37.271801196083906],[-120.18425184017659,37.27274373358527],[-120.18429667217353,37.27274372599649],[-120.1844313442304,37.27314770071142],[-120.18483527150231,37.27453909598313],[-120.18586763214753,37.27781556641322],[-120.18663064551944,37.28028415351726],[-120.18649597569588,37.28243855849443],[-120.1860023026092,37.28387474446841],[-120.18595738311134,37.28409917457345],[-120.18582271260404,37.28441340938146],[-120.18582271260404,37.284458287901444],[-120.18577788112293,37.2846378134973],[-120.18568813003762,37.284817300928],[-120.18564321043334,37.2850417287651],[-120.18550853960701,37.28531108251851],[-120.18272578167308,37.291415198747],[-120.18770782303186,37.30106512646797],[-120.18972757333592,37.30357855662141],[-120.19457495418155,37.306495979110615],[-120.19461987075906,37.30654086887472],[-120.19470961579678,37.30658573605021],[-120.19897353591104,37.30963779568617],[-120.20355162581441,37.31331826227742],[-120.20602026231616,37.318524693439954],[-120.20714228253915,37.32090350314178],[-120.20902744178139,37.32494295659212],[-120.21118177594381,37.32835415668533],[-120.21248339453165,37.33041873022989],[-120.21463784850039,37.33405426411635],[-120.21652290087292,37.3373307734459],[-120.21652290087292,37.337375685320445],[-120.21854265176943,37.34006864120592],[-120.21858756021032,37.34024821082789],[-120.21890174275805,37.34060727583466],[-120.21890174275805,37.34065211080188],[-120.21917101633132,37.34105607511913],[-120.22002382976521,37.34154983694688],[-120.22020337336838,37.341639547140936],[-120.22042773648826,37.341819101685026],[-120.22047264428831,37.34190884755992],[-120.22051755207309,37.34195375956838],[-120.22056237178815,37.34199862200826],[-120.22123563428288,37.34316562706731],[-120.22271678207937,37.34540975690619],[-120.22280659610745,37.345589306993965],[-120.22289632202154,37.34567907119093],[-120.22307586171961,37.345813743338184],[-120.22307586171961,37.34585864816587],[-120.22316567550342,37.345948386720664],[-120.22352466587049,37.346621668130496],[-120.22365938606539,37.34675623563222],[-120.22383892472588,37.346980710279155],[-120.2240183750901,37.34711532638619],[-120.22406328166907,37.3471602309471],[-120.22410818823282,37.347205135432546],[-120.22415309478126,37.34720513617163],[-120.22419791326242,37.34724999106449],[-120.22419791326242,37.34729489469517],[-120.22428772628301,37.34747443593604],[-120.22433263277037,37.347564169171534],[-120.22442235764743,37.347923272733844],[-120.22451217051533,37.34805790855448],[-120.22460189527037,37.34819256862478],[-120.22473652631443,37.34846186249268],[-120.22478143264918,37.34850669106375],[-120.22500587604213,37.348775982683996],[-120.22509560046163,37.34886581194387],[-120.22540976752646,37.34953901987949],[-120.2254995797226,37.349628822397484],[-120.22563420985115,37.349853205265],[-120.2257688398424,37.34998785807927],[-120.22599328155655,37.350212310912696],[-120.22612791118162,37.35030206069859],[-120.22617281704298,37.35034696074824],[-120.2262625406693,37.35043671114583],[-120.2265318872832,37.35075088611998],[-120.22657679300718,37.35079578545055],[-120.22662161066546,37.35079580867135],[-120.22671142203706,37.3508855328198],[-120.22702558525603,37.35102019806126],[-120.22725002483318,37.351154840620886],[-120.22828231870291,37.35164854094987],[-120.22837212894434,37.35182806033193],[-120.23043669105209,37.35613690949475],[-120.23106508705123,37.357393625594405],[-120.23142414397907,37.35820151928979],[-120.23245649323731,37.35923384403206],[-120.2338029814963,37.360625192747214],[-120.2338029814963,37.3606700854732],[-120.23429665226051,37.361298490138665],[-120.23438645840743,37.36138825763121],[-120.23438645840743,37.36143307552281],[-120.23443136145792,37.361477959115696],[-120.23447626449314,37.36152284263311],[-120.23461088546196,37.361702409348126],[-120.23474550629332,37.36188197511541],[-120.23797715739707,37.36628052587746],[-120.24174727286082,37.371172808774745],[-120.2418370739316,37.3713074308037],[-120.24192687494116,37.37148693614181],[-120.24277962932081,37.37251928128544],[-120.24363237818058,37.37377600247171],[-120.24372217796639,37.3738658071238],[-120.24426079931833,37.37467366900535],[-120.24439541029292,37.374943002676],[-120.2444403099334,37.374942985358764],[-120.24448520955853,37.375077610728056],[-120.24466471986773,37.37530204364653],[-120.24538284669578,37.3764241342452],[-120.24556235578152,37.3767383175715],[-120.2456970534635,37.377052492286104],[-120.24699868376909,37.38019434300037],[-120.25099329230603,37.38266289651421],[-120.2527437509894,37.38396450785563],[-120.25314764551266,37.384233799840544],[-120.25323743880841,37.38432357079051],[-120.25413510429946,37.384996829839075],[-120.25426979320926,37.385086572764095],[-120.25467368304801,37.38540079410693],[-120.25512255567506,37.386074003957944],[-120.25521225959169,37.3862536094106],[-120.25530205147832,37.38634337349525],[-120.2575462125159,37.38993397517285],[-120.2579501803238,37.390607280703094],[-120.2621691885473,37.39617275416372],[-120.26239365627295,37.39644206589896],[-120.26306688109777,37.39724996260067],[-120.26347083194256,37.39765389027501],[-120.26454799878347,37.39891067395849],[-120.26558035240853,37.400122482604125],[-120.26602918779943,37.400616200437256],[-120.26629845308845,37.40106504584073],[-120.26809377563858,37.40384782216218],[-120.26899151573423,37.4055084630009],[-120.27222302999903,37.41143309853567],[-120.27253726065743,37.412106378244395],[-120.27330030110598,37.414530065982234],[-120.27343488235609,37.41493396727724],[-120.27388377892255,37.415382828833636],[-120.27455703287559,37.416190710366784],[-120.2749160591634,37.41695374041186],[-120.27581375261245,37.418838836525694],[-120.27819257974863,37.41955693934701],[-120.27837204403417,37.419601842635544],[-120.27846182009274,37.41964674070776],[-120.2785964840654,37.41969159147023],[-120.27891069946409,37.419915998035535],[-120.27926971384016,37.42009560986836],[-120.27971859044713,37.420320015756104],[-120.27976347802338,37.420409728128135],[-120.27980836558423,37.42045459732288],[-120.27989814065985,37.42054440960622],[-120.27994302817463,37.42058927857421],[-120.28003280315812,37.420679016283486],[-120.28025715233348,37.42081369877372],[-120.2805264764546,37.42103813999565],[-120.28061625103874,37.42112787598236],[-120.28079580002269,37.42126250483419],[-120.28088557442248,37.42130739783345],[-120.28106503502381,37.4213972081299],[-120.28128947044738,37.421621617922334],[-120.28133435748603,37.4216664848303],[-120.28151390548692,37.42175626832295],[-120.28155879244873,37.42175621912294],[-120.28160367939519,37.421846001469135],[-120.28173834014235,37.421980674739885],[-120.28196277441374,37.422205079267044],[-120.28200766122193,37.42224994512215],[-120.28227689373524,37.42274366476125],[-120.2823217804359,37.42296811544141],[-120.28339896863007,37.424359495603476],[-120.28398248954693,37.42826435326034],[-120.28393760341476,37.43023921039717],[-120.28411714785129,37.43068802243021],[-120.284386464045,37.43109196263539],[-120.2844313500235,37.43167543141221],[-120.28411714785129,37.432079392740896],[-120.28398248954693,37.43216914832513],[-120.28398248954693,37.4322140570812],[-120.28398248954693,37.43230380040439],[-120.28402737566373,37.43243847282489],[-120.28402737566373,37.432483381403614],[-120.28407226176522,37.43252823638761],[-120.28326439760066,37.433470768205304],[-120.2826808734881,37.43391965415706],[-120.28263598691035,37.433964541418696],[-120.28133435748603,37.4349967906423],[-120.279045362976,37.43602916325516],[-120.27801302720158,37.436477929444536],[-120.27536486264657,37.440337947161076],[-120.27509561594802,37.440696962731685],[-120.27500583758642,37.44276160965964],[-120.2749609483826,37.44361440597479],[-120.27585864152461,37.44594835909798],[-120.27635233052764,37.44675625920471],[-120.27662166266485,37.44720510230917],[-120.27760903307237,37.44805789246074],[-120.27814769163494,37.44917996508667],[-120.27814769163493,37.44931459114169],[-120.27796813902646,37.45079575926709],[-120.2780579153614,37.45119966443401],[-120.2780579153614,37.4512894621459],[-120.27823746784699,37.45223195778253],[-120.27877603581396,37.45501478173759],[-120.27958392762633,37.45793217940752],[-120.28142413151718,37.45941335633525],[-120.28173834014235,37.46067007090231],[-120.28196277441374,37.461433075171726],[-120.28250132708493,37.461702381420245],[-120.2827257600505,37.461747262158696],[-120.28286041964544,37.461792117037874],[-120.28295019263196,37.46183703316189],[-120.28299507910214,37.461837045689705],[-120.28312973842056,37.46197168166914],[-120.2837131725234,37.46242054893298],[-120.2838478311043,37.462689778231095],[-120.28398248954693,37.46291426403533],[-120.28452112193442,37.46376700887009],[-120.2845660078668,37.46381190936009],[-120.2845660078668,37.46385679863143],[-120.28474546343125,37.46412605447516],[-120.28537386401106,37.46511353214089],[-120.2854187496515,37.46520324487462],[-120.28618180318739,37.4663701989978],[-120.28685499402016,37.46843484495226],[-120.28689987915342,37.46856951085167],[-120.28694476427128,37.46861440514281],[-120.28698964937382,37.46865929935824],[-120.28707941953272,37.468749087561946],[-120.28995194414209,37.472339706088114],[-120.2900865963135,37.47242948894979],[-120.29206147892727,37.475212275733924],[-120.29358750419085,37.47812967413307],[-120.29502374701956,37.480014796874755],[-120.29587659674985,37.48059825348541],[-120.29686399812506,37.48122659114993],[-120.29919791431772,37.482977062324416],[-120.30023025920599,37.48427867014214],[-120.3000058562276,37.48567008009136],[-120.2996018418954,37.486837002329494],[-120.29951208031919,37.487016565439006],[-120.29910815246453,37.48885679185049],[-120.29915303339881,37.48885678854339],[-120.29964672266037,37.488901694316084],[-120.30005073685406,37.48899137523515],[-120.30009561746515,37.489036314821405],[-120.30018537864109,37.489036307107185],[-120.30036490080832,37.48908116066271],[-120.30081370514885,37.48921587502305],[-120.30112786727142,37.48939539433834],[-120.30139723649067,37.48953002256141],[-120.3019806772303,37.4899339980517],[-120.30323739798575,37.490831620121675],[-120.30350676286186,37.491056043431314],[-120.30409019419392,37.491594659688595],[-120.30507762159473,37.49244745890586],[-120.30561625521567,37.492941161663914],[-120.30651391432299,37.49383879295326],[-120.30709742023727,37.494512063655606],[-120.30718717660892,37.49455690976249],[-120.30723205477165,37.49460183871803],[-120.30732181105087,37.49469162236899],[-120.30750132342452,37.49487111472936],[-120.3076808355517,37.49496087891796],[-120.30781555748132,37.49505062699492],[-120.30866832383657,37.49536483136635],[-120.3089375895315,37.4954546453457],[-120.3089824670934,37.49545463527271],[-120.30902734463992,37.4954546251776],[-120.30925182013637,37.49554434899979],[-120.30938645245223,37.49558925484222],[-120.30947620725249,37.49563417077028],[-120.30961083933727,37.49567900205143],[-120.30970059398348,37.495723917585536],[-120.30974547128343,37.49576876948358],[-120.30996994554674,37.49590342658252],[-120.31023920856067,37.496172756684544],[-120.31113692392204,37.49684599985497],[-120.31127155429631,37.496980622931396],[-120.31136130780213,37.497070395946416],[-120.3114959379453,37.49724995292395],[-120.31176528580895,37.49769876051542],[-120.31207942162298,37.498192509743205],[-120.3128873719482,37.499583842683215],[-120.31306687667879,37.49994295775832],[-120.31338100936394,37.50039182011795],[-120.31382985702469,37.50124455396063],[-120.31414407586726,37.50173823348054],[-120.31481729885249,37.502950088130255],[-120.31504176440409,37.503354064546784],[-120.31535589234107,37.50384781635202],[-120.31553548167106,37.50407222926578],[-120.31580473321713,37.50443127364277],[-120.31638819765335,37.505194312323724],[-120.31643307265664,37.50528407909455],[-120.31652291060709,37.50541865869785],[-120.31652291060709,37.50546358723257],[-120.31656778556406,37.505598207871905],[-120.31656778556406,37.505777773318705],[-120.31661266050567,37.505957321433584],[-120.31661266050567,37.506361229947274],[-120.31656778556406,37.50743847378388],[-120.31656778556406,37.50797700724256],[-120.31652291060709,37.508740039230425],[-120.31652291060709,37.50936841558453],[-120.31652291060709,37.5098172313904],[-120.31652291060709,37.51058030076322],[-120.31647803563465,37.512285835872426],[-120.31647803563465,37.513183503247994],[-120.31643307265665,37.51336302002906],[-120.31638819765332,37.51372213179055],[-120.31638819765335,37.513856754132746],[-120.31638819765332,37.513991450236226],[-120.31643307265664,37.5141260529014],[-120.31647803563465,37.514350476587296],[-120.31652291060709,37.514530001338564],[-120.31665753543186,37.51493395231208],[-120.31674728523792,37.5151135295482],[-120.31697174747315,37.51560718171998],[-120.31719612133303,37.516145775209736],[-120.31764495588568,37.5172229930856],[-120.31791429107255,37.51789621007996],[-120.31804891446318,37.5182552876185],[-120.31813866331314,37.51847977185621],[-120.31827328647248,37.51883884516691],[-120.318318248817,37.51906317543655],[-120.31840799748186,37.519467185804125],[-120.31849774608506,37.51982620026047],[-120.3186323688742,37.52045462916646],[-120.31867724310642,37.52063413359641],[-120.3188119536991,37.5208136420241],[-120.3189017020247,37.520993196773794],[-120.31912607256876,37.52126251936279],[-120.31921590866676,37.52135228529719],[-120.31935053071554,37.52148689691447],[-120.3201135623457,37.52211530115866],[-120.32038280445346,37.52229482925994],[-120.32047263968683,37.52242943432823],[-120.32060726043983,37.5225191972116],[-120.32060726043983,37.5225641140633],[-120.32069700753144,37.5226539001742],[-120.32083162805314,37.52278857877184],[-120.3208765895167,37.52292320576349],[-120.32092146297762,37.52296802432309],[-120.32096633642314,37.52305783324833],[-120.32105608326789,37.52319246024006],[-120.32110095666711,37.5233271109218],[-120.32123566475923,37.523596436072765],[-120.32123566475926,37.523686194062854],[-120.32132541141881,37.52391057669378],[-120.32141515801675,37.52417994790682],[-120.32146003129253,37.52422476490814],[-120.32150490455292,37.52431457134504],[-120.3215049045529,37.52440432829725],[-120.32154977779787,37.524494134413146],[-120.32163961222821,37.52471848846911],[-120.32168448542689,37.524763378802966],[-120.3218191049303,37.52521223205173],[-120.3224923763372,37.52669338063652],[-120.32523021123087,37.53113680102329],[-120.32532004312803,37.53122661348701],[-120.32639722921833,37.53302192255172],[-120.32801303566974,37.53562512874851],[-120.33057136228318,37.53970951571589],[-120.3347005810186,37.5463971392008],[-120.3350147496131,37.546890874898814],[-120.33645106493968,37.549269684462224],[-120.33743851154718,37.55084055949847],[-120.33838099525785,37.55241150987871],[-120.33847081809523,37.55254615636259],[-120.33995196224062,37.55496983944064],[-120.34013151771296,37.555239138523945],[-120.34058036132409,37.55595728053883],[-120.34067009467122,37.55618171992235],[-120.34102911541503,37.556720323879574],[-120.34542772097755,37.5639016244306],[-120.3456969987833,37.564395330749626],[-120.34749237518149,37.56744737755465],[-120.34812073787499,37.568479748749425],[-120.3488836890874,37.569646725713426],[-120.3488836890874,37.56969160535459],[-120.35193580106869,37.57467361740905],[-120.35247441715626,37.57557128134037],[-120.35489811796766,37.57947613380933],[-120.35534691065745,37.58023913966017],[-120.35745644425337,37.58365026298518],[-120.35750130511657,37.583695145760146],[-120.35750130511657,37.58374001424059],[-120.35821942866977,37.58490700048718],[-120.36019433594568,37.58813858628742],[-120.36023919586395,37.58818346283946],[-120.36095730429088,37.589305598589746],[-120.36378501555203,37.594018272825664],[-120.3760381593291,37.61444021251946],[-120.377294869464,37.61677414793313],[-120.37904530769455,37.619556921846055],[-120.37926975045964,37.61996083997373],[-120.38236670434155,37.624987761585345],[-120.38308477830094,37.625705946673726],[-120.38564316477127,37.63005956929918],[-120.387662856973,37.63338093044833],[-120.38734872769223,37.63351557303082],[-120.38761800653437,37.63369511769741],[-120.39228588653305,37.6372857701195],[-120.39237567210087,37.637375580080835],[-120.39583162165913,37.64006856930057],[-120.39672927407288,37.64060721163249],[-120.40018528325474,37.64334505272595],[-120.4004546233324,37.64352455173528],[-120.4007688087477,37.64374899080725],[-120.40561620695601,37.647339638719025],[-120.40786033242325,37.649045243541295],[-120.40808481316982,37.649224716580726],[-120.40871314615953,37.64967360606506],[-120.40929663316942,37.650122441620915],[-120.41306681370465,37.65295006514656],[-120.4211907175213,37.65896440179674],[-120.42944923327153,37.665158339741254],[-120.43573288008055,37.669826182810745],[-120.4358675570705,37.66996080444087],[-120.43757307248951,37.67121756047113],[-120.437662914488,37.671262421364595],[-120.43788725548661,37.67144201866397],[-120.44022118744736,37.67319246837826],[-120.44080470778198,37.67364124118591],[-120.4409393794692,37.67373105183847],[-120.44134330578034,37.67400035840124],[-120.44143305724346,37.67409009812173],[-120.44156772827354,37.67417983273853],[-120.44170239916276,37.67431450247533],[-120.4417921503756,37.674359379337446],[-120.44192682103008,37.674494048053134],[-120.44210632308035,37.67458380060116],[-120.44215124250627,37.674673592106245],[-120.44291425501841,37.67516729392091],[-120.44313867477344,37.675301970982666],[-120.4433181751341,37.67543657911598],[-120.44987108547357,37.68041863713953],[-120.45018532635655,37.68064303624122],[-120.45301293237151,37.68284236467352],[-120.45539176852054,37.68468252396818],[-120.45651384244957,37.68558020067236],[-120.45826426173655,37.68688181931032],[-120.45848874260585,37.68706137757495],[-120.45857848210753,37.68710629135354],[-120.45983518012302,37.68809367717017],[-120.46068800154937,37.68872208554996],[-120.4617202919928,37.68948506031072],[-120.46189985431116,37.6896196949769],[-120.46279748635656,37.69033782397904],[-120.4673307267764,37.69374900452921],[-120.46768983547369,37.69401828880251],[-120.469844202904,37.69572382026655],[-120.47006857564854,37.695903400235615],[-120.47078677671995,37.69653173427324],[-120.47388364323466,37.69873102523105],[-120.47644207421642,37.700661032301745],[-120.4769806107575,37.7010649520331],[-120.48025712800909,37.70353356103495],[-120.4817831353163,37.704655596137606],[-120.48398243447406,37.70636115813457],[-120.48891958166988,37.71008647746583],[-120.49461977101443,37.71439529270477],[-120.4946646720688,37.714440145043696],[-120.49978135595593,37.7183001041564],[-120.50023017194763,37.71861429382986],[-120.50094829183163,37.719197783658124],[-120.50126249547067,37.71937733243933],[-120.50525710217696,37.72238449889894],[-120.50552639800223,37.72256406384407],[-120.50745634945777,37.724000308595535],[-120.51023911488697,37.7260649554849],[-120.51095726640426,37.72669331165557],[-120.51167541388463,37.72714212200305],[-120.51692679952411,37.73113672289548],[-120.51706139128186,37.73122654909347],[-120.51881186189095,37.73252813609014],[-120.51899143202272,37.732662746889304],[-120.52352461562465,37.736073956608614],[-120.52505063377446,37.73719603104121],[-120.52855150746369,37.73979922975168],[-120.52873106388638,37.73993386429529],[-120.52886573103741,37.74006856515706],[-120.52895550905913,37.74011344713304],[-120.53007755330673,37.74101109383614],[-120.53066101592638,37.74141507448579],[-120.53447612098267,37.74433247197041],[-120.53797699931674,37.74698054416821],[-120.53986210185026,37.74841684079655],[-120.54188182987139,37.74994289154068],[-120.54758202621916,37.75479025794612],[-120.54830014308193,37.755328832564686],[-120.54951204392721,37.75618161676797],[-120.55058920135842,37.75703441418985],[-120.55570592586895,37.76084952128639],[-120.55584056448818,37.760984174520516],[-120.55588544399625,37.76102900968394],[-120.55714215161422,37.7619715864174],[-120.55727687653797,37.762061360941644],[-120.55750127138396,37.76219597876038],[-120.55862332749567,37.7630039315122],[-120.55866820602105,37.763048762632415],[-120.55880284150213,37.76313855680644],[-120.55974546152369,37.76390151494657],[-120.56288724356013,37.76596622970338],[-120.56490695718449,37.76753714848764],[-120.56526605500424,37.767716627023844],[-120.56656772120039,37.76870408473428],[-120.57096625655345,37.771890752844236],[-120.57114575311167,37.77202546303908],[-120.57132533723212,37.772160073570234],[-120.57222299057533,37.77283333496646],[-120.57267181486537,37.773147502341224],[-120.5843414791633,37.78167535389302],[-120.58972745338069,37.785580201211936],[-120.59345280844015,37.78831809320907],[-120.59713318896212,37.790966222595436],[-120.59726787140438,37.79105592612516],[-120.59883874625096,37.7922229427704],[-120.60866821144684,37.799404234191904],[-120.60943119411718,37.79994288689042],[-120.60992492247966,37.800257009069824],[-120.61822838235206,37.80636111104745],[-120.62047254999415,37.80797691642249],[-120.62267182189879,37.80959271624549],[-120.63200754738675,37.81637008108879],[-120.63250118742413,37.816729214681885],[-120.63295006112811,37.817043372641905],[-120.6331295574981,37.8172229009483],[-120.63389256782035,37.81776150321842],[-120.63492494599518,37.81847964028953],[-120.63537372329337,37.818838729514795],[-120.63550845271982,37.818928489849576],[-120.6368549491239,37.81991586933007],[-120.63734865794021,37.820274984248016],[-120.63757299858689,37.8204096287626],[-120.63815649304553,37.82085843402193],[-120.64075971607248,37.82278845045869],[-120.64084950260921,37.82283335782865],[-120.64089443973748,37.82283333298485],[-120.64098413841042,37.822923123457784],[-120.64165740302406,37.82341677699618],[-120.64924272501953,37.82893742127935],[-120.6507687212635,37.83001461663617],[-120.65162149129335,37.83064299832499],[-120.65166642457494,37.83068788951436],[-120.65216007529285,37.83104694711247],[-120.652205008382,37.83109183750409],[-120.65224985369517,37.83113675301343],[-120.65229478675222,37.831136720077374],[-120.65242941030748,37.83127136731987],[-120.65247425554064,37.83127135945004],[-120.65251918851752,37.83131624938663],[-120.65256403371862,37.8313162414592],[-120.6526089666634,37.8313611312835],[-120.65265381183252,37.83140604622593],[-120.6527884350034,37.83149584259414],[-120.652833367868,37.831540658552285],[-120.65292314578961,37.83163046248011],[-120.65296799084668,37.831630454260456],[-120.65314754643352,37.83176506500106],[-120.65323732413076,37.83185486801914],[-120.65328216907577,37.8318548595781],[-120.653416879333,37.831989477302386],[-120.65377590120937,37.832213943270176],[-120.65503260133987,37.83315651480967],[-120.65507753340243,37.83315647990051],[-120.65521215397811,37.83324626750151],[-120.65530193020105,37.83338091191752],[-120.65566103445165,37.833739949585954],[-120.65759098283111,37.83575972203056],[-120.65781537514246,37.8359841321356],[-120.65911705325935,37.83737550580827],[-120.65992492409833,37.83822826517608],[-120.66082256202189,37.838946417705394],[-120.66100210638774,37.83903621495484],[-120.66154073794569,37.83952988492882],[-120.66697159104058,37.84442217952799],[-120.66719605434396,37.84460172415788],[-120.66912600099445,37.84630727255784],[-120.66975436359894,37.8468907618205],[-120.674736401639,37.85133424299439],[-120.67698052674173,37.853264235725334],[-120.6773396567353,37.85362325863712],[-120.68429655542593,37.85968252700003],[-120.68488000837901,37.86017622443454],[-120.68555330093645,37.860804552649725],[-120.69233068299168,37.8667291736668],[-120.69457484392069,37.86847961152677],[-120.69538274955133,37.86924264758403],[-120.69587640373142,37.869781274674075],[-120.69592132116452,37.86982609481587],[-120.69596623858155,37.86987098834401],[-120.69601106825318,37.86991590703357],[-120.696055985638,37.86996080040783],[-120.69637014369316,37.87023009501677],[-120.69641506094906,37.87027491435448],[-120.69659455435378,37.870409576333735],[-120.69663947152912,37.870454468790825],[-120.69663947152912,37.87049935421739],[-120.69704337446768,37.87081356639369],[-120.70072379657721,37.87400026598242],[-120.70435937145055,37.877186982343794],[-120.70480816370211,37.87759092847644],[-120.7048530779279,37.87759092928679],[-120.70485307792792,37.877635807807756],[-120.70489799213757,37.877680687062124],[-120.70579565888478,37.87844372623907],[-120.70602005263386,37.87862321380357],[-120.70602005263386,37.87866816478102],[-120.70606496642425,37.87866809122333],[-120.70615470623436,37.878757871080516],[-120.70651375255262,37.87907208508331],[-120.70664840562132,37.87916186294164],[-120.70700745052142,37.87952094793872],[-120.7074114076967,37.87987995343172],[-120.70929652391709,37.88149574925574],[-120.71575973902712,37.88710615449761],[-120.71939531499405,37.8902929111347],[-120.72868613024373,37.89765378228095],[-120.74452988687378,37.91242036742517],[-120.74461968671004,37.912599908657725],[-120.74726778810611,37.915966120848154],[-120.74735758596685,37.91605588815495],[-120.75099311719286,37.92072378992685],[-120.75130731232021,37.921217517937656],[-120.75166640402112,37.921711203979484],[-120.75269868823534,37.92332700793966],[-120.75660352477732,37.926872819591985],[-120.75687281025736,37.927097208964454],[-120.76019415447051,37.930014594071324],[-120.761316243335,37.93104694216137],[-120.76140603105036,37.931136732687555],[-120.76742043263003,37.936118707949035],[-120.76746523661046,37.93611875912607],[-120.7676448030859,37.936298301609305],[-120.76768969466417,37.93634315035727],[-120.7676896946642,37.936388046734926],[-120.76773458622621,37.93638807238822],[-120.76777947777205,37.93643292098203],[-120.7689912803395,37.93755504305526],[-120.77038272126991,37.938811718298425],[-120.77195361916797,37.94020312047279],[-120.77199850918795,37.940247962195706],[-120.77576868685003,37.943030789549134],[-120.77684592204625,37.9441079598787],[-120.77689081029608,37.94415286746213],[-120.77792306021495,37.945185184453926],[-120.77855148877606,37.94581349095179],[-120.77922471388685,37.946486784571064],[-120.77926960127562,37.94657657458861],[-120.78043658001106,37.94769859042016],[-120.78043658001106,37.947743475861465],[-120.78106490816388,37.948237238655004],[-120.78146888808213,37.948641192925805],[-120.78151377465846,37.94864120811825],[-120.78155866121851,37.948686034462106],[-120.78335393495756,37.95034677388052],[-120.7839374503078,37.95093020424906],[-120.78398233599017,37.95097509989218],[-120.78712411802523,37.953398846052174],[-120.78802180549675,37.954027153225496],[-120.78900925420203,37.95479016670641],[-120.79322826453453,37.95860528737533],[-120.79610078760601,37.96125336032539],[-120.79677409267147,37.96183687677538],[-120.79681897370168,37.961881752140044],[-120.80610978533566,37.97014028499023],[-120.80687279070357,37.97085837727975],[-120.80880276568327,37.97265375762679],[-120.80893739563064,37.97274353692582],[-120.82060713341414,37.982976868774806],[-120.82199843243109,37.98418876560966],[-120.82523004182127,37.98710614343879],[-120.82554422398763,37.987375441538575],[-120.83277045583529,37.99383862119292],[-120.83380276513773,37.9947363139781],[-120.8346555968276,37.99545442207642],[-120.83483506579455,37.9955891323018],[-120.83505948926688,37.995768629859896],[-120.8411636334265,38.00079554504583],[-120.84183686803347,38.001244380486966],[-120.84197154956371,38.00133415065164],[-120.84475426308977,38.00317439896832],[-120.84524802453073,38.003533420654314],[-120.84529288793884,38.0036231963796],[-120.84596618759196,38.00411690991131],[-120.84991592190745,38.00712411678104],[-120.85108284668112,38.008111550705294],[-120.85130724054264,38.00829108493119],[-120.85189078533386,38.00878475586203],[-120.85238443052302,38.00923364391249],[-120.85251910051201,38.00932337489603],[-120.8527434917537,38.00954779720658],[-120.85534678575368,38.0117021620651],[-120.85709717909327,38.01313850896454],[-120.85777041414484,38.01372199543079],[-120.85866811355477,38.01444010374799],[-120.8587579181809,38.01452985304351],[-120.85880277666226,38.014574703658084],[-120.85889258119005,38.014664452489576],[-120.85920667748573,38.014933778226],[-120.85996970472526,38.0155621444507],[-120.86001465037775,38.01556214875722],[-120.86001465037775,38.01560704097678],[-120.86010436640684,38.01565191923152],[-120.86014931201004,38.01569681556716],[-120.8612713697247,38.01663935924035],[-120.86275253680567,38.01785120275922],[-120.86463756900561,38.01942212670393],[-120.86661245877536,38.02108278304939],[-120.86670225759536,38.02112769390274],[-120.86683691189802,38.02126232926623],[-120.86706127700221,38.02144189934696],[-120.86715107549408,38.02148673595646],[-120.86849751934875,38.02265374198672],[-120.86926057649258,38.023282078072214],[-120.86975432713002,38.023641154328665],[-120.8699338325031,38.023820681831836],[-120.87132518735714,38.02498763482176],[-120.872402377086,38.025840480282724],[-120.8731205567228,38.026468776107016],[-120.8739284380884,38.02714204746248],[-120.87406308446563,38.02727672205753],[-120.87424258353774,38.027366461364984],[-120.87437722957029,38.02750113458571],[-120.87437722957029,38.02754601497118],[-120.87446702271093,38.02759090787375],[-120.87505054511962,38.02808455879438],[-120.875140250165,38.02812947558424],[-120.87603799782732,38.02889251140255],[-120.87689071186017,38.02974531124365],[-120.88537364093084,38.038048668396726],[-120.88645088248059,38.03908102969502],[-120.88649573084203,38.039170778141944],[-120.88761781047965,38.0402479711316],[-120.88842577153129,38.041055835032175],[-120.88869503230268,38.04132518317351],[-120.88878481495924,38.04137004068718],[-120.88878481495924,38.04141490799557],[-120.88887459755003,38.041504705700866],[-120.88896438007505,38.04154956276243],[-120.89040062875196,38.04298584424976],[-120.89686375835625,38.04931440141287],[-120.89699846712756,38.04944900722211],[-120.89699846712756,38.04949394014375],[-120.8970433116271,38.049538801116],[-120.8970882436971,38.04958370975211],[-120.89722286463463,38.049673480181376],[-120.89726770905196,38.04971834080845],[-120.89726770905196,38.04976327347873],[-120.89731264103959,38.04976324909887],[-120.89735748542407,38.049808109571146],[-120.89785121050055,38.050301808357645],[-120.89834493358555,38.050795570951074],[-120.89865910404173,38.051109723382865],[-120.89883865467904,38.05124439293884],[-120.90207025835478,38.05443112178889],[-120.91293203198722,38.06511333450599],[-120.91418873423586,38.066325133497145],[-120.91858735302635,38.07067883431627],[-120.91863218960872,38.070723731577864],[-120.918677113746,38.07076860330078],[-120.9187668743997,38.0708134591222],[-120.9187668743997,38.07085837197521],[-120.91881171091615,38.070903268926834],[-120.91885663498742,38.07090322757044],[-120.92635215557782,38.0773215910054],[-120.92644191058838,38.077411335263406],[-120.92832701325358,38.07902711975252],[-120.92837184625859,38.07907200149612],[-120.92864119419946,38.07934133471554],[-120.92873094752619,38.07938616713872],[-120.93555323294038,38.08553516564521],[-120.93564298118018,38.08562495308581],[-120.9388296575587,38.088317980776935],[-120.94210616919848,38.09630720649824],[-120.94502354050175,38.103533421739456],[-120.94506845491844,38.10362319912114],[-120.95067886195133,38.11744725143282],[-120.9507237742817,38.117537000747674],[-120.95157649257503,38.119691393381004],[-120.95373093664088,38.124897846572026],[-120.95426951981034,38.12628925483383],[-120.9551223008009,38.12835385490312],[-120.95561605484747,38.12965548414553],[-120.95628927300443,38.13127129938538],[-120.96077759062142,38.14240231547936],[-120.96172014253403,38.144691392580526],[-120.96593916988188,38.15510432345074],[-120.9685873234399,38.161567461376215],[-120.96917074631152,38.163003773593076],[-120.97119051451526,38.16798583627496],[-120.97128032400558,38.168165349766014],[-120.9733897775214,38.17341669721141],[-120.97518513439515,38.17790499856583],[-120.97527494093063,38.17799474375656],[-120.9753197566428,38.17812944294601],[-120.9753197566428,38.17821924401187],[-120.98115458600986,38.192536977804295],[-120.98119948707705,38.192626721489304],[-120.9812443881276,38.19276135441293],[-120.98133419017888,38.19298580293615],[-120.98151370655583,38.19343464930081],[-120.98164832178269,38.193838565829665],[-120.98173812353494,38.1940181208055],[-120.98173812353494,38.19410789767164],[-120.98182783769472,38.19428740414918],[-120.98218695624756,38.19509534010557],[-120.98254598621166,38.195858326981245],[-120.98636107343478,38.20443103301767],[-120.98645087169733,38.20465542444372],[-120.98654058237076,38.20483503323681],[-120.98712409397977,38.20627126642754],[-120.98761780544858,38.207438200447676],[-120.98775250142114,38.207797240742245],[-120.99161240953542,38.21659442800991],[-120.9955172654944,38.22539153963577],[-120.9955172654944,38.22548134096286],[-120.99556216124162,38.2255261527609],[-120.99560705697222,38.22566083847361],[-120.99565195268619,38.22570572298117],[-120.99565195268619,38.22579545087448],[-120.99569676086755,38.22579549688611],[-120.99569676086755,38.22588529758673],[-120.99574165654825,38.22593018181179],[-120.9957865522123,38.22606479342599],[-120.99601094276723,38.2265584915193],[-120.99610073387908,38.226693194295386],[-120.99708816917085,38.22889246377363],[-120.99856935076915,38.23212404492712],[-121.00000562016547,38.23540052140831],[-121.00099302361345,38.23759979739836],[-121.00224977886234,38.24029278828778],[-121.00346162826064,38.24303067066596],[-121.00404505835974,38.244332318591056],[-121.00404505835974,38.24442209046641],[-121.0040899509447,38.24446695061024],[-121.0042246285996,38.24482599537476],[-121.00440419857298,38.245185047789874],[-121.00444900351506,38.24531970297678],[-121.0056609183989,38.24859621210379],[-121.00624433789385,38.24989784721287],[-121.00610974999542,38.24989779751115],[-121.00633412141512,38.25039152370388],[-121.00637901315076,38.250526211952945],[-121.00637901315076,38.2506159744634],[-121.00682784208325,38.25164829723789],[-121.00759090870203,38.25339871134129],[-121.00794995088266,38.25425151817981],[-121.00830899199764,38.25510430908962],[-121.00848855590883,38.25555310626968],[-121.00866803204684,38.256001924705565],[-121.00925152454498,38.2573484530874],[-121.00979012377509,38.25869493763183],[-121.0107327322847,38.260939099130226],[-121.01077762238783,38.26098401131175],[-121.01234850298714,38.26475417283281],[-121.01252806090027,38.26515811561571],[-121.0144580291165,38.269870886645826],[-121.0145926952264,38.270140151094104],[-121.01513127066379,38.27139689707094],[-121.01526593602364,38.27171105349519],[-121.01638796651852,38.274404089639226],[-121.02599300664575,38.29751900982823],[-121.02599300664575,38.29765365444229],[-121.02608277549682,38.297788266582764],[-121.02617254428118,38.29801271354807],[-121.02707022845347,38.30025683227229],[-121.02729464845352,38.30025689093015],[-121.02742930025326,38.30021195903],[-121.02760883575259,38.30012220284743],[-121.02774348720186,38.30012222285468],[-121.02801278964978,38.30003243075631],[-121.0282820914968,38.29994271091568],[-121.028416742195,38.29994265722296],[-121.0284616257277,38.299897759986095],[-121.02855139274298,38.29985291762061],[-121.02855139274298,38.29980803829477],[-121.02859627622563,38.299763140984254],[-121.02859627622563,38.29944898478235],[-121.02868604314077,38.299359189869065],[-121.0287309265733,38.29926941275539],[-121.02882069338831,38.29922457017153],[-121.02891046013656,38.299224534291035],[-121.02904511013372,38.299224553159384],[-121.0292246432296,38.299179674188224],[-121.02926952646183,38.29913477652509],[-121.02935929287625,38.29908986070296],[-121.02940417605839,38.29904503583826],[-121.02944905922385,38.29904501767252],[-121.02949394237264,38.29904499948451],[-121.0296285917188,38.29908989714035],[-121.02971835786612,38.29908986053671],[-121.02985300696191,38.299044998889556],[-121.02994277294229,38.29900015551295],[-121.03007742178768,38.298910341313366],[-121.03021207048285,38.29891035872165],[-121.03034671902773,38.29891037592901],[-121.03052625018721,38.29891037427428],[-121.03079554642562,38.29904504517282],[-121.03093019431944,38.29913474672308],[-121.03097507691733,38.29917967966547],[-121.03106484206303,38.299179641669376],[-121.03115460714193,38.29917967643953],[-121.03142390197799,38.29917963450331],[-121.03173807852706,38.29917964527496],[-121.03191760761635,38.29917964053125],[-121.03205225425805,38.29917965495285],[-121.03214201860233,38.29917968874063],[-121.03218690074944,38.29917966917354],[-121.03223178287985,38.29917964958415],[-121.03227666499357,38.29917970282737],[-121.03250107531166,38.2991796772889],[-121.0329050128323,38.29922452291807],[-121.033039658372,38.299224535826255],[-121.0331294219816,38.29922456860493],[-121.0331743912502,38.29917964457825],[-121.03321927301323,38.29913474612913],[-121.03326415475956,38.299044969242054],[-121.03330903648919,38.29895526512489],[-121.03335391820212,38.298910366570915],[-121.03339879989841,38.29891034648151],[-121.03348856324077,38.29886550062808],[-121.03353344488691,38.29886548048512],[-121.03362320812909,38.29891039140907],[-121.0338027344131,38.29895526157626],[-121.03384761594235,38.298955241250354],[-121.03389249745491,38.29895522090212],[-121.03393737895075,38.29891039508645],[-121.03402714189235,38.29882059767269],[-121.03411690476719,38.298775678522695],[-121.03420666757519,38.29873083216244],[-121.03429643031642,38.29873086407481],[-121.03438619299087,38.298730823043506],[-121.03443107430299,38.29868592419713],[-121.03447595559842,38.29859621983885],[-121.03447595559842,38.29855126861355],[-121.03452083687723,38.29855132092781],[-121.03465548061328,38.298641088633104],[-121.03479012419905,38.2987308558609],[-121.0350145298413,38.29873082474214],[-121.03505941091969,38.29868592577076],[-121.03514917302628,38.29864107874957],[-121.03519405405456,38.2985961797202],[-121.03528390354823,38.29841667243375],[-121.03537366548777,38.29819223922284],[-121.0354634273605,38.29814731910417],[-121.03550830827177,38.29805754145876],[-121.0355531891664,38.29801271500954],[-121.0356429509055,38.29801267315653],[-121.03568783175001,38.29801272505106],[-121.03591223572197,38.298012692770904],[-121.03618151993717,38.29810246797261],[-121.03654056462207,38.29810244302016],[-121.03667520610331,38.298057573474495],[-121.03685481533064,38.298057607497434],[-121.03707921713105,38.29805757224889],[-121.03725873827074,38.29805755821912],[-121.03743825914314,38.29805761668588],[-121.03757289962205,38.2980575510212],[-121.03788706015484,38.29801273788183],[-121.03806666757704,38.29796781901622],[-121.03815642744522,38.29796777469074],[-121.03820130735424,38.297922947682395],[-121.03829106712216,38.29792290324979],[-121.03842570664878,38.29792290928686],[-121.03851546624966,38.297967815056175],[-121.03882962432648,38.29801268112003],[-121.03900914286001,38.298012736514956],[-121.03932338713474,38.29796782040881],[-121.0394131460673,38.297922897529716],[-121.03963754310624,38.29774341973578],[-121.03972730180489,38.297743373982115],[-121.03977218112915,38.297743423924636],[-121.03986193972754,38.2977433780371],[-121.03990681900167,38.297743427912614],[-121.03995169825909,38.29778828217239],[-121.04008633593114,38.297788285852405],[-121.0402659400769,38.297788240554965],[-121.04035569830764,38.29778826700226],[-121.04044545647153,38.29778829336025],[-121.04058009359208,38.297698542130874],[-121.04058009359206,38.297653665001036],[-121.04058009359208,38.29760871498967],[-121.04062497259883,38.29756388737366],[-121.04066985158886,38.29747410966156],[-121.04071473056219,38.29747408636292],[-121.04084936738198,38.29742921199131],[-121.04093912517826,38.29738436087593],[-121.04102888290772,38.2972945596154],[-121.04111872805339,38.29715992821343],[-121.04134312191735,38.29693549716219],[-121.04156751536351,38.29657643299214],[-121.04174702981967,38.2963520239805],[-121.04192663149092,38.29612758881434],[-121.042016388485,38.29594803071073],[-121.0422856590661,38.2956338901354],[-121.04237541579275,38.295499209136786],[-121.04251005075743,38.295409455272214],[-121.04259980731696,38.29531972486768],[-121.04273452951287,38.29527482317429],[-121.04291404223072,38.29518504518944],[-121.0429589203684,38.29509526534203],[-121.04304867659364,38.29505041264393],[-121.04313843275202,38.29496060892163],[-121.04327306686426,38.29491573228385],[-121.04336282285551,38.294870879358264],[-121.04349754419836,38.29478109875141],[-121.0435873000224,38.29469129466339],[-121.04363217790934,38.29460158724683],[-121.04367705577961,38.2945118068914],[-121.04367705577961,38.29442205033541],[-121.04363217790934,38.294377123007976],[-121.04354242211875,38.29419758404706],[-121.04349754419836,38.2941078507063],[-121.04354242211875,38.29397319122467],[-121.04354242211875,38.29383855518357],[-121.04363217790934,38.29374875042249],[-121.04376681146996,38.293658994739395],[-121.04376681146996,38.29361411595211],[-121.04385656709344,38.29361414140896],[-121.04408095585963,38.29361416823288],[-121.0441707112491,38.29361412052221],[-121.04421567639962,38.293614143878656],[-121.04426055405253,38.29356924129856],[-121.04435030930823,38.293524387619954],[-121.04448494206638,38.293434631205166],[-121.04457469715496,38.29329994703955],[-121.04466445217663,38.293255093129126],[-121.04493380432079,38.29312043254441],[-121.04497868170624,38.29307552965],[-121.04502355907499,38.293030626731046],[-121.04502355907499,38.29285111128532],[-121.0451133137623,38.292761378104544],[-121.04533770018803,38.2925369354405],[-121.0455172965076,38.29240224890494],[-121.04565192796177,38.29226761190718],[-121.04578655926544,38.29217785382968],[-121.04614557533972,38.29195348220169],[-121.04637004732213,38.29186364909299],[-121.04650467782325,38.29181884222688],[-121.0465944314071,38.29177391404506],[-121.04663930817394,38.29172908320849],[-121.04663930817394,38.29159437273754],[-121.04668418492409,38.29154954182983],[-121.04672906165749,38.29141487942445],[-121.04686377923629,38.29132509443393],[-121.04699840918562,38.29128021425729],[-121.04713303898453,38.29123533393121],[-121.0473575091268,38.291190451265585],[-121.0474921385243,38.29114557053334],[-121.04762676777135,38.29114556890969],[-121.04789602581403,38.291145565059885],[-121.04812049453437,38.29110068080026],[-121.04825512307907,38.29110067827944],[-121.0483448753586,38.291145579816266],[-121.04838975147328,38.29114555458815],[-121.04843462757124,38.29119048118124],[-121.04843462757124,38.291280239070296],[-121.04847959113017,38.2913699458912],[-121.04847959113017,38.29150458229357],[-121.0485244671947,38.29154950847603],[-121.0485244671947,38.29163926584799],[-121.04861421927346,38.29163928775158],[-121.04874884726627,38.29168416258771],[-121.04897322691984,38.29163930161839],[-121.04910794198858,38.29163927173017],[-121.04919769363255,38.291594414582825],[-121.04928744520963,38.29159436298894],[-121.04942207244984,38.29159443114002],[-121.04946694816314,38.29163928363293],[-121.04960166267959,38.29177388788422],[-121.04969141395563,38.291773908635996],[-121.04973628956851,38.29181883359952],[-121.04982604074421,38.291773903169194],[-121.04991579185298,38.291773923697804],[-121.05018513225446,38.29172900819075],[-121.0507685990022,38.29204322063788],[-121.05126231288435,38.29253691597713],[-121.05166627500493,38.292671568422186],[-121.05215998520609,38.29271648205923],[-121.05274344238359,38.29303066931863],[-121.05337185846537,38.29321016651194],[-121.05368597780209,38.2935692669462],[-121.05373085192612,38.29361411418395],[-121.0537758135073,38.29361413277593],[-121.05408993178986,38.293748777248744],[-121.05435926285305,38.293973174097005],[-121.0544041367261,38.2940180932677],[-121.0544490105824,38.29406293951068],[-121.05476321458127,38.29433225176278],[-121.05525691208061,38.29491578318575],[-121.0554813670777,38.29505037737032],[-121.05593018834374,38.29514016402764],[-121.05628926164582,38.295409431620286],[-121.0566483338764,38.29558902099375],[-121.05790503451013,38.29608270115452],[-121.05803965211247,38.29612762535932],[-121.0582192294853,38.29626223763738],[-121.05835384673613,38.29635203369872],[-121.0584436789568,38.29639689003056],[-121.05853342363999,38.29644177181221],[-121.05862316825626,38.29648665342204],[-121.05862316825626,38.296531525921694],[-121.05866804053927,38.29657643928176],[-121.05871291280555,38.29662135256367],[-121.05916180948775,38.29680083323775],[-121.05920668156989,38.296800873792044],[-121.05925155363522,38.296800841479644],[-121.05934129771576,38.29684572171471],[-121.05934129771576,38.29689059376821],[-121.05938616973096,38.29693550621747],[-121.05947591371104,38.296935514155805],[-121.0596106170253,38.296935463851185],[-121.05974523271918,38.29698038368738],[-121.0597901045837,38.29702529573027],[-121.0599248075461,38.29707011663984],[-121.06001455112438,38.297204811841794],[-121.06005942288839,38.29724972345833],[-121.0601042946357,38.297384305196324],[-121.0602389972463,38.297518940622005],[-121.0602838689266,38.297653594351274],[-121.06059805768888,38.29810248386645],[-121.06082241525327,38.298282018237295],[-121.06113660260883,38.298416660298614],[-121.06131617535853,38.298685940317164],[-121.0616752325855,38.298955227471275],[-121.06212403074483,38.29904503576673],[-121.06275239783456,38.29917969193233],[-121.06365007190514,38.299314324077486],[-121.06418869062409,38.29935922700213],[-121.06459260934685,38.299448982506895],[-121.06477217693578,38.299448959309736],[-121.06486191689677,38.29944896039094],[-121.06504148408348,38.299404067957596],[-121.06517609369831,38.299269426610586],[-121.0653107906279,38.29917962820916],[-121.06535566041575,38.29917966499295],[-121.06562496625644,38.29913477238224],[-121.065849401907,38.299134784057784],[-121.06616357612788,38.29917966368861],[-121.06652261888,38.29913476852533],[-121.06665731430085,38.299134778574164],[-121.06701635557819,38.29904501332942],[-121.06710609386393,38.299000144075194],[-121.06715096298166,38.29900010718129],[-121.06746522126465,38.29891035183115],[-121.06795886662738,38.29873080878063],[-121.06800382289032,38.29873081875144],[-121.0683628601454,38.29855131290683],[-121.06849746604087,38.29850640527563],[-121.06854242210228,38.29846154678149],[-121.06890145774838,38.29823709824544],[-121.06917075564465,38.29792291424515],[-121.06930536063524,38.29765366330918],[-121.06939518467438,38.29733940911981],[-121.06957465762639,38.297159929507714],[-121.06961961328489,38.2971149974932],[-121.07015820525525,38.2964866938275],[-121.07051723607373,38.295948082308804],[-121.07105582402062,38.29531969783291],[-121.07141493961798,38.2950054755345],[-121.07177396668114,38.29478108979715],[-121.07208812541381,38.294646480447284],[-121.07280626190362,38.29455670828417],[-121.07307555104796,38.2944669314736],[-121.07329997278373,38.29437719265958],[-121.07343466060782,38.294197645969035],[-121.07352439410023,38.294062959971804],[-121.07361421498511,38.293838581554475],[-121.07365908167266,38.293658990954],[-121.07374881499743,38.293479507128694],[-121.07379368163468,38.29343459863831],[-121.0738835023182,38.2932550887613],[-121.0741079225444,38.29312040577577],[-121.0743772087706,38.29298575652195],[-121.07491577941168,38.292716456269204],[-121.07527488346953,38.29253690438518],[-121.07585831595102,38.292222763774745],[-121.07608273248707,38.29208815003158],[-121.07626228290543,38.292043242664086],[-121.07639696740738,38.29195343148188],[-121.07698048189421,38.29177394315368],[-121.07715994351331,38.29172906007649],[-121.07733949232095,38.29168415108488],[-121.07751904086008,38.29168418464183],[-121.07783318456521,38.29168417068293],[-121.07796786730508,38.291684170528086],[-121.07823714487552,38.29168419525187],[-121.07841669207221,38.29154954493977],[-121.07850650929781,38.29150464175448],[-121.0785962390004,38.291414821490946],[-121.07868596863594,38.29123533420165],[-121.07873092088428,38.291100658400815],[-121.07891037988695,38.290921162718774],[-121.07908992607678,38.2906518278871],[-121.07917974279869,38.29047231354611],[-121.07922460740674,38.290202978363055],[-121.07926947199806,38.28975415972853],[-121.07935928858565,38.28961951441199],[-121.07949388215829,38.28948485435167],[-121.07985297252398,38.28935023273883],[-121.08007738159331,38.28930535291488],[-121.08039160605827,38.28912582655866],[-121.08052619847338,38.28899116537046],[-121.08070574224637,38.288856510559995],[-121.08101996506633,38.288721853399274],[-121.08133409960982,38.28858722108538],[-121.08200740470474,38.2882281200494],[-121.08218685880868,38.288138359573466],[-121.08227667321314,38.288048582717444],[-121.08245621436744,38.28782418337734],[-121.08272548186875,38.28759977388636],[-121.08299483621849,38.287375338033115],[-121.08321923941315,38.28719583964533],[-121.0835783186325,38.28688164993487],[-121.0837129074737,38.286702113194835],[-121.08384758361585,38.28652255047255],[-121.08402712241967,38.28643283447686],[-121.08425152368372,38.2863430766036],[-121.08456573721915,38.286432840148294],[-121.08465546239164,38.28647770053419],[-121.08470032495268,38.28647773149473],[-121.08474527494833,38.28656747907967],[-121.08483499998653,38.28665721011065],[-121.0850145373127,38.28683679127978],[-121.0852389367299,38.28697138535405],[-121.0853736111591,38.28706119248877],[-121.08550828543713,38.28706118522511],[-121.08577754608899,38.28701632523416],[-121.08582240823041,38.28697141211594],[-121.08604689358685,38.28670206993368],[-121.08627129107295,38.28652256687256],[-121.0865405500121,38.28625327906605],[-121.08685475755208,38.286073736437636],[-121.08748317016277,38.28562490701095],[-121.08784223661944,38.28544539162709],[-121.08797682067683,38.285355593124976],[-121.08824616323602,38.28535557368564],[-121.08842569545658,38.28544540748576],[-121.0886052274084,38.28544535360147],[-121.08873989805794,38.28540047230458],[-121.08887448110798,38.28522100438375],[-121.08882962010809,38.28508628986203],[-121.08882962010806,38.284951677182505],[-121.08882962010806,38.28486186240893],[-121.08909896075198,38.28445792906844],[-121.08923354339903,38.28427838661155],[-121.08945802237095,38.28409885115929],[-121.08968241347488,38.2840090835034],[-121.08990680415886,38.28396425955102],[-121.09017614238329,38.283964236846714],[-121.09044539255557,38.284009110059344],[-121.09107378635063,38.284009117552216],[-121.09125331433765,38.28396426212424],[-121.09147770208176,38.28391936193053],[-121.09170217685214,38.283829564851075],[-121.09197142359734,38.28373982117508],[-121.09224075718366,38.283784663395814],[-121.09237542374991,38.283829592279425],[-121.09251009016486,38.28382957746473],[-121.09264466898298,38.28382958809541],[-121.09277933509547,38.28378470238447],[-121.09286914156824,38.28369491830386],[-121.09295886052837,38.28351541857196],[-121.09300380742853,38.2833358651071],[-121.09295886052837,38.28311143605487],[-121.09295886052837,38.28302169421805],[-121.09295886052837,38.28279726627694],[-121.09309352628784,38.28257282305358],[-121.09327305125018,38.28239335135652],[-121.09349752265868,38.28225867993295],[-121.09367704701592,38.28216887726062],[-121.09385657110424,38.28207914717299],[-121.09394628932527,38.28198938713084],[-121.09421561847428,38.28185474207014],[-121.09444000067326,38.28185470845956],[-121.09457466476867,38.281944507553945],[-121.09475418751249,38.28194451846476],[-121.09493379743132,38.2818546883666],[-121.09497865614705,38.28180984448795],[-121.09502351484595,38.281675185402804],[-121.0950683735281,38.2816303414443],[-121.09520303691743,38.281585453395024],[-121.09524789553235,38.28158540773088],[-121.09542750471127,38.28163026320502],[-121.09569674308818,38.28180981057514],[-121.09578654737491,38.28185470950576],[-121.0958762641511,38.281854763099396],[-121.09596606830333,38.28189958889962],[-121.09610073068389,38.28198938470568],[-121.09632510935332,38.28198934620707],[-121.09641491316913,38.28198937353556],[-121.09650462947486,38.28198935358184],[-121.0966392912502,38.28207914806572],[-121.09672909483056,38.28221378618236],[-121.09690861434687,38.28230353300277],[-121.09704327566817,38.282258642588026],[-121.09717793683814,38.28225869505798],[-121.09735745568197,38.28225862757289],[-121.09749211649884,38.28225867957391],[-121.09767163487192,38.2823484243086],[-121.09789601059957,38.28239332410008],[-121.09803067081108,38.28248311479165],[-121.09812047334856,38.28261774925237],[-121.09816533087127,38.28270751391687],[-121.09825513330783,38.28284214755434],[-121.0984346505376,38.28293188886464],[-121.09847950794264,38.282976783374174],[-121.09861416749833,38.283066571569655],[-121.09870396959839,38.28311146516164],[-121.09892834339261,38.28311141851434],[-121.09915280420738,38.28302168036311],[-121.09942212165363,38.28288702457903],[-121.0996464941027,38.28279723835319],[-121.09996066728942,38.28270747509141],[-121.10018512616979,38.28266260410607],[-121.100454441295,38.28266262590136],[-121.1006339552288,38.28275236196781],[-121.10090326934483,38.28284211969735],[-121.10112763901928,38.28293195084705],[-121.10148675203892,38.2829767866653],[-121.10166626442543,38.283021650949834],[-121.10189063267049,38.283111479245555],[-121.10198043231406,38.283156295703215],[-121.10207023189031,38.283201184826865],[-121.10211508793383,38.28324607618754],[-121.10215994396054,38.28324609943224],[-121.10220488740907,38.283246097000806],[-121.10233945533794,38.28324609369637],[-121.1025190538846,38.28320119398984],[-121.10278836376142,38.28311147200799],[-121.10292301847267,38.28302163358217],[-121.10301272990404,38.28293194343801],[-121.10319224000303,38.282797259574565],[-121.10341669282661,38.28266264539299],[-121.10404501859458,38.28248309650938],[-121.10440412286509,38.28234844959981],[-121.10444897803434,38.28230353117598],[-121.10471828357029,38.28221380504147],[-121.10498758850042,38.28212400547203],[-121.10512224073832,38.28207910546332],[-121.10534668994367,38.28198935582155],[-121.10557105129209,38.28194449931673],[-121.10610965670975,38.28167516007155],[-121.10642390037461,38.281495617663765],[-121.1066932014676,38.281405887224224],[-121.10700735616535,38.281360972594925],[-121.107231801836,38.281316087334545],[-121.10754595512005,38.28122637622869],[-121.10794990274545,38.28122634311532],[-121.10812940544098,38.28122632827759],[-121.10844364380291,38.28122632400707],[-121.1086231457579,38.281226381023984],[-121.10898223629376,38.28118145532487],[-121.10925153163014,38.281136586245694],[-121.10947597309196,38.28109169626565],[-121.10952082636051,38.28104684923986],[-121.10970032669967,38.28095702416589],[-121.11005941400303,38.28073262596046],[-121.11028385394947,38.280642867269],[-121.11046335314396,38.2805531139324],[-121.1106877923327,38.28037354702684],[-121.11082243815736,38.28028377330161],[-121.1110019365438,38.28019401918233],[-121.11122637472218,38.280104258821495],[-121.11158545744547,38.27996959086821],[-121.1118995992995,38.27987986829219],[-121.11230361965859,38.279834926449944],[-121.11261775962667,38.27974520191164],[-121.11279734275026,38.27965541958344],[-121.11293198620058,38.27956564369094],[-121.11320127264662,38.27943103150077],[-121.11342570669862,38.27925145984588],[-121.11356034944164,38.27920662333216],[-121.11373984371984,38.27907192520123],[-121.11391942515868,38.278937273949175],[-121.1142335608832,38.27889241273821],[-121.11450284439879,38.278802664979054],[-121.11481706602021,38.27848850011814],[-121.11499655841233,38.27826406529121],[-121.11531077873656,38.27781522287153],[-121.11558005982654,38.277680605473876],[-121.11584934031016,38.27754591465855],[-121.11629819805417,38.277366376312706],[-121.11661241495806,38.2773214841452],[-121.11683684260844,38.27736638910961],[-121.11746518533191,38.27759076947147],[-121.11768961138158,38.27772547831219],[-121.11773446157008,38.27772542262924],[-121.11804867469938,38.27781519874286],[-121.1184975241867,38.27786005837148],[-121.11881164788393,38.27790499007975],[-121.11908092108926,38.27790496482677],[-121.11921564489062,38.277949829031215],[-121.11957470362474,38.27803961448525],[-121.11988882449134,38.278084541629056],[-121.12011324599088,38.27817430179773],[-121.12033766706911,38.278174329309415],[-121.12065187335564,38.278174288920376],[-121.12110071306786,38.27817426787229],[-121.12154955109442,38.278174317425375],[-121.1219086028171,38.278084556870134],[-121.12217786904517,38.27803965664585],[-121.12276142283042,38.27803962081912],[-121.12325510273624,38.27803960399578],[-121.12374886802513,38.27794982883886],[-121.12428739158041,38.27790502870597],[-121.12473621763695,38.27777032318683],[-121.12522997680462,38.27763567659605],[-121.12581342826127,38.277590783665815],[-121.12626224858427,38.27763567599832],[-121.12675600144412,38.27759082418403],[-121.12729459886322,38.277545909557126],[-121.12778834745535,38.277456115703664],[-121.12828200658667,38.27718688894585],[-121.12855134586852,38.277052218725146],[-121.12868597157201,38.27687269934017],[-121.12900015590266,38.276603374459214],[-121.12904508926466,38.276558496343696],[-121.12908993519085,38.27651357104588],[-121.12922456028716,38.27619945722683],[-121.12962852208393,38.27566079464629],[-121.12985292528755,38.27543640576506],[-121.1300773280694,38.27525688114099],[-121.13030181784757,38.27512219524522],[-121.13079546658774,38.27485295790885],[-121.13101995501562,38.27480800047177],[-121.13106480020001,38.27480801187134],[-121.13119942306957,38.27467342571383],[-121.13128920070407,38.27449389019117],[-121.13133413320466,38.274314342940116],[-121.13137897827109,38.274179686157815],[-121.13151360078638,38.27400016111234],[-121.13164831056694,38.27386547534347],[-121.13232150752326,38.2734615569547],[-121.1324562163921,38.27319220103209],[-121.13268061428066,38.272967805090474],[-121.13286016725424,38.272698531783185],[-121.13312940879219,38.272429207081274],[-121.13344358142936,38.272159939669436],[-121.13362313325516,38.2720252618084],[-121.13380268481089,38.27189065648654],[-121.13402708016801,38.271845720670136],[-121.13420663111603,38.271935516753594],[-121.13452080091761,38.271980379629625],[-121.13487990105794,38.27198036034188],[-121.13510429438962,38.27198036040021],[-121.13523891270322,38.27198043813638],[-121.13586733345802,38.272025263659906],[-121.13609172493287,38.27198039604656],[-121.1363161159858,38.27189066284106],[-121.13649566348971,38.271845711963316],[-121.13680982726478,38.271800836360256],[-121.13712407762569,38.271711069129935],[-121.13716892051652,38.271711078422435],[-121.13739330954358,38.27166620822993],[-121.13766262826658,38.27157645604032],[-121.13784217374415,38.271486710950406],[-121.13806656150493,38.27135203674766],[-121.138425650974,38.27117247231274],[-121.13860519530321,38.27099292325557],[-121.13873980966683,38.27085832867164],[-121.13882958162877,38.27063392193047],[-121.13900912535001,38.27040950652261],[-121.13918866880103,38.27027482130008],[-121.13932336991763,38.270140199946304],[-121.139592596872,38.27005039677506],[-121.13981706875126,38.26996063168171],[-121.13995168174725,38.26991576604426],[-121.14017606553986,38.269870891296236],[-121.14040053632101,38.269825990414276],[-121.14071468981236,38.269646436765505],[-121.14093915957977,38.26955666963737],[-121.14111870012546,38.26946691980713],[-121.14134308172248,38.26933223951954],[-121.14156746289733,38.26919763165021],[-121.14291400330663,38.2675818063382],[-121.14444006405422,38.26650461856871],[-121.1459660178608,38.26538256951957],[-121.14699837248344,38.263901376255035],[-121.1507685629319,38.26295885824368],[-121.15198040013364,38.26259977150652],[-121.15238437226205,38.26255489048344],[-121.15296786571736,38.26246510717687],[-121.15332691029955,38.262330511596886],[-121.15426944087832,38.26183678229965],[-121.15494268492482,38.26152256728058],[-121.15700731705213,38.260804426960746],[-121.15907200077365,38.26093911077789],[-121.16154058974556,38.260804431077354],[-121.16172009924557,38.26075958937941],[-121.16176493288076,38.2607595897277],[-121.16203428391641,38.2606698320969],[-121.16216895920559,38.2606697812936],[-121.16239330115616,38.26062493868496],[-121.16257289676422,38.26057999711652],[-121.16266265076943,38.26053517962397],[-121.1629768329516,38.26049028433197],[-121.16311150717395,38.26049023228358],[-121.1631563402849,38.2604453675495],[-121.16329101430411,38.26044538810552],[-121.1633807677676,38.260445361709195],[-121.16351544153277,38.260355580283566],[-121.16356027449152,38.260355652692645],[-121.16360519482701,38.26031076212585],[-121.16365002775191,38.260220959932504],[-121.16365002775191,38.260086366354614],[-121.1636949480535,38.25999653824607],[-121.1636949480535,38.259906808961034],[-121.16373986833814,38.25986191821315],[-121.16382962146302,38.25977216234232],[-121.16405404767572,38.25968235364552],[-121.16423355338381,38.259592570793444],[-121.16436822618364,38.25954772582259],[-121.16463748393308,38.25945798829963],[-121.16490682846577,38.259368151649504],[-121.16522100472153,38.25932332374597],[-121.16553518014746,38.25927842207584],[-121.16593910627698,38.25909889783002],[-121.16643286958724,38.258919318065345],[-121.1669265434565,38.258739834852825],[-121.1674651341545,38.258650050893856],[-121.16777930365268,38.25851541443439],[-121.16840772754932,38.25833584204601],[-121.16908097900279,38.25811147245219],[-121.16957464187912,38.257887041484764],[-121.17002347220027,38.25775241263615],[-121.17033772232791,38.257617744017985],[-121.17038255271498,38.25757287687067],[-121.17047230082707,38.25757284514306],[-121.17047230082707,38.25752798098619],[-121.17083137998621,38.25730357973973],[-121.1710557929864,38.257168894136846],[-121.17110071049085,38.25712400099041],[-121.17128020556298,38.25694447956796],[-121.17145978775193,38.256630265992456],[-121.17159445236865,38.256271215698504],[-121.17186369375695,38.25577753419932],[-121.17199835791612,38.255598013534495],[-121.17217785163282,38.255508219281175],[-121.17240234947836,38.25541844285841],[-121.17253692564023,38.25537361491739],[-121.17267158903674,38.25532868829072],[-121.17307557831082,38.25519405318155],[-121.173210241097,38.2551940636581],[-121.1734346496062,38.255194040685645],[-121.17347947882537,38.255194036880496],[-121.17379371981679,38.25514916206888],[-121.17397321082223,38.25514916747705],[-121.17424253420798,38.25519405018811],[-121.17446694076801,38.25523888910989],[-121.17455668579623,38.255238927551126],[-121.17469134690427,38.25523893577683],[-121.17496066866251,38.25523895162531],[-121.1752748183523,38.25523896195937],[-121.17567879877723,38.255328710927536],[-121.17599294656847,38.2553735824901],[-121.17635200904898,38.25532869414512],[-121.17657649900937,38.255283773679636],[-121.1768906444271,38.25523891458813],[-121.17756384783242,38.255238961998906],[-121.17792299294854,38.25519404240228],[-121.17841670648184,38.25514915001813],[-121.17873084703355,38.25510428526767],[-121.17922455720924,38.2551042520656],[-121.17949386869141,38.255149190467435],[-121.17967343846755,38.255238884657075],[-121.17971826533287,38.25523895056857],[-121.17976317956297,38.25523891791878],[-121.17994266155033,38.25528384696503],[-121.18021197140423,38.25532870973987],[-121.18057110851367,38.2561366011678],[-121.18142385818967,38.256450758203364],[-121.18200729657035,38.256809844933684],[-121.18362311843973,38.25667519778449],[-121.18434128356037,38.256675200256815],[-121.18479005809881,38.25658544586729],[-121.18528383046038,38.25645076777184],[-121.187662664273,38.256091709951306],[-121.18977216284787,38.256046790755555],[-121.18981698589992,38.25609171071278],[-121.191163504427,38.25663033718351],[-121.19201626537746,38.25672005031959],[-121.19268955775598,38.256360988799834],[-121.19313838809447,38.256226387341115],[-121.19412586128311,38.255732662919364],[-121.19587624258739,38.25420658169069],[-121.19708814414429,38.25330892829882],[-121.19758186532066,38.252815253979506],[-121.1980755844408,38.252456154324136],[-121.19879366207455,38.25205218474333],[-121.19937718977667,38.25169314293815],[-121.20085831853436,38.250660819822336],[-121.20153156070194,38.250167130994626],[-121.20211507492378,38.249628491241445],[-121.2025189639803,38.24931431607343],[-121.20283321544764,38.24908989235271],[-121.20314737871703,38.24886549348593],[-121.20341663589508,38.248775716101264],[-121.20373088498157,38.24877573514511],[-121.20700734289731,38.24882057885497],[-121.20790498079943,38.24882061828912],[-121.20803960405766,38.248820655354464],[-121.2087128927741,38.24882064056067],[-121.21140592199632,38.248820629700134],[-121.21257285027008,38.248820587621964],[-121.2127972716742,38.24882059624678],[-121.21373985439617,38.24882057753639],[-121.21391937231196,38.2487757014237],[-121.21499656144388,38.248820627248385],[-121.21751002285353,38.24662130278629],[-121.21759982266246,38.24653156369758],[-121.21782423453294,38.24644177630066],[-121.2181383580243,38.246307131855964],[-121.21863207880044,38.24599300699094],[-121.2189911868673,38.245768571148524],[-121.2194849040838,38.24558901433488],[-121.21988882123638,38.24536462496142],[-121.22047233233413,38.245050393402316],[-121.22074163745812,38.24487090937013],[-121.22136995546181,38.244691366634854],[-121.22249206214022,38.24442208578205],[-121.22303066257555,38.244377180482005],[-121.22329996187315,38.244377191540245],[-121.22352436292766,38.24446696634548],[-121.22379366110073,38.24460161817949],[-121.22388345613851,38.24460158820705],[-121.22419765088466,38.24464647392266],[-121.22473624355,38.24469134345888],[-121.22522993677954,38.24473626156671],[-121.22554412794695,38.244870853453925],[-121.22581342151891,38.24505042435556],[-121.22594811174869,38.24514019621672],[-121.22626221365965,38.24536459245761],[-121.22657640208317,38.24567881580413],[-121.22662129855362,38.24572369046069],[-121.22675598786279,38.245813459156906],[-121.22742925741281,38.246262274136775],[-121.22774344273377,38.246351996068185],[-121.2279678353527,38.24653153250309],[-121.22814733167188,38.246800901965074],[-121.22837181086983,38.24707018925696],[-121.22855130657538,38.24724970217702],[-121.22891038451395,38.24747413933571],[-121.22926946136141,38.24751901599855],[-121.22944895570335,38.24747411438172],[-121.22976313565427,38.2472945610708],[-121.23007731476977,38.24711507977256],[-121.23039149304982,38.24689067184042],[-121.23066086291986,38.24675599884461],[-121.23088524999837,38.246711112596294],[-121.23093014483177,38.2467110570529],[-121.23137891753964,38.246666208713584],[-121.231827775886,38.24666618539527],[-121.23236642111885,38.2467111183871],[-121.23286008247005,38.24675598447436],[-121.23330893518798,38.24684573076129],[-121.23357821106313,38.24689063159494],[-121.23362310487296,38.24689064747048],[-121.23389238003182,38.247070175705744],[-121.23420663550635,38.247294543396904],[-121.23443101584901,38.24742920068532],[-121.2348349692644,38.24747414176228],[-121.23523892129793,38.24742923273115],[-121.23559797890759,38.24742923133273],[-121.23591214250285,38.24738436290916],[-121.23654055452556,38.24729459750679],[-121.23672003781792,38.24720483281956],[-121.23703428576711,38.24733948425255],[-121.23734844554059,38.247474086708706],[-121.23748312261867,38.24747412811226],[-121.23770749673501,38.24733945248281],[-121.23797676257949,38.24715993948611],[-121.23820122309624,38.2470701605825],[-121.23842559584776,38.24702525757836],[-121.23887442740941,38.246935497268545],[-121.2392784529598,38.24689061953104],[-121.23954771522078,38.2468457272666],[-121.2396823897897,38.24684576595379],[-121.23995165112913,38.24684572286311],[-121.24004143388488,38.24684574827485],[-121.24013121657234,38.246711077437695],[-121.24017610789045,38.246666239881016],[-121.24031069440524,38.246441833766546],[-121.24183672531234,38.24563393421586],[-121.24237532488179,38.245409488606],[-121.24475414662643,38.24518507142333],[-121.24493370476122,38.245185041788325],[-121.24758180617356,38.24540947493762],[-121.24942204531135,38.246531598914295],[-121.24955670860805,38.24653155033894],[-121.25184569913267,38.24684579018776],[-121.25269854654687,38.246935535393185],[-121.25319221016498,38.24715993295963],[-121.25368595904261,38.247474136832146],[-121.25395527574032,38.247653625543926],[-121.2541348198636,38.2477882563316],[-121.25471824904865,38.247967803398865],[-121.25530176267117,38.24814739185836],[-121.25584038806576,38.248371741962465],[-121.25615449775025,38.248551320452734],[-121.25673800426033,38.24886549858287],[-121.2571419686129,38.24917965535872],[-121.25759081626893,38.24944896717189],[-121.2578152394557,38.249583657642034],[-121.25808454671547,38.249718276943284],[-121.25839865041668,38.24994268128863],[-121.25875772484784,38.2501671322798],[-121.25902702995289,38.250256903486175],[-121.25938610246853,38.25025692044716],[-121.25965540613691,38.250301774292524],[-121.2597451738895,38.25030177801445],[-121.26014912792964,38.250391550194756],[-121.2614956313901,38.25079545140846],[-121.26261770584613,38.25124430862857],[-121.26306653263462,38.25133406233851],[-121.26329094538728,38.25133406143656],[-121.26360512252236,38.25133405923592],[-121.26373976960934,38.25128921778664],[-121.26378465193747,38.25128921732944],[-121.26382953424844,38.251289216849905],[-121.26414370994628,38.25119945988955],[-121.26418867943977,38.2511545205672],[-121.26463750023937,38.251244338693375],[-121.26526584648404,38.251558492945854],[-121.26571466317675,38.251782894072605],[-121.26620835956211,38.252141951411325],[-121.26679190357436,38.25223172160739],[-121.26724071444794,38.2522766093116],[-121.2676446427708,38.252321497194366],[-121.26818321171126,38.25227662499268],[-121.26836282146,38.252276587218894],[-121.26881162634251,38.25218687956029],[-121.26903602814184,38.252141952263834],[-121.26921554927321,38.25209710072903],[-121.26926042951327,38.2520970973044],[-121.26948483045668,38.25205224189287],[-121.26997859834081,38.25191758951127],[-121.2700234782898,38.251917585761014],[-121.27038251726533,38.25178289589483],[-121.27074155514521,38.251513618520846],[-121.27105579970555,38.25133406703786],[-121.27145971493168,38.25119944281389],[-121.27186371608468,38.25106479146884],[-121.27195347452721,38.25101987192027],[-121.27235738667105,38.250930155360464],[-121.27280626362828,38.250795496218636],[-121.2732550515598,38.250705698891025],[-121.27343456625293,38.2507057514832],[-121.2737488036189,38.250705689496684],[-121.27406295283319,38.25075056242967],[-121.27437710120832,38.25070575938425],[-121.27487084855663,38.2505261763999],[-121.27567873872972,38.24998755958737],[-121.27581337200047,38.24989779387592],[-121.2758582497231,38.24985295038057],[-121.2762622357667,38.24953871604487],[-121.27684572990799,38.24926943812034],[-121.27693548454809,38.24922458782882],[-121.27720474805733,38.249134801316764],[-121.27733946689028,38.24908991844573],[-121.27747409825938,38.24908989869525],[-121.27765360651162,38.249089944836776],[-121.27814734010106,38.249224573963296],[-121.27882057808709,38.24931433303768],[-121.27931430677505,38.249538772432004],[-121.27980803338913,38.249673388616266],[-121.2800772903185,38.249763158629534],[-121.28034663393842,38.249897810496755],[-121.28088523201949,38.250032482415456],[-121.28119936216454,38.250032494471284],[-121.28160332985232,38.249987553358096],[-121.2819624207763,38.24994269255291],[-121.2821867974803,38.24985297567791],[-121.28227663534788,38.24985293146132],[-121.28227663534788,38.24980802312791],[-121.28250101145186,38.249673397337574],[-121.28259076177348,38.24958363475407],[-121.28268051202656,38.249179657937965],[-121.2827703495167,38.248910379850535],[-121.28294984967991,38.248596199471855],[-121.2830395996587,38.24855134491623],[-121.28321918671588,38.248281973869005],[-121.28326406161098,38.24823712836532],[-121.28353331062158,38.24801274561656],[-121.28380264632001,38.24792291822391],[-121.28389239564737,38.24792297213783],[-121.28456568802548,38.247833176724036],[-121.28492468259178,38.247743425750905],[-121.28496955683539,38.24769857972804],[-121.28519401510027,38.24756385019984],[-121.2855979690535,38.24747413423999],[-121.28591217390179,38.24738436470314],[-121.28627125165599,38.24720483909777],[-121.28636099909731,38.247159909394966],[-121.28640587279224,38.247115062890515],[-121.28654049377418,38.24702528652905],[-121.28703419002355,38.24653158303534],[-121.28730351769501,38.246307166514],[-121.28797679052047,38.245813462421985],[-121.28802166359803,38.245813451555705],[-121.28811140970173,38.245633938456386],[-121.28815628272785,38.24563392757718],[-121.28820115573683,38.245544170906676],[-121.28833586196232,38.24536462063321],[-121.28842560782593,38.245229943384466],[-121.28860518664852,38.24500554486498],[-121.28896416886792,38.244466978318435],[-121.28914374686691,38.24428741506257],[-121.28927836471037,38.244018141132315],[-121.2895028147404,38.243524413580914],[-121.28977213675002,38.24253694701979],[-121.28990675387301,38.24217791904599],[-121.28995162621305,38.24204324813854],[-121.29017607495608,38.24172908225482],[-121.29049026755548,38.24145973229678],[-121.29084933131101,38.2411904432499],[-121.2912532658109,38.240292816888044],[-121.29210600215755,38.23961953487308],[-121.29246514826949,38.23926046257705],[-121.29251001963165,38.23903603641951],[-121.29268950490864,38.23885656154185],[-121.29322813368861,38.23858719316505],[-121.29345257616697,38.238542343999725],[-121.29372180181755,38.23840768427014],[-121.29399111414779,38.23831791039198],[-121.29403598492652,38.23831797158196],[-121.29408094298535,38.23831793416141],[-121.29430529653582,38.23818328481427],[-121.29551714748132,38.2376447140105],[-121.30031964503165,38.2368816905782],[-121.30067876600293,38.23670209748782],[-121.30386550180438,38.23517611739573],[-121.30530176107402,38.23477212830799],[-121.3067828686485,38.23477215634719],[-121.30709701677071,38.23477215738379],[-121.30745611698264,38.234906772683885],[-121.30799476523748,38.23526583985787],[-121.30902701472162,38.235804457064816],[-121.30920656200809,38.23571468487414],[-121.30970025016315,38.23549032042762],[-121.31091211658044,38.23486194778406],[-121.31154047712647,38.23540051027452],[-121.3125279189701,38.23531078618583],[-121.31306654390808,38.23477214782182],[-121.31490671798818,38.23553516641171],[-121.31607375549297,38.235400506663986],[-121.31724069408621,38.234772170104264],[-121.3177344356572,38.23522099302],[-121.31804855440977,38.23504147252396],[-121.31818322634813,38.234772154614355],[-121.31863210259739,38.234547751573096],[-121.31899116744607,38.234413087282356],[-121.31948481435592,38.23418868417159],[-121.31979901568953,38.233829577166226],[-121.32011321617965,38.23382958183196],[-121.32038255515063,38.23378470162607],[-121.32083133568851,38.233650058086575],[-121.32096600442513,38.2336949414192],[-121.32145973028251,38.233246114732495],[-121.32163925850728,38.23288702700231],[-121.32168411870123,38.23284216870782],[-121.32177392631421,38.23266261135384],[-121.32204317418682,38.23261775387039],[-121.32231250871608,38.232617777245736],[-121.32307547438977,38.23248312431097],[-121.32334480654289,38.23243823772547],[-121.32374880361014,38.23261771301503],[-121.32433223610047,38.232976784160684],[-121.3244220416809,38.23311142742406],[-121.32514013474642,38.233111501073],[-121.32585831067739,38.232797273642014],[-121.32612754915057,38.23279731112166],[-121.32707009710784,38.23311145644574],[-121.32747408130956,38.23311143096105],[-121.32783311902494,38.232887074805504],[-121.32819224290981,38.23275235720024],[-121.32828195825495,38.23270754341665],[-121.32864108076149,38.232707467962264],[-121.32931429067335,38.232842180023496],[-121.32962846560856,38.23270751134027],[-121.32998749670938,38.232483076756296],[-121.33025681294654,38.2322586967463],[-121.33115447107706,38.231764971922544],[-121.33155844116796,38.23163028918181],[-121.33191755361096,38.23154053864911],[-121.33254588864595,38.23145080776299],[-121.33308450871243,38.23136098549544],[-121.33384749137942,38.23136101628286],[-121.334655411551,38.23127124897684],[-121.3348349195195,38.23127124977893],[-121.3349247170337,38.23122633272653],[-121.3351490796175,38.23113663993393],[-121.3352837318676,38.23109169272401],[-121.33550818102846,38.23091216462313],[-121.33595699079075,38.230598037342624],[-121.3364058860949,38.230283809704844],[-121.33680983803495,38.229834995197166],[-121.33712399282328,38.22965547577691],[-121.33739329261665,38.22943100848514],[-121.3374381467669,38.22943105075929],[-121.3374830881648,38.229386162365884],[-121.33824604211235,38.22907197873143],[-121.33864998768998,38.22898217752838],[-121.33896422479378,38.22893734184439],[-121.33905393187077,38.228937352326476],[-121.3395476686159,38.22902707760215],[-121.3399516096924,38.229161720147296],[-121.34017604988557,38.229206632264315],[-121.34022090296733,38.22920660044354],[-121.34080442777454,38.229475915388996],[-121.34129815711994,38.22961053109523],[-121.34179188437805,38.229655409068194],[-121.34233046182034,38.22961059016041],[-121.34277924537109,38.22952081195164],[-121.34295882811703,38.229431039404666],[-121.34327296636711,38.22907196568084],[-121.3433179055199,38.22907197930405],[-121.34340760925275,38.228757807521404],[-121.34354225198312,38.22853338269474],[-121.34372183355556,38.22835380185208],[-121.34376668527543,38.228353841303075],[-121.34403596975274,38.22826407322997],[-121.34435019236443,38.22821914868659],[-121.34484390671744,38.22817428060885],[-121.34529276786614,38.22812944413741],[-121.3454274084224,38.228129388893166],[-121.34601090721077,38.228264033084024],[-121.34690853154964,38.22839874054809],[-121.34735738475912,38.228533358155495],[-121.34803066133674,38.22880266781747],[-121.3487038467737,38.22925152838312],[-121.34919754271142,38.22961060097751],[-121.34982595929812,38.23001455081243],[-121.35031965048822,38.2303736080993],[-121.35135196266094,38.230687759349124],[-121.35175595014624,38.23073265108318],[-121.35207015197273,38.23073267069413],[-121.35238426569921,38.23073264228146],[-121.35247404971729,38.2307326852624],[-121.35332686356263,38.2308224167954],[-121.35400010569325,38.230957028298405],[-121.35467334393766,38.23104680750977],[-121.35512216727481,38.231001918261136],[-121.35588518043396,38.230822410718865],[-121.35628915221776,38.23073265837141],[-121.35678290330296,38.23068776874233],[-121.35718678472651,38.2307775583557],[-121.35763568563917,38.23077753001683],[-121.35803956410857,38.23073262179911],[-121.35866793305638,38.23059799608718],[-121.35943101025981,38.23046333554429],[-121.3599695935295,38.23032866634627],[-121.36064279730513,38.23019406036594],[-121.36167510533963,38.23001454512615],[-121.36239323106814,38.22992475686061],[-121.3627074914759,38.2297452003527],[-121.36288695629803,38.22952080772352],[-121.36288695629803,38.229161775776284],[-121.36266255979267,38.22880264444183],[-121.36257278362034,38.22848847188429],[-121.36257278362034,38.22844357404187],[-121.3627074914759,38.228353816724855],[-121.36288695629803,38.2282640423019],[-121.36320112812861,38.228308998893226],[-121.36378462524314,38.228398733143855],[-121.36418856964991,38.228578265107956],[-121.36436811943558,38.228668051710535],[-121.36454766894451,38.228802661900296],[-121.36477206181932,38.22902709366558],[-121.3648618362971,38.229116846100254],[-121.36522093351643,38.22952082185239],[-121.36549025570454,38.230059376642004],[-121.36562487294321,38.2305531426286],[-121.36580442051522,38.23086732479097],[-121.36634297432751,38.231136605915985],[-121.36656745098726,38.23118148705994],[-121.36661229392143,38.23118151429157],[-121.3666572240814,38.23118144288471],[-121.3669713857447,38.23122637715624],[-121.36750993416146,38.23113663588408],[-121.36804856732994,38.23095707696095],[-121.3689461965002,38.230463386541636],[-121.36943998119763,38.23010428954966],[-121.36997851819866,38.22992474837901],[-121.37020298785099,38.229835010907664],[-121.3705171399491,38.229790073582706],[-121.37060690999856,38.22974520450193],[-121.37092106100684,38.2297452332989],[-121.37123529840703,38.22974523514514],[-121.37128013954376,38.22979008210138],[-121.37159437597477,38.22979008260164],[-121.37208806220261,38.22992476545466],[-121.37240220921416,38.230104291457764],[-121.37267151479433,38.23037357786598],[-121.37280621097004,38.230732673911035],[-121.37303058793215,38.23095706353926],[-121.3731652836923,38.23104679727393],[-121.37321012408566,38.231046821264684],[-121.37352435530691,38.231046812381635],[-121.37361412303751,38.231046834125145],[-121.37433226238971,38.23100196669214],[-121.37496063068804,38.23095707357793],[-121.37500547038974,38.230957096702895],[-121.37599289905182,38.230822420380704],[-121.37603782559175,38.230822417172604],[-121.37621735710628,38.23077749085974],[-121.37657641930439,38.23073267508666],[-121.3771598493956,38.230642879709926],[-121.37792289267897,38.230553090882545],[-121.37855124158769,38.23059803154981],[-121.37926935047064,38.23077751233467],[-121.37953872739219,38.230822425980534],[-121.38025683017915,38.23100196880401],[-121.38088516648097,38.23122637992499],[-121.38151358662022,38.23149564836838],[-121.38173794679133,38.23167518235673],[-121.3821419161325,38.231944493981345],[-121.38250096004386,38.23207913980154],[-121.382725405541,38.23203426771597],[-121.38290492673447,38.23198940218271],[-121.38312937145193,38.23194445653761],[-121.38344357588245,38.231720037097126],[-121.38375769223373,38.23158542158439],[-121.384116818386,38.23140588257179],[-121.38443093291849,38.231271265384045],[-121.38479005699125,38.23122639264615],[-121.38514909272554,38.23127125026889],[-121.38541836879863,38.231361058320104],[-121.38582232535309,38.231585460052415],[-121.38627120309096,38.23185473794513],[-121.387034186594,38.232348418705854],[-121.38757281661016,38.23270753794866],[-121.38784208706865,38.23288703487826],[-121.3882909570066,38.23302170155964],[-121.38869490357786,38.233111488227024],[-121.38905392725084,38.23315632335489],[-121.38932328150369,38.23315631224405],[-121.38968230323535,38.23302167064307],[-121.3900414110832,38.23261775417535],[-121.39017599991783,38.23239333909426],[-121.39040043059605,38.2321240149171],[-121.3905799399365,38.23189966067844],[-121.39098396577563,38.231495655700485],[-121.39170208509134,38.23091219821856],[-121.39179183879071,38.230867314497885],[-121.3920610994727,38.2306428879526],[-121.39246503293738,38.23037356526807],[-121.39282413218432,38.230238962256784],[-121.39313831040613,38.230104296987044],[-121.3933178155162,38.23005941496914],[-121.39412575952346,38.22987983440572],[-121.39452968580854,38.22979012765821],[-121.39493369791066,38.22970032084874],[-121.39524787042626,38.22952076297516],[-121.39542737227603,38.22929640120668],[-121.3955171230969,38.229161740032524],[-121.3955171230969,38.229071965105085],[-121.39556204209195,38.228982177686504],[-121.39556204209195,38.22880262730936],[-121.39560687384838,38.228578275040356],[-121.39560687384841,38.22835383576758],[-121.39565179280874,38.228219159668264],[-121.39565179280874,38.22812938361152],[-121.39569671175177,38.22799477991828],[-121.39587621290777,38.22781523033529],[-121.39605571378632,38.227725456814674],[-121.39628013310474,38.227635743464916],[-121.39628013310474,38.22759085526635],[-121.39641480193177,38.22759084407047],[-121.39650455198947,38.22754595696061],[-121.39677388896678,38.227456157536444],[-121.39699830689723,38.2273214819888],[-121.39744714145691,38.22732153113054],[-121.39749197248554,38.227321544172604],[-121.39767155808613,38.22736640643823],[-121.3979857231944,38.22745616850504],[-121.39821013878262,38.227411266588284],[-121.39829988745257,38.22741126595986],[-121.39843455393705,38.22741125191104],[-121.3987487169807,38.227680560570576],[-121.3988833829445,38.22794986929529],[-121.39901804875211,38.22808451521915],[-121.39910779679754,38.228174287402794],[-121.39937712773589,38.228353802681546],[-121.39960154063445,38.22844362980359],[-121.3996912882288,38.22848851378494],[-121.39996061781338,38.22862313881542],[-121.40009519515341,38.22871291980019],[-121.40018502958391,38.22875777692599],[-121.40022985955528,38.22884756065217],[-121.40045427080524,38.228982197076604],[-121.40058893479053,38.22907195035954],[-121.40058893479053,38.22911683630335],[-121.40076851560029,38.22916176088879],[-121.40108267232739,38.22929638986539],[-121.40121733558357,38.22938614114109],[-121.40130708192855,38.229475907346085],[-121.40135199868351,38.22961054821155],[-121.40135199868351,38.229834974758354],[-121.40130708192855,38.23005941616953],[-121.40135199868351,38.23028382568981],[-121.40144174492438,38.230508244446035],[-121.40171107044725,38.23068773969868],[-121.40198030812864,38.230732678379276],[-121.4021149703433,38.23073265582115],[-121.40220471599417,38.23073264929775],[-121.40251895604982,38.23064289101359],[-121.40287802420296,38.23059802558647],[-121.40305751425507,38.23073266365835],[-121.40310243033254,38.2308224152025],[-121.40332683602819,38.23086726718433],[-121.40337175200139,38.23082243911697],[-121.40350632538606,38.23082244028199],[-121.4036409858299,38.2306877635026],[-121.4036409858299,38.23046334315722],[-121.4036409858299,38.23032869060404],[-121.40368590168153,38.23014913668842],[-121.4037756461175,38.23001454866446],[-121.40395522199617,38.22992473848314],[-121.40400005051114,38.22992474750248],[-121.40413471038202,38.22987983830966],[-121.40444894521114,38.22987984377966],[-121.40494266632521,38.229924714887225],[-121.40516706846178,38.229969636413],[-121.40534655497295,38.230059385952174],[-121.40543638533829,38.230194002179026],[-121.40548121328098,38.23037361792423],[-121.40548121328098,38.2305082687204],[-121.40548121328098,38.230598035773724],[-121.40548121328098,38.23064291925715],[-121.4055261284202,38.230867318333715],[-121.40561587143277,38.23104684124025],[-121.40575052942823,38.23109169608249],[-121.40593010225022,38.23104683907683],[-121.40601984495024,38.231001945505824],[-121.40610958758086,38.23100193493368],[-121.40619933014202,38.231046807278965],[-121.40624424500324,38.23118151050917],[-121.40628915984703,38.231405906158805],[-121.40642381706097,38.2315405245078],[-121.40664821633248,38.231540555891364],[-121.40682770055203,38.231495650256164],[-121.40709701357326,38.23145077937533],[-121.40750098193267,38.231540523587235],[-121.40777029339067,38.2316302974029],[-121.40808443116002,38.23180984034014],[-121.40830891443065,38.232034250256284],[-121.40835374126328,38.232213783067365],[-121.40848839608039,38.23234846691133],[-121.40875770524559,38.23225870914713],[-121.40898210000181,38.232079135176356],[-121.4092065815349,38.23185472603471],[-121.40938606179537,38.23185477016884],[-121.4095656289889,38.23189959675732],[-121.40974510869371,38.232079165378074],[-121.40974510869368,38.2323484523968],[-121.40974510869368,38.232617738377705],[-121.40974510869368,38.2328870233208],[-121.4098797618953,38.23297682129024],[-121.41010424169075,38.23302169656855],[-121.41019398116103,38.23297680018097],[-121.41046328636534,38.23293191852715],[-121.41077741683996,38.232752399552986],[-121.41091206884275,38.23225867510561],[-121.4110018948976,38.23198934793384],[-121.4110018948976,38.2319444669858],[-121.41122628531106,38.231944486365194],[-121.41131602391297,38.23203430445962],[-121.41158532651123,38.23243822702933],[-121.41194445380854,38.23288705443773],[-121.41243814301514,38.233380740535274],[-121.41288700505659,38.23369496966782],[-121.41311139182147,38.23387449827516],[-121.41351533922851,38.23405403268049],[-121.41409884540039,38.23418869124914],[-121.41459252543183,38.234368197323],[-121.41486182041845,38.234637522125645],[-121.41517602618092,38.23508633112742],[-121.41522093756504,38.2351311847687],[-121.41544531981181,38.23535564905513],[-121.41566970162414,38.23562491584826],[-121.41593899410786,38.23575959742729],[-121.41611855115134,38.23575959753909],[-121.4164327535066,38.23580442565106],[-121.41701624499032,38.235894248573814],[-121.4176894672034,38.23602891811959],[-121.41854223879265,38.23629820373397],[-121.41908089698634,38.236522563732265],[-121.41917062950668,38.236522609556566],[-121.4195297332996,38.23674697154801],[-121.41997856787384,38.236971447780974],[-121.42051713218636,38.23724069300927],[-121.42078641340365,38.23755492020907],[-121.42078641340365,38.23764466894581],[-121.42092105377752,38.23800375096578],[-121.42096596293476,38.23840766126313],[-121.42101087207462,38.238452579859754],[-121.42101087207462,38.23849745359791],[-121.42123524310857,38.23872187880198],[-121.4216840710743,38.23899120485524],[-121.42217780598808,38.23926049726676],[-121.42262663030111,38.239574685765305],[-121.4229857233794,38.23997857322264],[-121.4229857233794,38.24002351810894],[-121.4230754528747,38.24015817415034],[-121.42316526950101,38.24069672260122],[-121.42329990710938,38.24096603401275],[-121.42338963636122,38.24110068706835],[-121.42352427370874,38.2414597379896],[-121.42365899809992,38.2418637038089],[-121.42379363513426,38.24208813746606],[-121.42392827201206,38.242312569793164],[-121.4241526373939,38.242536965288224],[-121.42451172574002,38.242851151250335],[-121.4250054485978,38.24307552574483],[-121.42549916935015,38.2433448373069],[-121.42558898409644,38.24365900328531],[-121.42558898409644,38.24370387229243],[-121.42558898409644,38.24401809997674],[-121.42558898409644,38.244062968753106],[-121.42576843898269,38.24415277557643],[-121.42707013257126,38.244736249259304],[-121.42715985890118,38.24478114999402],[-121.42742912467094,38.245185103399784],[-121.42769847701149,38.2457236275903],[-121.4274740313041,38.245948103931944],[-121.42738430521774,38.24603780603986],[-121.42715985890118,38.24639688203015],[-121.42702522578142,38.246621362684515],[-121.42680077876864,38.246980436532795],[-121.42648660453841,38.24715993867762],[-121.42576843898269,38.24693552178168],[-121.425364534299,38.24680084694387],[-121.425364534299,38.24742920125481],[-121.425364534299,38.24783314551916],[-121.42522989909133,38.248326892914584],[-121.42514008406648,38.24859622803441],[-121.42514008406648,38.24882063031145],[-121.42514008406648,38.24926943270118],[-121.42514008406648,38.249583636286125],[-121.42509526372706,38.24976317765554],[-121.42509526372706,38.249852908093324],[-121.42505035617113,38.249987609684254],[-121.42509526372706,38.25039150644092],[-121.42518499158761,38.2507057363145],[-121.42527471937863,38.25088522558947],[-121.42549916935015,38.251109694690946],[-121.42594798078929,38.25119945045748],[-121.42648660453841,38.25128920702211],[-121.42662123828464,38.251334065730205],[-121.42711495214613,38.251378988517324],[-121.42742912467094,38.25142387729397],[-121.4276535704654,38.25155846321676],[-121.42774338354018,38.2518277901501],[-121.42774338354018,38.25187265325471],[-121.42787801582465,38.25214196896586],[-121.42796774152829,38.25245618123008],[-121.42805755435928,38.25281522810693],[-121.42819218627832,38.25308453828429],[-121.42846144964655,38.25353335718784],[-121.42855126209442,38.253623153670176],[-121.42855126209442,38.253668015376036],[-121.42864098727618,38.253802698958786],[-121.42873079958473,38.253937283412995],[-121.42886543072063,38.25420658601204],[-121.4289103367965,38.25438613953319],[-121.42908987372978,38.25465540256166],[-121.42926941038459,38.25479008141305],[-121.42944894676079,38.25487982598686],[-121.42976311295013,38.25492476895916],[-121.42998746702294,38.254969640025806],[-121.43003237266346,38.254969602625415],[-121.43039144277003,38.25501450554684],[-121.43052607197399,38.25501449125037],[-121.43088514054863,38.25505939191828],[-121.43101985637286,38.25501449087049],[-121.4313340182972,38.25492470211317],[-121.43169308436462,38.25483494704638],[-121.4319623395869,38.25474519481614],[-121.43200724446099,38.254745229207],[-121.43268046670741,38.25456567973594],[-121.43317424191177,38.254431017070445],[-121.43366792781583,38.25434123797343],[-121.43407189071222,38.25429636883042],[-121.43443094828201,38.254251464782534],[-121.43461047664888,38.254296410564336],[-121.43479000473712,38.254296351054876],[-121.43505933994288,38.25443100775102],[-121.43541839444732,38.25465547233269],[-121.43550811430362,38.25470034984623],[-121.43582235123017,38.25492475211577],[-121.43622630660205,38.25510423804538],[-121.43658535748354,38.25514918671265],[-121.43680978551592,38.25519401233897],[-121.43734835870262,38.255194034453],[-121.43766259062875,38.2551491321126],[-121.43811135488717,38.255059371160556],[-121.4383357799578,38.254969619171526],[-121.43847048710452,38.25492470927205],[-121.4386948242892,38.25487984040879],[-121.439009052556,38.255059368170244],[-121.43914367172977,38.25514920149429],[-121.43932319278036,38.25523891952891],[-121.43936809479658,38.25523895010198],[-121.43941299679533,38.255283838031765],[-121.43968232123348,38.255418473015375],[-121.43990674325462,38.255553076258145],[-121.44004136138308,38.25559797695349],[-121.44008626312034,38.25559800705976],[-121.44013116484012,38.25559796444195],[-121.44031068435731,38.2556877514929],[-121.44040040041757,38.25573262136711],[-121.44049020359572,38.255777537853255],[-121.44066972255531,38.25582239419835],[-121.44075952552423,38.25586731022236],[-121.44084924123612,38.25591217928976],[-121.4412083649483,38.25600193612141],[-121.44143278400676,38.256001963424914],[-121.44179181871937,38.256091670462936],[-121.44237526954517,38.25613661700106],[-121.442554785577,38.256181468355734],[-121.44268948780731,38.25622633740031],[-121.443048518616,38.25631611053971],[-121.44372176376473,38.25663030806827],[-121.44417059168482,38.25676498544214],[-121.4445297050764,38.25685472386654],[-121.4449336300217,38.25685473150623],[-121.44502342967736,38.25676493129252],[-121.44506832947901,38.25676495856224],[-121.44506832947901,38.256720031149605],[-121.44533755355492,38.25654053660895],[-121.44542735289667,38.25640588121594],[-121.44560686418713,38.25627123318433],[-121.44569666331955,38.25613657741135],[-121.44601087255003,38.25595708243885],[-121.44636989303874,38.25573263916111],[-121.44668410043825,38.255553069777],[-121.44690850886245,38.255463374227034],[-121.44717781583262,38.2553287045486],[-121.4473573244031,38.255238908851574],[-121.44749202103459,38.25514913314522],[-121.44776132664434,38.2551042448798],[-121.44803054444442,38.25505938186695],[-121.44807544307734,38.2550145532556],[-121.44812034169287,38.25501450683754],[-121.44816524029088,38.255014533095505],[-121.44829984879861,38.25496963740009],[-121.44856915252494,38.25487989233963],[-121.44910775809379,38.254745182529575],[-121.449242452684,38.25470033255855],[-121.44978105511296,38.25461054701494],[-121.45040936331857,38.25461054431029],[-121.45090314996858,38.254745191378234],[-121.4512172578564,38.25487990701377],[-121.45135194998613,38.254924762512],[-121.45175593825368,38.255104279515834],[-121.45202523392051,38.255283793339004],[-121.45238423571354,38.25537359983471],[-121.45269842675044,38.255463354582346],[-121.45301261693233,38.25564288652304],[-121.45332680625916,38.255777563325445],[-121.45368589118239,38.25604681922236],[-121.45404497498869,38.25631614403818],[-121.45404497498869,38.25636099629394],[-121.45467334716773,38.25685473749444],[-121.45494263602919,38.25712400708798],[-121.45512213252901,38.25725867590133],[-121.45525682010295,38.257348444636264],[-121.4553465245553,38.257393365729015],[-121.45548121186738,38.25748306100464],[-121.4557953944751,38.25757286858436],[-121.45601978519248,38.25757285719506],[-121.45624426264918,38.25752796850691],[-121.45664814662032,38.25739329689527],[-121.4567379371665,38.25734841597953],[-121.4570970114777,38.257258691837066],[-121.4572316967469,38.25721375898717],[-121.45763557726224,38.25716893080954],[-121.4579049463863,38.25716891027264],[-121.45794975400482,38.25716888424173],[-121.45830882454521,38.257258703315046],[-121.45862308662853,38.25734840146724],[-121.4586678939682,38.257348447716026],[-121.45902696227374,38.25757288550635],[-121.45916164529027,38.25770749518998],[-121.45925143388058,38.25797677869979],[-121.4593860294618,38.258156334802976],[-121.45965539449932,38.258425621114604],[-121.45992467173501,38.25856031083659],[-121.46050811811833,38.25891932921535],[-121.46104675515242,38.25909890147202],[-121.46131602914038,38.25914374143035],[-121.46140581605395,38.2591437782694],[-121.46158530249977,38.25918865307977],[-121.46194444889619,38.25918865334244],[-121.46234831291342,38.259233569863035],[-121.46239320597715,38.25923351506526],[-121.46275226268722,38.259278458364896],[-121.46329088924158,38.25932332440767],[-121.46333578193835,38.25932334180009],[-121.46382951328026,38.25941303420631],[-121.46450272441383,38.259502816292],[-121.46513112680555,38.25963746956273],[-121.46607368038761,38.259906793786804],[-121.46656740000627,38.2599516934009],[-121.46710600873949,38.259906767971906],[-121.46715089995095,38.25990678328682],[-121.46750994184623,38.25981702106541],[-121.4676446149563,38.259772147823185],[-121.46800365531385,38.259592619591515],[-121.46840758527513,38.259457951091235],[-121.46867692924046,38.25941304837291],[-121.46885640436822,38.259413060224226],[-121.4692604185069,38.259457963726604],[-121.46930530887934,38.25945790542122],[-121.46952967331367,38.25950284846134],[-121.46984390481948,38.25954772034107],[-121.47029271831936,38.25968234887552],[-121.47051708083144,38.25977213374579],[-121.47056197071439,38.25981706511497],[-121.47074153007138,38.25986189172807],[-121.47096597887412,38.25990680394254],[-121.4712801192993,38.25986193304174],[-121.47168403777725,38.25981701471657],[-121.4719084847442,38.25972724516522],[-121.47213293127395,38.25963747521178],[-121.47262662493719,38.259413055448206],[-121.47312031648495,38.25914378909717],[-121.47321009420507,38.259098896833954],[-121.4736589817561,38.25882958986271],[-121.47415266888002,38.25856031943031],[-121.4746463538882,38.2583807365117],[-121.47469124216236,38.258380748533924],[-121.47518501202369,38.2582461275137],[-121.47527470097349,38.258201259732374],[-121.47545425298571,38.258156316703555],[-121.47572358047931,38.25811146928076],[-121.4759929073431,38.25793194220918],[-121.47621725875467,38.257797273654305],[-121.47644169688952,38.257438209925205],[-121.47653147202104,38.25698934783715],[-121.47653147202104,38.25654053273802],[-121.47657635956055,38.25636101758633],[-121.47693545924675,38.25595706533393],[-121.4779677774481,38.25514911605086],[-121.47873076656415,38.254610529174315],[-121.4796284097262,38.25402705125917],[-121.48007727226164,38.25357826279723],[-121.48012215841895,38.253353824517674],[-121.48007727226164,38.253174282930296],[-121.4799874998946,38.25268058518279],[-121.47985284121268,38.25245617210668],[-121.4797630686706,38.252276616149935],[-121.47967329605848,38.2521419793115],[-121.4795386370091,38.2520073304403],[-121.47935909136493,38.251827821742516],[-121.4790898595321,38.25164826215985],[-121.47895519980035,38.251513610484146],[-121.47886542655833,38.25146873864529],[-121.47868587986436,38.2512892257508],[-121.47864099314717,38.251199444724136],[-121.47850633289046,38.251064790694954],[-121.47846144610325,38.250571082453234],[-121.47850633289046,38.25025686363346],[-121.4783716724763,38.24976319657789],[-121.47823701190464,38.248551348227146],[-121.47819212501241,38.2485513349871],[-121.47841655929852,38.247653670784025],[-121.47846144610325,38.247474136818106],[-121.47846144610325,38.2474292135586],[-121.47846144610325,38.24738436296159],[-121.47846144610325,38.24720481490225],[-121.47841655929852,38.246890627400795],[-121.47841655929852,38.2468457764442],[-121.47841655929852,38.246800852766725],[-121.47850633289046,38.24635200543449],[-121.47859610641243,38.24617248236397],[-121.47864099314717,38.24612764477516],[-121.47864099314717,38.246082720703775],[-121.47873076656415,38.24599297273119],[-121.47922443194808,38.24567882559393],[-121.47994261368477,38.245185093356355],[-121.48030170287313,38.2450504272454],[-121.48034658894292,38.24500551625121],[-121.48039147499526,38.2450055294948],[-121.48079536152127,38.24482597689804],[-121.48155841905543,38.24442202426653],[-121.48160330463523,38.24442203708379],[-121.48191750320365,38.24419765040732],[-121.48209704485768,38.24406300091525],[-121.48223161375847,38.24388344005246],[-121.48227649907574,38.24388345269797],[-121.48250092539958,38.24356926266283],[-121.48250092539958,38.24352441081117],[-121.48277023641052,38.24280627240888],[-121.48294977673442,38.242492066271105],[-121.48299466177163,38.242447153893316],[-121.48303954679135,38.24240231418595],[-121.48303954679135,38.242357389053765],[-121.48321908669513,38.2421330320077],[-121.48429632023607,38.24150459680829],[-121.4846104242986,38.24137000557536],[-121.4847899617517,38.241325129072884],[-121.48532857243025,38.24105579485943],[-121.48537345653966,38.24105580682126],[-121.48546322470601,38.2410109054157],[-121.48550810876289,38.24096606474137],[-121.48622625129195,38.24065184892547],[-121.48649555358473,38.24051721539783],[-121.4865853208756,38.24047231319624],[-121.48663020449479,38.2404723247094],[-121.48698927281771,38.24002352644619],[-121.48698927281771,38.239978600983676],[-121.48703415627928,38.2399786124456],[-121.48707903972335,38.23993369842105],[-121.48707903972335,38.23988884562304],[-121.48712392314991,38.239709300251604],[-121.48725857332447,38.23943999877057],[-121.48725857332447,38.23939514571],[-121.48725857332447,38.23926044096437],[-121.48730345668099,38.23921559934802],[-121.487303456681,38.23917074615698],[-121.48730345668099,38.239125820241455],[-121.487303456681,38.239080966992766],[-121.48734834001999,38.23876678703088],[-121.48739322334147,38.23876672598597],[-121.48739322334147,38.23867701905312],[-121.48730345668099,38.2383179484832],[-121.48716880655893,38.23818327871194],[-121.48716880655893,38.238138424817244],[-121.48707903972335,38.23804862026036],[-121.48663020449479,38.23728561113377],[-121.4865853208756,38.23674697748362],[-121.48663020449476,38.23634307617293],[-121.48671997168057,38.236073751837125],[-121.48671997168057,38.235983968338736],[-121.48676485524719,38.23580448655886],[-121.48716880655893,38.235131185375124],[-121.48761763968623,38.23477217546503],[-121.48770740610156,38.23468241633153],[-121.4880664710624,38.2345028756542],[-121.48811135410368,38.23450281554247],[-121.48815623712748,38.234457972150516],[-121.48820112013378,38.234457984707824],[-121.48824600312253,38.23441306858313],[-121.48887436312643,38.23414381589817],[-121.48909877658166,38.2340540199163],[-121.48914365922016,38.234009103480325],[-121.48918854184114,38.23400911568225],[-121.48923342444463,38.234009127861825],[-121.48941295468337,38.23391939184049],[-121.48954760217856,38.233829570808886],[-121.48963736708775,38.233784738956324],[-121.48981689669603,38.23365007368705],[-121.49044533526782,38.232976791571055],[-121.49062486361484,38.2324830557429],[-121.49066974565784,38.23239335465807],[-121.49066974565781,38.23234842540749],[-121.49071462768327,38.232303580789136],[-121.49071462768327,38.232258651494476],[-121.49075950969122,38.232168877498296],[-121.49075950969122,38.23163030479478],[-121.49071462768327,38.2311815029939],[-121.49071462768327,38.2311365729779],[-121.49071462768327,38.231091715635394],[-121.49071462768327,38.2310468582641],[-121.49062486361484,38.23068775522514],[-121.49057998155436,38.23014915795918],[-121.49057998155436,38.230104299942134],[-121.49062486361484,38.229565650808325],[-121.49080439168165,38.229071967971606],[-121.491028801371,38.2285782227199],[-121.49129809242017,38.22812941967246],[-121.4916571461715,38.22768056768073],[-121.49174690943413,38.22763573415623],[-121.49179179103922,38.2276356742922],[-121.49228548753858,38.227321508859134],[-121.49246501301282,38.22727662743465],[-121.49259965693453,38.22736638355508],[-121.493048556016,38.22754591751004],[-121.49313831819242,38.22759080081135],[-121.49381153228197,38.22768055275923],[-121.4939012938627,38.22759085912077],[-121.49435010071521,38.227545972014944],[-121.4949336341504,38.22727665331251],[-121.49511315548955,38.22723176744434],[-121.4958762051987,38.22709706459785],[-121.4961006049887,38.22718683563386],[-121.49686364814261,38.227411280033444],[-121.49722268451174,38.22754593540518],[-121.49767147839583,38.22768060825638],[-121.49843451112017,38.22768060178018],[-121.4991975387779,38.227501088026166],[-121.50000543976667,38.2272766483805],[-121.50049918812964,38.22705221577239],[-121.50099284722891,38.226827807197594],[-121.50162122470125,38.22606481957924],[-121.50175585789648,38.22597505749487],[-121.50220472121504,38.22561596519674],[-121.50238423119507,38.22552621063628],[-121.50247398607989,38.22548129690938],[-121.5031472326206,38.22534667384073],[-121.50355121350677,38.22516714359572],[-121.50400006980932,38.22485290236841],[-121.50431420717989,38.22453873555796],[-121.50462843083015,38.22453876180344],[-121.50476306050041,38.22449385382733],[-121.50507728292257,38.22449387860369],[-121.50566076187833,38.224449014193006],[-121.50601977075412,38.2243592092132],[-121.5061095227977,38.2243592226519],[-121.50637886564513,38.22458366612764],[-121.50669308364569,38.224000109551206],[-121.50687258661003,38.223730847492064],[-121.50700721364913,38.22350643547498],[-121.50727655439067,38.22314737155714],[-121.50750093191195,38.222563892077055],[-121.50745605644278,38.22233945101229],[-121.50741118095604,38.22207015100514],[-121.50732142993002,38.22148668885744],[-121.50709696492079,38.220723716719164],[-121.50678283516295,38.21951180358905],[-121.50651349326311,38.21829997023174],[-121.5062442378693,38.21753699036702],[-121.5057056380492,38.21654951400408],[-121.50521191206659,38.21578648277301],[-121.50521191206659,38.215651894318384],[-121.50512215932143,38.215158163044656],[-121.50494256648193,38.214619569564405],[-121.5049425664819,38.214574705945026],[-121.5047181839612,38.214036069779],[-121.50467330740446,38.21322813791663],[-121.50467330740449,38.21318327332343],[-121.50462843083015,38.2130935332049],[-121.50431420717989,38.21259982293062],[-121.50431420717989,38.212150952440126],[-121.50435908387696,38.21210609834971],[-121.5047181839612,38.21152262001455],[-121.50579539033829,38.21080447462009],[-121.50705208929371,38.210131227750104],[-121.50777027149526,38.20959258864532],[-121.5078600221704,38.209502877373524],[-121.50808439855138,38.2092335872548],[-121.5082191113057,38.20833590153093],[-121.50817423611724,38.207752403949264],[-121.50830886162997,38.207124004515485],[-121.50839861188406,38.20694448375911],[-121.50911678566187,38.20577753511954],[-121.50970024408835,38.20492471803119],[-121.50992461687233,38.20456567901596],[-121.51010420191848,38.20443101783003],[-121.51055303260293,38.20398219447306],[-121.51163018423055,38.203264058077984],[-121.5127522862967,38.20254596871165],[-121.5132011066243,38.20241128973902],[-121.51356017904874,38.2023664002006],[-121.51441293887869,38.202680607354395],[-121.51540039669456,38.20294986061953],[-121.51544526905732,38.20294986918586],[-121.51670203660697,38.20299479089079],[-121.51683665211496,38.20299481453816],[-121.51791383187786,38.20303964024522],[-121.51899108865145,38.20317430527274],[-121.51952962611567,38.20317435836154],[-121.51988876585654,38.20317428462544],[-121.52069660834356,38.20294986545506],[-121.52145966227285,38.20245613869367],[-121.5221328845585,38.20191755554782],[-121.52249192901924,38.20146876216435],[-121.52285105948054,38.200885267198096],[-121.52289592892781,38.20084040571579],[-121.52325497099852,38.20030180023337],[-121.52392826986465,38.19980804486085],[-121.52451174007494,38.199404108802185],[-121.5245566088721,38.19931437905887],[-121.52473617100883,38.19908989061115],[-121.5250054701246,38.198371793628304],[-121.52509520731475,38.19823712742662],[-121.52522981296826,38.19774344835793],[-121.52558893485073,38.197294609491294],[-121.52621726475309,38.19698040466442],[-121.52720470802868,38.19675599174869],[-121.52778816155649,38.1964418473186],[-121.5278331161921,38.19639695741138],[-121.52841656651971,38.195993000580636],[-121.52873072414837,38.19554417354513],[-121.52877559129345,38.19545436777543],[-121.5288205455416,38.19540947734422],[-121.52891027974387,38.19531974835764],[-121.52895514681866,38.19505046722299],[-121.52904488091549,38.194781116754555],[-121.529089835058,38.19460161888815],[-121.52913470206242,38.19383855375121],[-121.52895514681866,38.19303068543047],[-121.52864098980545,38.19231253128135],[-121.52819214279431,38.19163931871041],[-121.52774329402467,38.19119045214654],[-121.52720470802868,38.19051720390462],[-121.52675585539063,38.189933773301995],[-121.52639682428772,38.189260501275314],[-121.52617239660611,38.18872186229313],[-121.52594796848496,38.18800379283879],[-121.5259031002326,38.18768959150804],[-121.52581336367504,38.18742025514054],[-121.52576840824698,38.18728564874723],[-121.525678671584,38.187016310202594],[-121.52554406645773,38.18674703449453],[-121.52527476860762,38.18647768438712],[-121.52482590840982,38.18607376701271],[-121.5244668712602,38.18562495910105],[-121.5244668712602,38.18553513381673],[-121.5244668712602,38.18517612246253],[-121.5244668712602,38.185131245914],[-121.52451174007494,38.18468241572229],[-121.52469121515819,38.184188662120015],[-121.5250054701246,38.183874464778825],[-121.52540937405017,38.183650065772014],[-121.525768408247,38.18347053336875],[-121.5259031002326,38.18338078088099],[-121.52599283671982,38.18333592220126],[-121.52644169234682,38.18320125763088],[-121.52680072330917,38.18302172231532],[-121.52711497249051,38.18284215116555],[-121.5273842660159,38.18257284185663],[-121.52765355890831,38.182168899351545],[-121.5278331161921,38.18167518212896],[-121.5278331161921,38.18163030436341],[-121.5278331161921,38.18100193989457],[-121.52765355890831,38.18068778107745],[-121.52756373660013,38.18055315298431],[-121.52756373660013,38.18050827441894],[-121.5273842660159,38.18037360082286],[-121.52715984026841,38.18019406374535],[-121.52689054621553,38.17996963616884],[-121.52662125152973,38.17974520625123],[-121.5264865603883,38.179610563661484],[-121.52617239660611,38.17907196100241],[-121.52608266025949,38.17889241998127],[-121.52599283671982,38.178084578463384],[-121.52608266025949,38.17759081331667],[-121.52608266025949,38.1775459324058],[-121.52608266025949,38.177501051466216],[-121.52612752844158,38.17709713282752],[-121.52594796848496,38.17669318178047],[-121.52558893485073,38.176199416981845],[-121.52527476860762,38.17575061191062],[-121.52496051437963,38.175346709617564],[-121.524870777084,38.17521203691939],[-121.5246014776517,38.17485292483417],[-121.52451174007494,38.174404139763055],[-121.5243321775866,38.17359620760465],[-121.52428730870156,38.173102468827075],[-121.52428730870156,38.172698581590815],[-121.52437704645406,38.17229464618781],[-121.52451174007494,38.171935508652226],[-121.52455660887213,38.17189063712105],[-121.52455660887208,38.171800867050635],[-121.5246014776517,38.171711110372286],[-121.52478103971812,38.171531597769444],[-121.52491564574063,38.17139698254188],[-121.52509520731475,38.1712622817855],[-121.52554406645773,38.17103786395614],[-121.5259031002326,38.17085832958009],[-121.52626213288248,38.170678794188746],[-121.52662125152973,38.17054411706991],[-121.52715984026841,38.17036460439396],[-121.5278331161921,38.17000555990745],[-121.5285511682714,38.16969136243542],[-121.52873072414837,38.169556729307004],[-121.52886541265154,38.16946696909205],[-121.52900001387586,38.169377234693],[-121.52931425702475,38.169018111323936],[-121.52949372458549,38.16865907536856],[-121.52962841219157,38.168300000104004],[-121.52967327898506,38.167896039242144],[-121.52976309963927,38.167536948754105],[-121.52985283310316,38.16708810986876],[-121.5298976998088,38.166908648853315],[-121.5301669867929,38.1664597573628],[-121.53043627314393,38.16587627552307],[-121.53066069247275,38.16538262516955],[-121.53075051235258,38.16488886210463],[-121.53084024504295,38.1643054189657],[-121.53088511136178,38.16412587964117],[-121.5310646635802,38.16349746949762],[-121.53115439602443,38.163273052817814],[-121.5312890816777,38.16318328815798],[-121.5313788139461,38.16309353658146],[-121.53151349933546,38.16309354874559],[-121.5316930505687,38.16304861207979],[-121.53191746743487,38.16304864884035],[-121.53232143410935,38.163003747342714],[-121.53294972708437,38.16286912816376],[-121.53344350788504,38.162689555975014],[-121.5335332384653,38.16259980323437],[-121.53366792132073,38.1624651479754],[-121.53375765172511,38.1622856183566],[-121.53380251690093,38.16215096501623],[-121.53384746917598,38.16201635825982],[-121.53384746917598,38.161702138099095],[-121.53371278653172,38.16129820112032],[-121.53362305609218,38.1608044686019],[-121.53366792132073,38.1603107693794],[-121.53371278653172,38.15995173665719],[-121.53380251690093,38.159861981978565],[-121.5339820645451,38.159682373611886],[-121.53420647692526,38.159502850061784],[-121.53456557066511,38.15923355703739],[-121.5350143926981,38.159009177364595],[-121.53519393844182,38.15887452977956],[-121.53573257398335,38.15851540271397],[-121.53613644008253,38.15815636237869],[-121.53631598406639,38.157887114726144],[-121.53631598406639,38.15779733390507],[-121.53636093535455,38.15779731982165],[-121.53636093535455,38.15757286733531],[-121.53618139144116,38.15725868303647],[-121.53595698293222,38.157034266013945],[-121.53559789355668,38.156675234196705],[-121.53514907381124,38.15631617155156],[-121.53474511711269,38.1560917192964],[-121.53452070578827,38.155777579277455],[-121.53456557066508,38.15573270039645],[-121.53452070578827,38.15568779466821],[-121.53456557066508,38.15550823858306],[-121.53478998190155,38.154879856490176],[-121.53496952799716,38.1542964223545],[-121.53532861934369,38.15344357980587],[-121.53573257398335,38.15263571010351],[-121.5360018472462,38.15200732258699],[-121.53631598406639,38.15160341714495],[-121.53671993522185,38.15133412219586],[-121.53689947829054,38.151289256299926],[-121.53698929327645,38.151289184700225],[-121.53716883592261,38.15124431837598],[-121.537348291173,38.151244372071424],[-121.5376176477489,38.15119943299704],[-121.5378869165772,38.15124438033939],[-121.53820113533739,38.15133413491343],[-121.53860507983961,38.15142384057758],[-121.53896415978086,38.15155849773936],[-121.53941296456671,38.15173807041582],[-121.53968222917086,38.15178293776316],[-121.53990671748791,38.151872732130094],[-121.54008625555717,38.151872680878924],[-121.54026570623283,38.15196251399125],[-121.54057991846145,38.15196247070239],[-121.5409389922057,38.15196251046418],[-121.54134292704323,38.1518727018892],[-121.54165713631352,38.15173804987238],[-121.54170199839288,38.151738060946506],[-121.54206106861561,38.151513633618265],[-121.54228546515488,38.151378984087344],[-121.54242013771132,38.151199492459874],[-121.54246499949147,38.15115461052079],[-121.54264453354628,38.15084037780838],[-121.54273434402303,38.150346695073615],[-121.54282406731933,38.149718354627275],[-121.54295873924168,38.14886552426025],[-121.54313827252162,38.148147380107694],[-121.54340761546794,38.14756391171454],[-121.54363200936585,38.14738436365519],[-121.54367687067074,38.14738437507163],[-121.54376668033699,38.147339477024886],[-121.5439910735305,38.147249718017214],[-121.54443985859689,38.147249777850064],[-121.54488872901068,38.14738434752331],[-121.54538245829872,38.14756389140646],[-121.54574151696802,38.14774342619654],[-121.54610057450998,38.14796785197937],[-121.54668401883437,38.14810251024624],[-121.54690849341075,38.14810250646618],[-121.54695335343042,38.14810251603414],[-121.5472226873921,38.14805762769045],[-121.54753688051005,38.14801274798271],[-121.54794079204679,38.147833205930844],[-121.54825498319143,38.147698537818876],[-121.54847936757801,38.14751905650032],[-121.54874869794492,38.147249698150496],[-121.5491526052005,38.14684575776752],[-121.54951173913561,38.14639695978047],[-121.54991564369523,38.14608280312977],[-121.5503644926132,38.1457685548277],[-121.55040935127678,38.14572366953927],[-121.5505888728592,38.14563396271697],[-121.55117238138253,38.145454392427666],[-121.5517558869269,38.1453646067453],[-121.55233938949223,38.145409498437076],[-121.55274328405967,38.14540951484412],[-121.55337163908442,38.145409513675766],[-121.55431425224428,38.14522997876912],[-121.55516696988762,38.14500558220243],[-121.55655839282588,38.14469140813662],[-121.5582190197647,38.14428743732331],[-121.5591615929283,38.14388347322718],[-121.55925139042778,38.14383856437394],[-121.55925139042778,38.14379374474584],[-121.55956555047412,38.14352444388985],[-121.55978999974785,38.143075562252534],[-121.56005930345528,38.14258186311909],[-121.5601490131521,38.14213301482019],[-121.56005930345528,38.14172911057692],[-121.55996950659109,38.141639339505204],[-121.55992465168097,38.14150465360065],[-121.559655347656,38.14114559642273],[-121.55952069540537,38.141010924082074],[-121.5591615929283,38.140651875818286],[-121.55844347168478,38.14006842347533],[-121.55772534592599,38.13957467330174],[-121.55727652592134,38.1391258693353],[-121.55723166995355,38.138946277956784],[-121.55714187086613,38.13845257571371],[-121.55718672686915,38.13791404209064],[-121.55741118081778,38.13719589487803],[-121.55768049013447,38.13674706174642],[-121.55808445291895,38.13647774070907],[-121.55830881800533,38.13647775223638],[-121.55848832717666,38.13647775585954],[-121.55911673770085,38.13647772675023],[-121.55970020267192,38.13647771250465],[-121.56073255994527,38.136432830200036],[-121.5614955211046,38.13629818676143],[-121.56171996658473,38.13620844393153],[-121.56243806722323,38.13598406826243],[-121.56342554620701,38.13558005624724],[-121.56445786979562,38.13508632138789],[-121.56540039145528,38.134682387956694],[-121.56679177678828,38.13409894424356],[-121.56764457543727,38.133739882486935],[-121.56813829347404,38.13347058553032],[-121.56831778718937,38.13333588444214],[-121.56836272589194,38.13333593463031],[-121.568721712334,38.133156396929415],[-121.56890129222155,38.13311146161837],[-121.56894614360426,38.1330666412963],[-121.56903593340674,38.13302172536825],[-121.56952964542285,38.13275242299647],[-121.5697989261512,38.13261777254378],[-121.5705620008815,38.13216896554303],[-121.57154940956782,38.13167524333419],[-121.57190847306978,38.131495670649144],[-121.57271638358795,38.131091749248],[-121.57365892411126,38.13055311229907],[-121.57451167142305,38.130104357396675],[-121.57545428419245,38.1295656810168],[-121.57554398178642,38.12952085925542],[-121.57572355093245,38.12943109078512],[-121.57635186654754,38.12907201818532],[-121.57635186654751,38.12902712158612],[-121.57648658602135,38.128937351281195],[-121.57680078570111,38.128668043471066],[-121.57698026578367,38.12848850573985],[-121.57738424733256,38.128084553544355],[-121.57751887850287,38.12794991105348],[-121.57769844453821,38.127770345814966],[-121.578236966781,38.12723177259564],[-121.57882050814378,38.126603422230744],[-121.57882050814378,38.126558524809795],[-121.57940395943689,38.12570577993627],[-121.5794488937708,38.12570575416219],[-121.57949374100504,38.12566085657591],[-121.58088512856429,38.1248978367777],[-121.58097490896553,38.12480808725958],[-121.58119931611884,38.12431437410487],[-121.58290486570424,38.1221599786374],[-121.58407181055603,38.120230024890546],[-121.58434114401425,38.11830002719391],[-121.58407181055605,38.1158763496015],[-121.58348838316378,38.11345261796179],[-121.5829497115783,38.11300377516153],[-121.58200724787542,38.1119714680299],[-121.58079534809231,38.11102894359714],[-121.57962836968368,38.11053521075759],[-121.57491566171917,38.109368260250406],[-121.57321007967421,38.10887455668906],[-121.57033757279007,38.1076177949931],[-121.56831778718936,38.10672014805543],[-121.56773427917302,38.106495704142986],[-121.56719570733495,38.1062263990866],[-121.56575947430912,38.10528387442364],[-121.56544524421403,38.10456572392375],[-121.56432322320887,38.102860143877805],[-121.56423342969828,38.10250109483727],[-121.56405392955892,38.101423912196275],[-121.56432322320887,38.100436479328],[-121.56459251622347,38.09926950462876],[-121.56544524421403,38.09855137283114],[-121.5662532005019,38.09796787851932],[-121.56643269718248,38.0978781471366],[-121.56656734128055,38.09774348087438],[-121.56665713295499,38.09769856559921],[-121.5667019852198,38.09765373396193],[-121.56674692455873,38.09765372306397],[-121.56719570733495,38.097339503858116],[-121.56948479426956,38.096890698552656],[-121.57011314425705,38.09680092361528],[-121.57042727440849,38.09675604774213],[-121.57119034493553,38.09662140882084],[-121.57406283034246,38.0963520745489],[-121.57410776678167,38.09635206038194],[-121.5789551376177,38.09491583299094],[-121.5790897669326,38.0948260741273],[-121.58003234184697,38.094422075525976],[-121.57926933049315,38.09343469647002],[-121.57882050814378,38.092536976750694],[-121.57832674926843,38.091729092365085],[-121.57774329246116,38.08948493550086],[-121.57724961600323,38.0860289204928],[-121.57729446410278,38.084951703002766],[-121.57698026578367,38.0816303973241],[-121.57702520107307,38.08010432172222],[-121.57675585032327,38.07817435817759],[-121.57608260129145,38.077276703215134],[-121.57540934828387,38.07646881159622],[-121.57294080699883,38.074224624473345],[-121.57289587009976,38.0737308811286],[-121.57316522996808,38.073506472741705],[-121.57383840913964,38.072743496545705],[-121.57482587654533,38.07184581532177],[-121.57599281703656,38.071127688689735],[-121.5774740304916,38.0704992954331],[-121.57850631403109,38.07005050046852],[-121.5797629982033,38.06960165836866],[-121.58061578693618,38.06937725184445],[-121.58110953589441,38.069242578570496],[-121.58137887635549,38.069152806225574],[-121.581827688629,38.068883485566516],[-121.58218671975898,38.06843471471373],[-121.58236627843961,38.067537001651885],[-121.5824560576738,38.06637002842554],[-121.58218671975898,38.06515821382406],[-121.58223165299562,38.064395171785165],[-121.5826355288504,38.06372193796657],[-121.58290486570424,38.06291405548515],[-121.58326389343982,38.061388005182465],[-121.58357816151373,38.06058009391073],[-121.5838923416421,38.05990687114527],[-121.58353322880815,38.05927849045523],[-121.58241112452565,38.05380272976431],[-121.58232134525605,38.05142391803379],[-121.58344345042279,38.04751903831258],[-121.58470016722332,38.04352449812894],[-121.5850592763785,38.04024800401472],[-121.5848797219424,38.038273099750505],[-121.58465532203832,38.037330566250155],[-121.58438598932297,38.03602897500639],[-121.58357816151373,38.03436824170507],[-121.58263552885037,38.03320129923785],[-121.58169306254861,38.03234851966247],[-121.58079534809231,38.03203430153457],[-121.57994256070319,38.0321241045244],[-121.57882050814378,38.032617811511756],[-121.57810233645887,38.03306666356888],[-121.57796770597764,38.03382963100615],[-121.57837168402705,38.03454777640687],[-121.57908976693257,38.035714731510964],[-121.57980793239565,38.03665729023558],[-121.58043631257831,38.037958911702425],[-121.58079534809231,38.038766813309906],[-121.58084028187763,38.03975423511895],[-121.5801669698894,38.04128027577008],[-121.57899998504618,38.042357481235385],[-121.57765350951418,38.04294100884152],[-121.57603775271515,38.042985871721484],[-121.5741526161171,38.042806293488844],[-121.57303050656999,38.04213308303309],[-121.57217774818254,38.041414914982596],[-121.57128013297165,38.040113304063425],[-121.57083127917298,38.03800383612433],[-121.5710107686513,38.03522104348374],[-121.57159425990939,38.03293201628941],[-121.57181868552829,38.03136108969257],[-121.57136983384889,38.03041851493977],[-121.57083127917298,38.02974525689456],[-121.56993356627703,38.02970040654187],[-121.5692603640589,38.030014608048916],[-121.56894614360426,38.030239034588014],[-121.56809335468307,38.0307775877228],[-121.56746499357176,38.03091225937986],[-121.56710591608433,38.03091227468965],[-121.56661219358068,38.03086739191789],[-121.56566968192845,38.03073273781674],[-121.56463736929972,38.03023897736341],[-121.56423342969828,38.02970040334814],[-121.56414363611704,38.02853340753445],[-121.56450272292471,38.026199535426464],[-121.56396413583647,38.02539161511854],[-121.56373969476837,38.02476325416348],[-121.56329089840258,38.023910461544666],[-121.56225856426083,38.02256392114503],[-121.56127116227916,38.021531617165685],[-121.56041831601289,38.02090325746255],[-121.5596104055253,38.02009537381635],[-121.5588474317707,38.01942210535141],[-121.55848832717666,38.018838662165265],[-121.55808445291895,38.01821024062478],[-121.55772534592599,38.01753705080806],[-121.55754583555549,38.01704328660164],[-121.55754583555549,38.01659449719256],[-121.55772534592599,38.01623544042914],[-121.55794979881624,38.01596613041519],[-121.55830881800533,38.015741707997044],[-121.55947575322166,38.01560706555768],[-121.56023880987517,38.0154723640146],[-121.56104671591673,38.01542750147717],[-121.56189947039394,38.015607030566315],[-121.56311130968665,38.01601101353841],[-121.56450272292471,38.016594460260855],[-121.5652208931511,38.01735749947308],[-121.56643269718248,38.01807561331682],[-121.5680036512296,38.018524444971554],[-121.56890129222155,38.01865913581741],[-121.57029263486538,38.01870396839135],[-121.57123519541825,38.01856934409324],[-121.57204311070562,38.01838980521468],[-121.57262659668251,38.017985872623896],[-121.5727612334706,38.017447281538736],[-121.57280617042274,38.01690861383542],[-121.57262659668251,38.016414951002126],[-121.57222268536455,38.015966092840046],[-121.57168404762753,38.01560703409162],[-121.5710107686513,38.015247952403676],[-121.56903593340674,38.01479914413912],[-121.56791386061472,38.01430544856883],[-121.5669712726217,38.013542391976394],[-121.56688156828606,38.01268964225248],[-121.56715085526417,38.011971496757134],[-121.56813829347404,38.011388037427004],[-121.56885644082124,38.01143292027436],[-121.56952964542285,38.01138805471827],[-121.57154940956782,38.01156753223851],[-121.5732998661203,38.01170217580363],[-121.57509514476942,38.01152267387815],[-121.57702520107307,38.01111867917922],[-121.57787792320741,38.01080453133848],[-121.57850631403109,38.01026595111972],[-121.57926933049318,38.009098936843515],[-121.57962836968368,38.00851545613741],[-121.57989771364558,38.007797347115115],[-121.57994256070319,38.00707920308101],[-121.5798527794886,38.006450843163464],[-121.57980793239565,38.006226449312344],[-121.5794488937708,38.00541852552283],[-121.5790897669326,38.00479014787138],[-121.57873072604531,38.00425153884838],[-121.578236966781,38.00389254353344],[-121.57756372649648,38.00357831695342],[-121.57599281703654,38.0033090679208],[-121.57487072559834,38.00308462063072],[-121.57392819509103,38.003219282696016],[-121.57235732262946,38.003264121567796],[-121.57096591808033,38.00330900232661],[-121.56961943476611,38.003174401894746],[-121.56908078473653,38.00277044937938],[-121.56885644082124,38.0022318212185],[-121.56899108205936,38.00137905950169],[-121.56943985600893,38.00043650724878],[-121.56988871528252,37.99953882803002],[-121.5705620008815,37.99904511529125],[-121.57119034493553,37.99886559243014],[-121.57226753544134,37.99873093187884],[-121.57262659668251,37.99868606685427],[-121.57352428838294,37.998910436024275],[-121.57451167142305,37.9988655797405],[-121.57576839963235,37.99895538117578],[-121.57783307533742,37.99904508952316],[-121.5789551376177,37.998551413805444],[-121.57922448317063,37.99810258480029],[-121.57908976693257,37.997878134010314],[-121.57792285814295,37.99742931612915],[-121.57738424733256,37.997115123841105],[-121.57689048223574,37.99657657304005],[-121.57648658602135,37.99599306129841],[-121.57626216958911,37.99585840054778],[-121.57608260129145,37.99487095092595],[-121.57635186654751,37.99419773043771],[-121.57715983266745,37.993389830432896],[-121.57837168402705,37.99231261288182],[-121.58003234184697,37.99105590038852],[-121.58101975559924,37.989529827075025],[-121.5824560576738,37.983919430180386],[-121.58236627843961,37.98347059494264],[-121.581827688629,37.98306664224593],[-121.58137887635549,37.98275249820474],[-121.58052609333316,37.98207924832317],[-121.57953858822158,37.98154064507802],[-121.57760866155591,37.98095714083958],[-121.57558891764194,37.980642945030375],[-121.57356913794787,37.98032876695074],[-121.57312029315744,37.97996969736155],[-121.57240217265331,37.979027153659885],[-121.57271638358795,37.978084596963974],[-121.5732998661203,37.97763574456261],[-121.5742424018211,37.977411362636595],[-121.57540934828387,37.977501163624375],[-121.57698026578367,37.97777043254938],[-121.57859609630634,37.97763578040595],[-121.57931417779805,37.97745624088526],[-121.57998749482473,37.97696255696855],[-121.58021190392246,37.97637907237849],[-121.57994256070316,37.97610972449469],[-121.5794488937708,37.97597507629004],[-121.5786409438761,37.975212119882784],[-121.57783307533744,37.97458373196122],[-121.57715983266745,37.97422468070285],[-121.57648658602135,37.97391046857216],[-121.57554398178642,37.973686098209505],[-121.57482587654533,37.973012796493805],[-121.57442188593109,37.9724742506162],[-121.5741526161171,37.97180094789623],[-121.57401798097169,37.97126238784839],[-121.57383840913964,37.970589096119845],[-121.57392819509103,37.96726777677596],[-121.57370377362324,37.9664149712335],[-121.57334471577349,37.96605586794891],[-121.57298565679324,37.965741688067865],[-121.57011314425706,37.96327309629378],[-121.5663878448118,37.9609840630059],[-121.56571453458135,37.96053526467168],[-121.56513110034668,37.95986199201799],[-121.56495151452594,37.958964355661045],[-121.56513110034668,37.95824622870753],[-121.56557988947709,37.957797378663045],[-121.56652248896282,37.957617846710114],[-121.56795871238562,37.95748321152544],[-121.56988871528252,37.957483194133026],[-121.57159425990939,37.957528063398],[-121.57329986612032,37.9573036370102],[-121.57451167142305,37.95694457518435],[-121.5751400808018,37.956226458049784],[-121.57527471462232,37.95559810332574],[-121.57518492973124,37.955059466059026],[-121.57451167142305,37.95443110161997],[-121.57356913794787,37.95375786876597],[-121.57217774818254,37.953892495029926],[-121.5701579951633,37.95420669032978],[-121.5664775495355,37.954879979693175],[-121.56526574598043,37.95510440035352],[-121.56409878284681,37.95510439774579],[-121.56351525325891,37.95474533670385],[-121.56333575199025,37.95407206555274],[-121.56369484133938,37.953533425442046],[-121.56454757603622,37.952770455042526],[-121.56517595321127,37.95218695953957],[-121.5664775495355,37.95102001598092],[-121.56795871238562,37.94985302285776],[-121.56849736771267,37.94917979828624],[-121.56885644082124,37.94846166137645],[-121.56899108205936,37.947608887766194],[-121.56876665087749,37.94635210256262],[-121.56858707077804,37.94545445483441],[-121.56818314515668,37.944556805975736],[-121.56742014160685,37.94397333121653],[-121.56661219358068,37.9439733484451],[-121.56553503677128,37.94415285968754],[-121.5645925162235,37.94518514925003],[-121.56364990079871,37.946127711966035],[-121.56248300824093,37.94693562955894],[-121.56068761823852,37.94756397438493],[-121.56005930345528,37.947608855093605],[-121.55902694009549,37.94747420757382],[-121.55817416416708,37.94738448079252],[-121.55786000029339,37.94702539388967],[-121.5575906913999,37.946486806467036],[-121.5577702016999,37.94590333742208],[-121.55817416416708,37.9453647230676],[-121.55920653523559,37.94514027392521],[-121.55996950659109,37.944960740730714],[-121.56100186142976,37.94491583740202],[-121.56189947039394,37.94487100146228],[-121.56279715939603,37.94469144292424],[-121.56342554620701,37.94428748166673],[-121.56360504733449,37.94343470227141],[-121.56324595770288,37.94267172584251],[-121.56203411983945,37.94213312510571],[-121.56149552110463,37.941549597685984],[-121.56127116227916,37.94092127344547],[-121.56086721076693,37.93988892459022],[-121.56104671591673,37.939395240437825],[-121.56163017102652,37.938946363320554],[-121.56185461624196,37.93822826156621],[-121.5619444116237,37.9375998803396],[-121.56180976207237,37.936747120349644],[-121.56145066679393,37.93589435714175],[-121.56077741453801,37.93517615719549],[-121.55970020267189,37.9343683001465],[-121.55875763395358,37.93373996477256],[-121.55808445291895,37.93311158120549],[-121.55768049013447,37.93275249656309],[-121.55727652592134,37.932258762530736],[-121.55714187086613,37.93145085466779],[-121.5575906913999,37.93059806671301],[-121.5583088180053,37.929835116260584],[-121.55848832717666,37.92956578482467],[-121.55880257641988,37.92871298852056],[-121.5588922871039,37.927905084214856],[-121.55880257641988,37.927007411257954],[-121.55848832717666,37.926199580770266],[-121.55799465450195,37.925346782345684],[-121.55741118081778,37.92476323558391],[-121.55669304856885,37.92404511478181],[-121.55642373692413,37.92364118410952],[-121.55642373692413,37.923282087285344],[-121.55682770415315,37.92265373634382],[-121.55727652592134,37.92202538191286],[-121.55826396244292,37.92139699547118],[-121.55987970965627,37.920858413671574],[-121.56185461624196,37.920454504885775],[-121.56320110407994,37.91987102576905],[-121.56513110034668,37.91915285449189],[-121.56566968192845,37.91847962838497],[-121.56557988947709,37.91821033451433],[-121.56593897176622,37.916953593233345],[-121.5659839114056,37.91628031054939],[-121.56593897176622,37.916100783576084],[-121.56571453458135,37.91556217692654],[-121.56531059879207,37.91506848568786],[-121.56486180860279,37.914485007353285],[-121.56450272292471,37.91403618887849],[-121.56396413583647,37.91336293612859],[-121.56320110407994,37.91219598101391],[-121.56302160231729,37.91161247739173],[-121.56329089840258,37.91058011440703],[-121.56477201551587,37.90900924314827],[-121.56840757748635,37.90725880684491],[-121.57092106749175,37.9059571624301],[-121.57226753544134,37.905014641430185],[-121.57262659668251,37.90465554299432],[-121.57280617042274,37.90429647688057],[-121.5727612334706,37.90375791875466],[-121.57244702265955,37.90303976402281],[-121.57177383527498,37.90250116654474],[-121.5710107686513,37.90214211904638],[-121.57024778401203,37.90187282659434],[-121.5691257231386,37.90151372961605],[-121.56818314515668,37.90102004428044],[-121.5669712726217,37.8998979460074],[-121.56620826096857,37.89877586915812],[-121.5658941192015,37.897653762366694],[-121.5661185560332,37.89671117918106],[-121.5662532005019,37.89594820978896],[-121.5663878448118,37.89523006225632],[-121.56688156828606,37.894601667703405],[-121.56719570733495,37.893748939120265],[-121.56768942731395,37.892447283563016],[-121.56836272589194,37.89168427290346],[-121.56912572313857,37.89123544303971],[-121.56988871528253,37.890876415554324],[-121.57078634144277,37.890562197946],[-121.57217774818251,37.890158287614604],[-121.57392819509103,37.889709396811035],[-121.57496051073687,37.88944015143199],[-121.57554398178642,37.88899130412066],[-121.57585818406397,37.88827315174137],[-121.57585818406397,37.888048708032464],[-121.57590311979564,37.88755503653704],[-121.57554398178642,37.88647786470718],[-121.57509514476942,37.88566994993065],[-121.57487072559834,37.88504160481105],[-121.5745566076854,37.88450298431216],[-121.57419755252097,37.88400921218284],[-121.5738833456673,37.88338086203104],[-121.57410776678167,37.8825729392501],[-121.5746014568443,37.881720220418536],[-121.57500544682233,37.8808225050258],[-121.57576839963235,37.87988000014899],[-121.57653143442109,37.87844375248947],[-121.57819211905228,37.87548143471103],[-121.57940395943689,37.8722946760996],[-121.57940395943689,37.87144192323596],[-121.57931417779803,37.87063401621876],[-121.57882050814378,37.869960795947925],[-121.57796770597764,37.86942214144902],[-121.57675585032327,37.86861429247687],[-121.57581333539939,37.86812056675929],[-121.5751400808018,37.867716578412],[-121.57437703670156,37.86704337832592],[-121.57374871020394,37.86650474100216],[-121.57338965249569,37.86574172475048],[-121.57352428838294,37.864933854100464],[-121.57379355968061,37.86430550917652],[-121.57442188593109,37.86376692562984],[-121.57545428419245,37.86313852787255],[-121.57689048223574,37.86242038457634],[-121.57796770597764,37.86210619011673],[-121.57913470139037,37.861522681312906],[-121.57949374100504,37.861073914133286],[-121.5794488937708,37.860669924146336],[-121.5794488937708,37.8601761733504],[-121.57917954874823,37.85954783165353],[-121.5789551376177,37.85851554180033],[-121.5786409438761,37.85802178780814],[-121.57801255379466,37.85784227066565],[-121.57756372649648,37.857932047239785],[-121.57711489743112,37.858246211803056],[-121.57635186654754,37.858784843470325],[-121.57558891764194,37.859278522786575],[-121.5742424018211,37.85981713422455],[-121.57303050656999,37.860221120731204],[-121.57177383527497,37.86049036489541],[-121.5706966401067,37.86062507174343],[-121.5697989261512,37.86066994831097],[-121.56961943476611,37.86066992256246],[-121.56899108205936,37.86058016921379],[-121.56827293555966,37.859996692715846],[-121.568721712334,37.8598171322984],[-121.56876665087749,37.8597722697818],[-121.56908078473653,37.85923367073928],[-121.56935015361407,37.85887457813255],[-121.56984386427038,37.858515526138945],[-121.5706068516113,37.858021801698406],[-121.57047221228012,37.8575729857446],[-121.56957449655854,37.857258812507716],[-121.568721712334,37.85703439084897],[-121.5680036512296,37.857034358387736],[-121.56755478453981,37.8573485701333],[-121.56728549851495,37.85761786357951],[-121.56724055938813,37.85766279954986],[-121.56715085526417,37.857752546516714],[-121.56710591608433,37.85779740936913],[-121.56701621185456,37.85784230421172],[-121.5669712726217,37.85784231500942],[-121.5667019852198,37.85802182987451],[-121.56629805292553,37.85806669491539],[-121.5658941192015,37.85784229872104],[-121.56531059879207,37.85716906647192],[-121.56495151452594,37.85667533670996],[-121.56333575199025,37.85420672011192],[-121.56261765699824,37.85335393098427],[-121.56198926574041,37.853129514969375],[-121.5614955211046,37.853353982767096],[-121.56122622078439,37.85375791907501],[-121.56122622078439,37.854296485108236],[-121.5614955211046,37.854745324075054],[-121.56207906101619,37.8552839194727],[-121.5623034182541,37.85568789837552],[-121.56234835932484,37.856091801513415],[-121.56225856426083,37.85645091912829],[-121.56207906101619,37.85676507235267],[-121.56180976207237,37.85712414181008],[-121.56109157038611,37.857797402833306],[-121.56059790896484,37.858201330433914],[-121.5603286065276,37.85860532115737],[-121.55987970965627,37.85882972897307],[-121.55925139042778,37.858829719541376],[-121.55844347168478,37.85860533808861],[-121.55790485601436,37.858425793045484],[-121.55727652592134,37.85824620341326],[-121.55619928103526,37.858066727186895],[-121.55525677052748,37.85802181267875],[-121.55431425224428,37.858560375879115],[-121.55373075976277,37.85923369034188],[-121.55337163908442,37.85999671735081],[-121.55323697942683,37.860580155440495],[-121.55310240671271,37.860984073800815],[-121.5528330866043,37.86116363519654],[-121.55251890804315,37.86111875715951],[-121.55211492557987,37.86080458697704],[-121.5516660835358,37.86040060681387],[-121.55135190176648,37.8596825257939],[-121.55090305672593,37.85878481994345],[-121.55022982941242,37.85779743603871],[-121.54951173913561,37.85698950514071],[-121.54928726967024,37.856720215163996],[-121.54897308136252,37.85627136708115],[-121.54843450815706,37.855642978648085],[-121.54807545794391,37.855418606619764],[-121.54749193361289,37.85523908803288],[-121.54681868621171,37.85532881685723],[-121.54605571415577,37.855553214602416],[-121.54493358982268,37.856136716869074],[-121.54385640282356,37.856765070157536],[-121.54273434402303,37.85716901518374],[-121.54170199839291,37.85761786561007],[-121.54111852865522,37.85775252593083],[-121.54062478096316,37.85761785997999],[-121.540355518577,37.85725883273774],[-121.540355518577,37.856720212593075],[-121.54057991846142,37.85631628967778],[-121.54102880402134,37.8557327927461],[-121.54147760070916,37.85519417975562],[-121.54156732499109,37.85420676762225],[-121.54138778924583,37.85353352429646],[-121.54134292704323,37.85312951212896],[-121.54161227421658,37.852501189992736],[-121.54201620667703,37.85178300603852],[-121.54201620667703,37.85133422442141],[-121.54174686045465,37.850930250606574],[-121.54125320258532,37.85039167455059],[-121.54098385456663,37.84994282447991],[-121.54071459302546,37.84940421272476],[-121.5404003811667,37.84926959859567],[-121.5404003811667,37.8491349289837],[-121.54004130573217,37.848820744906554],[-121.53950269046767,37.848820738161336],[-121.5390538860337,37.848865631999935],[-121.53842553944648,37.84926957049133],[-121.53802159431055,37.84962862808405],[-121.5377971894094,37.85003257912967],[-121.5376176477489,37.85061609576345],[-121.5372136997616,37.85084047934595],[-121.53654039187154,37.850795599382494],[-121.53618139144116,37.850795584605905],[-121.53573257398335,37.85075073587084],[-121.53523880305481,37.8505712058115],[-121.53470025230621,37.850346745558056],[-121.5344758408939,37.85016721037676],[-121.53425134192521,37.849897965694886],[-121.53416161190775,37.84962862258127],[-121.53411674687263,37.84944911976634],[-121.53411674687263,37.84935931208957],[-121.53416161190775,37.849045128070536],[-121.53434115898882,37.8485514754878],[-121.5344758408939,37.84819239008519],[-121.53452070578827,37.848057747281146],[-121.534655300366,37.84787823159553],[-121.53492466327867,37.84751914745986],[-121.53532861934369,37.84729469626725],[-121.53564275801136,37.84720495269695],[-121.53582230276956,37.84716004805017],[-121.53631598406639,37.846935661493326],[-121.53658534307155,37.84666631004438],[-121.53680975034868,37.84626241793981],[-121.53676488635138,37.845813552136704],[-121.53663020713925,37.84509542628485],[-121.53658534307155,37.844736364261166],[-121.53667507118934,37.84442219973922],[-121.53680975034868,37.844197782078176],[-121.53703415718581,37.84383867673107],[-121.53752783325604,37.84347967638036],[-121.53770737505741,37.843300087752425],[-121.53802159431055,37.84294102150242],[-121.53815627188547,37.84262686005215],[-121.53815627188547,37.842312621054],[-121.5381113213024,37.8420882598224],[-121.53802159431055,37.84181896661393],[-121.53797673078824,37.84150476236485],[-121.53797673078827,37.841235462398586],[-121.53797673078824,37.8409212900081],[-121.53820113533739,37.8406071178642],[-121.53838067608255,37.84024803835759],[-121.53851526612162,37.840113381019165],[-121.53882948315669,37.8397991766766],[-121.53891920951514,37.83952994122386],[-121.5388743463447,37.839305473006426],[-121.53864994311563,37.839036164089336],[-121.53847040279285,37.838856633096526],[-121.5382459987717,37.83863226594426],[-121.53806645781526,37.838318040115226],[-121.53802159431055,37.838003892682],[-121.53806645781526,37.83777948868203],[-121.53820113533739,37.83742036278034],[-121.53851526612162,37.83715112544107],[-121.53896415978086,37.836881795596554],[-121.53941296456671,37.83656761635938],[-121.5402208435903,37.83629831879284],[-121.54084926743101,37.83607389684143],[-121.54129806482308,37.83575971119636],[-121.54161227421658,37.835400619605515],[-121.54188153364512,37.834772274044504],[-121.54201620667703,37.83418876780935],[-121.54219574143617,37.83378486426233],[-121.54246499949147,37.83338088248368],[-121.54291387765515,37.8330667358776],[-121.54331780551978,37.8328872035481],[-121.54417060519016,37.83252814337414],[-121.54515806783498,37.832393453225365],[-121.54565170885246,37.832348604363304],[-121.54587618545527,37.83234857361442],[-121.54610057450998,37.832438316774514],[-121.54628010285819,37.83252809895266],[-121.54776126630591,37.833380884422816],[-121.54897308136252,37.83373995947036],[-121.54946679301487,37.83356044390811],[-121.54987078483786,37.83288719182688],[-121.55099286071655,37.83113671336059],[-121.55144170540449,37.830642971800906],[-121.55198026444145,37.830014667944724],[-121.55211492557987,37.82970047076922],[-121.55211492557987,37.82893746035872],[-121.55180074504445,37.827725592055295],[-121.55207006758566,37.827456258980725],[-121.55224958655965,37.827142084845555],[-121.5521597835565,37.82678304048036],[-121.55198026444145,37.8264240025895],[-121.5516660835358,37.8261995929483],[-121.5512621851615,37.82597511527674],[-121.55121723972904,37.8257956013729],[-121.55112752301838,37.825257011415836],[-121.5511723813825,37.825122339565176],[-121.55135190176648,37.82485310843379],[-121.55171094168857,37.82462864048269],[-121.5521597835565,37.82440421102856],[-121.55251890804315,37.824045155492705],[-121.55251890804315,37.823461672059096],[-121.55224958655965,37.82278842683621],[-121.55207006758567,37.82251912182702],[-121.55229444448337,37.822070329060004],[-121.55247396310489,37.822160047665506],[-121.55278814178959,37.82108291338603],[-121.55319212187305,37.820050541317045],[-121.55323697942683,37.819511941975755],[-121.55332678158352,37.81883870529072],[-121.55350629858334,37.818389862024745],[-121.55391027612794,37.81798594197099],[-121.55422445086366,37.81776150248417],[-121.55449376769278,37.81758198261917],[-121.55485279774354,37.817447337059676],[-121.55507725627783,37.81744730618647],[-121.55691741638832,37.81722291953065],[-121.55696235957868,37.817088284691444],[-121.55696235957868,37.816818927951005],[-121.55696235957868,37.81663940496083],[-121.5570072156522,37.81650479513675],[-121.55705207170809,37.81605594472895],[-121.55705207170809,37.815966182392444],[-121.55705207170809,37.81574177606115],[-121.55705207170809,37.810984124003994],[-121.5570072156522,37.80725881411274],[-121.55696235957868,37.80245633111091],[-121.55696235957868,37.79909004045524],[-121.55696235957868,37.79900025690236],[-121.55696235957868,37.79882076257463],[-121.55696235957868,37.79873097868603],[-121.55696235957868,37.794736359747176],[-121.55705207170809,37.794736365325754],[-121.5570072156522,37.78903618727629],[-121.5570072156522,37.78872204683789],[-121.5570072156522,37.78571482871347],[-121.5570072156522,37.78495181600686],[-121.5570072156522,37.78266280256052],[-121.5570072156522,37.78221392772209],[-121.5570072156522,37.77830908140537],[-121.5570072156522,37.77575078562471],[-121.5570072156522,37.77346169952503],[-121.5570072156522,37.77301284055712],[-121.5570072156522,37.77278844659609],[-121.55696235957868,37.77175616437878],[-121.55696235957868,37.77130729466339],[-121.55696235957868,37.77085849529786],[-121.5570072156522,37.76982613221753],[-121.55696235957868,37.76960175445196],[-121.55696235957868,37.76821033204681],[-121.55691741638832,37.76807572364095],[-121.55687256027956,37.76619062906765],[-121.55669304856885,37.75869512858816],[-121.55664810527254,37.75618168359035],[-121.55664810527254,37.75613676501661],[-121.55664810527254,37.75609184641494],[-121.55664810527254,37.75604700094274],[-121.55669304856887,37.75532883683726],[-121.55673790474813,37.754206780985605],[-121.55705207170809,37.74850660532618],[-121.55714187086613,37.746621497734765],[-121.55714187086613,37.74653172214058],[-121.55714187086613,37.74639709512367],[-121.55714187086613,37.74630731925077],[-121.55714187086613,37.74581358654039],[-121.5570072156522,37.74428759676632],[-121.5570072156522,37.74379384980879],[-121.55696235957868,37.74370408883766],[-121.55696235957868,37.743479676896],[-121.55696235957868,37.74343475052206],[-121.55696235957868,37.74334497086054],[-121.55696235957868,37.743210337744365],[-121.55696235957868,37.74303085092289],[-121.55696235957868,37.74235760673887],[-121.55696235957868,37.74181899224358],[-121.55696235957868,37.741639428796226],[-121.55705207170809,37.7389464754155],[-121.55705207170809,37.73885669023576],[-121.55705207170809,37.73858740720256],[-121.55705207170809,37.73674718207191],[-121.55705207170809,37.73602902202556],[-121.55705207170809,37.73378485398913],[-121.55705207170809,37.733021878078354],[-121.55705207170809,37.73230375422932],[-121.55705207170809,37.73010447847284],[-121.55705207170809,37.72938632566891],[-121.55705207170809,37.72803979739717],[-121.55705207170809,37.72409008545544],[-121.55705207170809,37.722788471042975],[-121.55705207170809,37.71484411976859],[-121.55705207170809,37.71470950690065],[-121.55709701484547,37.714529914231946],[-121.55709701484547,37.71448504312284],[-121.55714187086613,37.71444016262126],[-121.55714187086613,37.714350420291446],[-121.55714187086613,37.7130936499982],[-121.55705207170809,37.709054222899915],[-121.55705207170809,37.70770768256932],[-121.5570072156522,37.706899782666284],[-121.55696235957868,37.70452096394044],[-121.55696235957868,37.70375797203506],[-121.55696235957868,37.70371309421468],[-121.55696235957868,37.70362326528031],[-121.55696235957868,37.70357838737653],[-121.55696235957868,37.70030193251458],[-121.55696235957868,37.69047248517609],[-121.55696235957868,37.68719602409284],[-121.55696235957868,37.68535581022714],[-121.55696235957868,37.67988000102698],[-121.55696235957868,37.67803982142656],[-121.55696235957868,37.67682797394552],[-121.55696235957868,37.6731924566726],[-121.55696235957868,37.67198060156518],[-121.55696235957868,37.67171128954717],[-121.55696235957868,37.670903347503966],[-121.55696235957868,37.67063410473673],[-121.55696235957868,37.670454511346044],[-121.55696235957868,37.669826150716325],[-121.55696235957868,37.66964662857336],[-121.55696235957868,37.662914118222034],[-121.55696235957868,37.64267181476168],[-121.55696235957868,37.6361188312284],[-121.55691741638832,37.63593931036577],[-121.55691741638832,37.63589446390826],[-121.55687256027956,37.63571491647902],[-121.55687256027956,37.63562514995388],[-121.55687256027956,37.635535383318135],[-121.55687256027956,37.63526608274715],[-121.55687256027956,37.635221162582255],[-121.55696235957868,37.63154069887681],[-121.55718672686918,37.62049942402342],[-121.55723166995355,37.61681901936906],[-121.55723166995355,37.61677416124212],[-121.55727652592134,37.61668439200721],[-121.55727652592134,37.616639460513426],[-121.55727652592134,37.61641509582117],[-121.55723166995355,37.61583154781501],[-121.55723166995355,37.61565203941386],[-121.55718672686918,37.60968256875516],[-121.55705207170809,37.59177415971356],[-121.55696235957868,37.58580464604903],[-121.55696235957868,37.58351565035157],[-121.55687256027956,37.57664848689201],[-121.55687256027956,37.5743594231991],[-121.55682770415315,37.56951201614025],[-121.55678276090981,37.56511350565691],[-121.55669304856885,37.55501475356267],[-121.55664810527254,37.55034684998915],[-121.55664810527254,37.55021222594555],[-121.55664810527254,37.55016732675449],[-121.55664810527254,37.55007760165464],[-121.55664810527254,37.55003270238111],[-121.55664810527254,37.54913500459651],[-121.55664810527254,37.546486893479475],[-121.55664810527254,37.545589225635034],[-121.55664810527254,37.542716761410624],[-121.55045420992278,37.539350454607536],[-121.5483447021566,37.535939385101095],[-121.54686354626661,37.53504165650923],[-121.54574151696802,37.53252822672163],[-121.54327294407406,37.5315856579237],[-121.54264453354628,37.530867545251226],[-121.54183667163616,37.53019426003274],[-121.54062478096316,37.52983524499341],[-121.54017598093019,37.529880100714564],[-121.53941296456671,37.52956594107873],[-121.53793178013468,37.5297454297521],[-121.53707902107756,37.529745482170576],[-121.53627111987558,37.52952106731651],[-121.53618139144116,37.52907221038129],[-121.53577743838525,37.52907218292383],[-121.53510420916308,37.528802905412775],[-121.53416161190775,37.52862337756373],[-121.53362305609218,37.528892678994545],[-121.53294972708437,37.52866825210447],[-121.5326804466432,37.52866828844721],[-121.53227648123519,37.52821941173238],[-121.53173791655347,37.52821940457534],[-121.5313788139461,37.52741150481467],[-121.53084024504295,37.52727687296943],[-121.5303914066493,37.52705244278632],[-121.5298976998088,37.52705248151653],[-121.5288205455416,37.528039894060996],[-121.52787798368877,37.52736663456383],[-121.52711497249054,37.527142213598175],[-121.52621726475309,37.52705246095885],[-121.52572353992427,37.526693387233856],[-121.52549911092404,37.52651384294869],[-121.52388331369713,37.526199646182796],[-121.52303053716423,37.52561616440249],[-121.52258175530274,37.52503268896522],[-121.52231245049224,37.52471850521287],[-121.52150453226473,37.52476342085016],[-121.52042729910467,37.52458384010967],[-121.51912570147263,37.524449199756575],[-121.51764460323241,37.52525713783065],[-121.51674690846055,37.5255264384976],[-121.51575946223564,37.52516735387877],[-121.51526577950104,37.524942938298],[-121.51414370201617,37.52489803841426],[-121.51369479824368,37.52476341476132],[-121.5128420330761,37.525077581513365],[-121.51149556261342,37.5250775922725],[-121.50992461687233,37.52462876762968],[-121.50790489748168,37.52476340785537],[-121.50637886564513,37.52557127146197],[-121.5054362936226,37.52548153079434],[-121.50507728292257,37.525661025605544],[-121.50489769001287,37.52575083514991],[-121.50440396055653,37.52584063841749],[-121.50404494662916,37.52566105613455],[-121.5034165824159,37.52561620628593],[-121.50238423119507,37.52534685247341],[-121.50148659134827,37.52498782165515],[-121.5007684569922,37.52431455806194],[-121.50054406631722,37.52391059163304],[-121.49897314503488,37.52301294713895],[-121.49825499496879,37.52242949249272],[-121.49897314503488,37.52162153896002],[-121.49906290258468,37.52103806171036],[-121.49960144641095,37.52014045384918],[-121.49987080452016,37.52005066149026],[-121.50072357889226,37.51964667918968],[-121.50135195783747,37.51897342575136],[-121.50238423119507,37.518479727241015],[-121.50184561327228,37.51762695269029],[-121.5011723591027,37.51686394269103],[-121.50022983149364,37.51654973489656],[-121.49996056136868,37.516235579654555],[-121.49987080452016,37.515113521030244],[-121.49928729615236,37.514754395262344],[-121.49856914804967,37.51408118071933],[-121.49847939011418,37.51367722718623],[-121.49812035767121,37.51358743379534],[-121.49722268451174,37.512465339204205],[-121.49717780502692,37.512285862337606],[-121.4971329255246,37.511792093189754],[-121.49686364814261,37.510984199704566],[-121.4966840423924,37.510176338490716],[-121.49663916269728,37.51008659173167],[-121.4966840423924,37.50918892970573],[-121.49569659790548,37.508740111055474],[-121.49551707747753,37.508650329372266],[-121.49538243697258,37.50811170997153],[-121.49560683772656,37.50761797009612],[-121.49520291605398,37.506854994319134],[-121.49551707747753,37.50519431486103],[-121.49601084512526,37.50492496402664],[-121.49506827518104,37.50434147570762],[-121.49412569750798,37.50348872541929],[-121.49358712802346,37.502725714691685],[-121.49318319925439,37.50245642157805],[-121.49318319925439,37.502411547220184],[-121.49192643574924,37.50236667486707],[-121.4914327377083,37.502321788446594],[-121.49008619058297,37.5021422337779],[-121.48936807214996,37.502142207206184],[-121.48820112013377,37.50196265664082],[-121.48748298993192,37.50178318196083],[-121.4865853208756,37.5013791728085],[-121.48555299280225,37.50137921155873],[-121.48492461465767,37.501244548811805],[-121.48375770472603,37.501154803531925],[-121.48344351118101,37.50128945326314],[-121.48205215947041,37.50142405673346],[-121.48146864784334,37.50025709749423],[-121.48075047562645,37.499763391043324],[-121.48052604588983,37.49859647598981],[-121.48007727226164,37.49792317183638],[-121.4798079549504,37.49765390175494],[-121.47935909136493,37.49648690249712],[-121.47805746423082,37.49635230762061],[-121.47769845520267,37.495903414997365],[-121.4771598088222,37.49563412789615],[-121.47639680929755,37.49558925416161],[-121.47603779509252,37.495409720553766],[-121.47590313179178,37.49527506926992],[-121.47549914094505,37.494512035492306],[-121.47487079508412,37.4940632519634],[-121.4743771110378,37.49356950210592],[-121.47374867189404,37.49276163480198],[-121.4729408479979,37.49244741655898],[-121.47235729020308,37.49222300056475],[-121.47195337408513,37.49172926494405],[-121.47150456705302,37.49150489348806],[-121.47092108914853,37.49119065774075],[-121.47074153007135,37.490786772007375],[-121.47038249824257,37.49047259347181],[-121.46997848803728,37.49029307418608],[-121.46970923427907,37.48997887237533],[-121.4692604185069,37.48970951285971],[-121.469215528117,37.489350440681484],[-121.4692604185069,37.48908120535328],[-121.46961945383133,37.488811907790854],[-121.46984390481948,37.48831819206258],[-121.47002337813004,37.48710629489083],[-121.47038249824256,37.4867921501575],[-121.47074153007135,37.486118901627464],[-121.47065175042783,37.485984241957546],[-121.47051708083144,37.48567005960595],[-121.47051708083141,37.48544567527196],[-121.47078641986688,37.4853109599072],[-121.4711903400754,37.485041684318645],[-121.4711454504372,37.48441331515892],[-121.47105567110839,37.483695198426744],[-121.47105567110839,37.483336130759234],[-121.4711903400754,37.48284240042033],[-121.4715943460321,37.48239359678528],[-121.4719084847442,37.48176518247109],[-121.47262662493719,37.48216914308728],[-121.47298573693661,37.48068797597947],[-121.47370387041501,37.480059603242246],[-121.47451168896079,37.47934152296249],[-121.47531958900277,37.479521071223175],[-121.47635192168808,37.48028407206267],[-121.47769845520267,37.48028406779043],[-121.47841655929852,37.47992503238733],[-121.47886542655833,37.479700552866],[-121.47931420491017,37.479296673947765],[-121.47971818237329,37.478982451931365],[-121.48012215841895,37.47862340912313],[-121.48061581783698,37.478219405107986],[-121.48097490492553,37.47786033170054],[-121.48124421950688,37.47736666983041],[-121.48173796126957,37.47678313405654],[-121.48205215947041,37.47642410185],[-121.48259069580658,37.47588550713409],[-121.48339862631883,37.47543668499989],[-121.4842514357065,37.475526387744615],[-121.48519391999697,37.47557133898676],[-121.48591206448698,37.475526414830036],[-121.48676485524719,37.47566105791245],[-121.48645066991304,37.47494296256526],[-121.4862711350512,37.474314573476306],[-121.48622625129195,37.47413504657477],[-121.4842514357065,37.4660111450026],[-121.48308443179353,37.46515838325603],[-121.47967329605852,37.46408121647285],[-121.47769845520267,37.46340795822282],[-121.47720469611681,37.463228420259654],[-121.4758582439899,37.4626000241775],[-121.47505034772597,37.462061406166576],[-121.47451168896076,37.46152286243468],[-121.47401800337545,37.46093933866776],[-121.47343453819923,37.46017632737473],[-121.47338964943536,37.459817261432725],[-121.47338964943536,37.45896447637292],[-121.47316520535375,37.45725891081418],[-121.4730754275987,37.45676521365613],[-121.47267151399832,37.456361260139495],[-121.47253684676247,37.456406128732844],[-121.47204315271452,37.45631638148889],[-121.46957456358126,37.45573289010972],[-121.46894618541029,37.45389265697193],[-121.46836269455305,37.45371319236779],[-121.46724059515412,37.453354067269636],[-121.46719579114496,37.4533540735601],[-121.46531069462239,37.45456594656609],[-121.4646822932093,37.45447616717128],[-121.46400899595426,37.45384782841327],[-121.46405388837157,37.452456441774885],[-121.46364994315688,37.45191786613137],[-121.46293183420839,37.45146899716406],[-121.4626625639926,37.448416940851395],[-121.46347045992404,37.44567903155856],[-121.46216882765493,37.44231278084165],[-121.46185466240195,37.440741878359646],[-121.46185466240195,37.440427721264925],[-121.4618995556578,37.44015838579459],[-121.46194444889619,37.439126106879726],[-121.46185466240195,37.438811919556024],[-121.46230350700327,37.43800396668178],[-121.46414367315371,37.43760007419458],[-121.46418856551854,37.43755519926162],[-121.46441302708071,37.437375600001246],[-121.4649515587091,37.43701654682877],[-121.46557995865473,37.435939379461075],[-121.46589411375905,37.435580277858556],[-121.46656740000627,37.43477239215005],[-121.46697133500022,37.43427868315484],[-121.46728548631317,37.433964499575055],[-121.46746505077458,37.433695218339835],[-121.46750994184623,37.4334258678466],[-121.46822810944853,37.4328424141736],[-121.46858714798863,37.4323487220832],[-121.4692604185069,37.431675437927666],[-121.46993359792707,37.43086754658887],[-121.4703376082897,37.43010453503911],[-121.47047219093098,37.429431333203176],[-121.47051708083144,37.4285785216568],[-121.47038249824256,37.42812967750924],[-121.4703376082897,37.42772573070546],[-121.46894618541029,37.425885530558666],[-121.46876662325619,37.42566113312153],[-121.46876662325619,37.425302071391364],[-121.46885640436822,37.42498788850465],[-121.46917063770961,37.42471851247191],[-121.46970923427907,37.42453904418475],[-121.47029271831936,37.42444925950746],[-121.47096597887412,37.42431456640941],[-121.47150456705302,37.42426972893354],[-121.47195337408513,37.4242248661168],[-121.47213293127395,37.4241799089593],[-121.47222270976343,37.42413507636111],[-121.47262662493719,37.42332718592345],[-121.472312488183,37.42296805367564],[-121.46625315956842,37.415023760025335],[-121.46356024516042,37.41592140159059],[-121.45633396633404,37.406720374875924],[-121.45566070752962,37.4010201887726],[-121.45826401706613,37.39814764244053],[-121.45664814662032,37.39554443290975],[-121.45153145206888,37.39464673749028],[-121.45045426102674,37.39253727252303],[-121.4498259530654,37.39226790717432],[-121.44816524029088,37.39168445452302],[-121.44672899959451,37.39271677225319],[-121.44587617419155,37.39303092985443],[-121.44524784132729,37.393345141042744],[-121.44457460506992,37.39334510505115],[-121.44273438851585,37.392761658005156],[-121.44242017037578,37.39298605684592],[-121.44210595138144,37.39321052845407],[-121.44026578270721,37.39455696879617],[-121.4389641504004,37.3946018589253],[-121.43770740610022,37.39572392282566],[-121.43609159684098,37.396127940730196],[-121.43492462882254,37.39590348949613],[-121.43353330226783,37.39536484234988],[-121.43218677658935,37.3944222973043],[-121.43155845651847,37.394242752915666],[-121.4240629087333,37.39361441662331],[-121.41943991385402,37.3907419082827],[-121.41665713340703,37.390158442572854],[-121.41477208456138,37.39020332677211],[-121.41396419709895,37.389619833904234],[-121.41252788067902,37.38944028690532],[-121.41216884239785,37.387285875486334],[-121.41212392983114,37.38724103822282],[-121.41064276468073,37.38611893252769],[-121.41055302555777,37.385849640342904],[-121.41014906782935,37.3839645247843],[-121.41001441494049,37.383470786111836],[-121.40996958874982,37.38315659988845],[-121.41005932832432,37.38288734193211],[-121.41010424169075,37.38261803981361],[-121.41005932832432,37.3823936003536],[-121.40983493565253,37.38212428466395],[-121.40970028239892,37.38203455314657],[-121.40974510869368,37.382214047291185],[-121.40934123536181,37.38131637550108],[-121.40907192755166,37.38068805043713],[-121.40970028239892,37.37988015757146],[-121.41032863384135,37.379072258431954],[-121.41104672068921,37.378398972610576],[-121.41140584965484,37.37835412339832],[-121.41158532651123,37.3780848410273],[-121.4123484052818,37.377860405307494],[-121.4127971804623,37.3776359613951],[-121.41306647962,37.37745644172993],[-121.41369490002678,37.37700763348546],[-121.41409884540039,37.376648511341855],[-121.41450278936627,37.3763343626982],[-121.41504137913084,37.376154847448056],[-121.41549023109152,37.37602017137953],[-121.41584925908484,37.37593043471611],[-121.41580434794422,37.37570598455624],[-121.41571461281694,37.37539183470891],[-121.4159839051963,37.37485324153971],[-121.41611855115134,37.37471853943675],[-121.41629810791663,37.374449295484354],[-121.41634301886587,37.374179973584994],[-121.41611855115134,37.37373113196638],[-121.41764464398072,37.369826270805596],[-121.41822804215757,37.367402570661305],[-121.41867688177489,37.366953773006706],[-121.41903598709828,37.366325360366965],[-121.41921553934255,37.36560725287002],[-121.41926036195751,37.36506863795564],[-121.41930527175857,37.36470962204859],[-121.4193052717586,37.36444032666456],[-121.41966437513413,37.36435049209245],[-121.42042740070904,37.36421584424336],[-121.4211904212578,37.36408119113062],[-121.42163924939722,37.36381193188124],[-121.42213289730074,37.36345290059422],[-121.42249199190995,37.36309376331678],[-121.42262663030111,37.36268982483341],[-121.42267153879703,37.36210634076959],[-121.42276126853574,37.360939385579684],[-121.42365899809992,37.35882990257206],[-121.42213289730074,37.35604715903967],[-121.42105569399487,37.355373847337155],[-121.42101087207462,37.3551045485048],[-121.42123524310857,37.35429664659599],[-121.42092105377752,37.35366832902963],[-121.41979901681218,37.352815549309746],[-121.41939509130854,37.352007623269635],[-121.4195297332996,37.3511099335482],[-121.42047222285507,37.35048162630302],[-121.42047222285507,37.34994300925433],[-121.42051713218636,37.34971860081891],[-121.42060686359416,37.347743754038],[-121.42015803145435,37.34729486166082],[-121.41979901681218,37.346531879514664],[-121.41993365833375,37.34608301824688],[-121.42069668213492,37.34567906887861],[-121.42074150417677,37.34505070418615],[-121.42074150417677,37.34473656876769],[-121.4202926725586,37.34419795923595],[-121.41176489029897,37.33382991540896],[-121.40916166782081,37.330643180907856],[-121.41113654663974,37.32754620062535],[-121.41037354710345,37.325436715464456],[-121.41023889447528,37.325077631225035],[-121.41194445380854,37.32444926162743],[-121.40938606179537,37.32144207103347],[-121.40835374126328,37.31762706037541],[-121.40812934529129,37.31578680497048],[-121.40768055204488,37.31408121846211],[-121.40750098193267,37.31309379377308],[-121.40709701357326,37.31277964390603],[-121.40673795847698,37.312689873327486],[-121.40678287312961,37.31282451966746],[-121.40633398746026,37.31277960841756],[-121.40619933014202,37.31183706377706],[-121.40575052942823,37.31098431853854],[-121.40619933014202,37.31053547499865],[-121.40637890226932,37.31044570594777],[-121.40750098193267,37.309817317220954],[-121.40893727341206,37.30986222951033],[-121.41131602391297,37.308022015956944],[-121.41275235534746,37.307438535887854],[-121.4135602512561,37.306989664787814],[-121.41360507605852,37.3069447858965],[-121.41400902174516,37.30676529198589],[-121.4142783180875,37.30649598837265],[-121.41472717300337,37.30537388664734],[-121.41490673192432,37.30523923540507],[-121.4167469550099,37.30380293448731],[-121.41773437761344,37.303533699670396],[-121.41809339865372,37.30339902636879],[-121.41827295235879,37.30335411186067],[-121.41836277270912,37.30326437242711],[-121.41867688177489,37.30290530571191],[-121.41885643457572,37.30254622036878],[-121.41908089698634,37.30200761306926],[-121.42276126853574,37.29913511948352],[-121.42303063173607,37.29662161878514],[-121.42303063173607,37.295858621148255],[-121.42343454456123,37.29527516185456],[-121.42464636178283,37.295140505291634],[-121.42608270236032,37.29594835209885],[-121.42585825352009,37.295993238768496],[-121.42563380424471,37.29603819867616],[-121.42460154125227,37.29626257190446],[-121.425364534299,37.296307460210635],[-121.42576843898269,37.29635236909218],[-121.42599288799705,37.296307482286515],[-121.42635197063562,37.29621770899184],[-121.42662123828464,37.296083063936344],[-121.42724958516152,37.29590351495508],[-121.42855126209442,37.295679107142696],[-121.43034653726883,37.29523029023615],[-121.43137892341515,37.29500581322423],[-121.43205214931768,37.294557042397905],[-121.43272537130278,37.29437749875833],[-121.43277027588071,37.294377458513495],[-121.43366792781583,37.29356960308497],[-121.43402698663954,37.29294119589047],[-121.43546329797981,37.29235769316626],[-121.43609159684098,37.29217817439494],[-121.43680978551592,37.2919537454405],[-121.43752788254076,37.29235776224871],[-121.4385153022629,37.293165669674956],[-121.43977203778137,37.29347981543947],[-121.4411185623281,37.29383886563008],[-121.44197133565743,37.294781403532305],[-121.44277920202114,37.29630745695244],[-121.44354224954562,37.29662163303548],[-121.44654940286468,37.29532004559452],[-121.446818710672,37.29518540712572],[-121.4496463611509,37.29392868014371],[-121.44955665226958,37.293614461607625],[-121.44937705993634,37.29289633553485],[-121.44933216180935,37.29285144229537],[-121.44910775809379,37.291953782167866],[-121.44906285986215,37.291819151354524],[-121.44906285986215,37.291729341066855],[-121.44865894935462,37.29029310140655],[-121.44892825224365,37.29011358939774],[-121.44928735084585,37.28970963567427],[-121.44946685613789,37.289350516956425],[-121.44987076381993,37.28903635211447],[-121.45090314996861,37.28845284662446],[-121.45135194998613,37.28827338623494],[-121.45166614383216,37.288093820691685],[-121.45296772021898,37.28674734930179],[-121.45314730696765,37.286343325626454],[-121.45332680625916,37.285759917499135],[-121.45355120177545,37.28522132906053],[-121.45368589118239,37.284727531230246],[-121.45400007867681,37.28405430157298],[-121.45516702840445,37.28382990865419],[-121.45588518568476,37.28391966620695],[-121.45709701147769,37.284054315814245],[-121.45727650462685,37.28405436585027],[-121.4574111896866,37.28405429176761],[-121.45803954353825,37.284144128142664],[-121.45835371918095,37.283695251313624],[-121.45853329754924,37.28347084819508],[-121.45902696227374,37.28279758971321],[-121.45907185663003,37.28275274301224],[-121.45907185663003,37.282303887505726],[-121.45857819209762,37.28167551891308],[-121.45817422770737,37.28136131693755],[-121.45763557726224,37.281092054116236],[-121.4575009796391,37.28095733616703],[-121.45655844317966,37.27988014307195],[-121.45588518568474,37.279072267441165],[-121.45570560319557,37.278892738397545],[-121.45552610760315,37.2786683082269],[-121.45543631611416,37.27857857939518],[-121.45498753197447,37.278488802313554],[-121.45395518234747,37.27718715325143],[-121.45395518234747,37.27682814772476],[-121.45395518234747,37.2764241907568],[-121.45400007867681,37.2761099389439],[-121.45413468038282,37.27422485845968],[-121.45413468038282,37.27413510379023],[-121.45413468038282,37.27400047158388],[-121.45417957664233,37.273237433085164],[-121.45426936910901,37.272070510773254],[-121.45426936910896,37.27193580127765],[-121.45426936910899,37.27166652894316],[-121.45449376279305,37.26879404029459],[-121.45449376279308,37.26839004136877],[-121.45453865891292,37.267851428071445],[-121.45462845110026,37.2668191460676],[-121.45467334716773,37.2660112303855],[-121.45476305207352,37.264754536922865],[-121.45476305207352,37.26439547363625],[-121.45485284408626,37.2631387289789],[-121.45525682010295,37.26304890634228],[-121.45593008126339,37.26286938326537],[-121.45664814662032,37.26210642605226],[-121.45727650462685,37.26093941653385],[-121.45633396633404,37.25923384868182],[-121.45619936719274,37.2583361538257],[-121.45619936719274,37.25811179610618],[-121.45597488964872,37.25752832665056],[-121.45525682010295,37.25667552122557],[-121.45530171592601,37.25631645426573],[-121.45512213252901,37.25591247498388],[-121.45503234072572,37.255553449044584],[-121.45539142034345,37.254700647651354],[-121.45539142034345,37.25492509054094],[-121.45584029008863,37.25411716802731],[-121.45597488964872,37.253937667350705],[-121.45601978519248,37.2534888111744],[-121.45552610760315,37.252860442620836],[-121.45561589902232,37.25169344517886],[-121.45561589902232,37.25142417612093],[-121.45566070752962,37.25079584071737],[-121.45575049884407,37.2494493204583],[-121.45516702840445,37.24900047182257],[-121.45471815604094,37.24855167495397],[-121.45395518234747,37.248057888163174],[-121.45260872024028,37.24639725540526],[-121.45265352991493,37.24536496079475],[-121.45215983792903,37.244736537863446],[-121.45184564542647,37.24433261860106],[-121.45139684732781,37.244108208716725],[-121.45112755019541,37.24383886187822],[-121.45099285780387,37.24356958412763],[-121.4509928578039,37.243210557412084],[-121.45049915871743,37.24253726937246],[-121.44937705993634,37.241145925600556],[-121.44906285986218,37.240697063095524],[-121.44879364446828,37.24033800984318],[-121.44870384774327,37.24024820087938],[-121.44816524029088,37.23948523213359],[-121.44825503743459,37.23926081716314],[-121.44834474732689,37.238946626962786],[-121.4486140509485,37.238363130051084],[-121.44879364446822,37.23791429474818],[-121.44879364446828,37.237824493248],[-121.44883845562333,37.23760013126504],[-121.44874874611448,37.23728593396151],[-121.44847944280694,37.237016611149244],[-121.44794083430807,37.23674729412121],[-121.44758173151949,37.23647802446925],[-121.44668410043825,37.236163831482735],[-121.44663920126453,37.23611895844447],[-121.44650459082162,37.23607404455752],[-121.44610058418517,37.235984328859935],[-121.44574156285958,37.23540084428931],[-121.44520294159541,37.23450313780821],[-121.44470921776148,37.2340992578612],[-121.44394617794268,37.233650382987975],[-121.44345244873885,37.233336221821666],[-121.44242017037578,37.23198968068226],[-121.44224065413484,37.23181013367942],[-121.44174691764464,37.23113691233776],[-121.43977203778137,37.230643205015895],[-121.43945789877664,37.23037387532291],[-121.439009052556,37.23001487078386],[-121.43770740610024,37.22974557403817],[-121.43658535748354,37.229565982484004],[-121.43609159684098,37.22938646405867],[-121.43573254442653,37.22871323368951],[-121.43541839444732,37.22830928754031],[-121.43492462882254,37.2281297541326],[-121.43474510094326,37.227501353106504],[-121.43465538049506,37.227501369154055],[-121.43407189071222,37.226469033151],[-121.43389236150938,37.226334425497214],[-121.43294980682498,37.22664858502746],[-121.43290490231671,37.227097431595226],[-121.43285999779106,37.227321863916615],[-121.43263564928804,37.22736675001648],[-121.43155845651847,37.22781552270419],[-121.43097495111553,37.22754622235044],[-121.43075051176244,37.227456466646665],[-121.43003237266346,37.22669351226797],[-121.42980793148213,37.226334418626905],[-121.42944894676079,37.22579581597479],[-121.42895515565878,37.225391878639584],[-121.42846144964655,37.22534700329226],[-121.42783310934817,37.22521232037192],[-121.42760866390186,37.22467376760265],[-121.42639687768666,37.22350677796086],[-121.42590316076264,37.22359655570341],[-121.42509526372706,37.22355163561835],[-121.42424245318473,37.22314768176509],[-121.42343454456123,37.22274377298036],[-121.42271644727553,37.222339823716574],[-121.42222271465805,37.22193584925298],[-121.42181871040472,37.22130749470124],[-121.4216840710743,37.22085868485758],[-121.42150452265635,37.21996098190532],[-121.421594340501,37.21937751479677],[-121.42172897993571,37.21888375092195],[-121.4219085280057,37.21821051134764],[-121.42136988296073,37.216011261648426],[-121.42105569399487,37.21484432904534],[-121.41903598709828,37.2137671201292],[-121.41836277270909,37.21322847057357],[-121.41782411117664,37.212510354609115],[-121.41724062376095,37.211881983296664],[-121.41688160007834,37.21125358837466],[-121.41679177857985,37.20981734411429],[-121.4169265108015,37.20856060425449],[-121.41683668933779,37.20725902012503],[-121.41688160007834,37.20604718070663],[-121.41652248807779,37.204925103768225],[-121.41625319694997,37.2038927824653],[-121.41620837317168,37.20344389237343],[-121.41571461281694,37.202411612489875],[-121.41584925908484,37.201020270153045],[-121.41575952399232,37.20030213339426],[-121.41566970162414,37.19962887443419],[-121.41531067307456,37.199000481767655],[-121.4145925254318,37.19823746199277],[-121.41373972477714,37.19765399461354],[-121.4131563040056,37.1968909314707],[-121.4125727930892,37.195948424237365],[-121.41198927923574,37.19545475245205],[-121.41171997757579,37.19491611285752],[-121.41163023928658,37.19428776623368],[-121.41171997757579,37.193614529620156],[-121.41140584965484,37.19307591871821],[-121.41091206884275,37.19249242894479],[-121.41046328636534,37.19199871042414],[-121.41032863384135,37.19128059576713],[-121.41037354710348,37.19038289241464],[-121.41019398116103,37.1895750223026],[-121.410418373138,37.18894664355803],[-121.41082232992822,37.18831829820659],[-121.41118137237929,37.187375718921196],[-121.41149558811776,37.186657595074784],[-121.41158532651123,37.18593942490455],[-121.41154050092786,37.18540081377982],[-121.4110018948976,37.18495204246588],[-121.41037354710345,37.18436854216498],[-121.40947580182146,37.18414416431374],[-121.40902701378542,37.18360555591116],[-121.40880261911612,37.18248345812473],[-121.40884744575791,37.18149599762734],[-121.4088923595937,37.18082276014096],[-121.40938606179537,37.18064321446074],[-121.4098797618953,37.18014948024389],[-121.41023889447528,37.17889274699554],[-121.41046328636534,37.17875813242695],[-121.41086724299909,37.17826442630136],[-121.41113654663971,37.17786042325835],[-121.41118137237929,37.177546260056346],[-121.41109163367315,37.17696277735514],[-121.41068767782116,37.176513966164734],[-121.41032863384135,37.176110030538986],[-121.41005932832432,37.17575093134455],[-121.41019398116103,37.1751674417451],[-121.410418373138,37.174449359020976],[-121.41104672068921,37.173955649880945],[-121.41163023928655,37.173372151069394],[-121.41252788067902,37.17310283747513],[-121.41306647962,37.17296816705497],[-121.41338069024923,37.17287843583466],[-121.41338069024923,37.172653978559694],[-121.41338069024923,37.17233984058505],[-121.4131563040056,37.171935862442076],[-121.4122137549471,37.171307470451815],[-121.41064276468073,37.17085864853003],[-121.40884744575791,37.170095654727305],[-121.40772537912035,37.16901842340592],[-121.40763563773983,37.167447537100735],[-121.40777029339067,37.16524821823977],[-121.40759072341739,37.16322853515785],[-121.40750098193267,37.16282452665613],[-121.40718675537052,37.16165760419727],[-121.40687261516995,37.15999688443038],[-121.40651355937906,37.15882993921363],[-121.40601984495024,37.15788741272317],[-121.40534655497295,37.15703463038314],[-121.4050324097891,37.15654089235627],[-121.40462843283325,37.156002300924015],[-121.40400005051114,37.15591253978887],[-121.4032370912451,37.155822746566415],[-121.40247403974647,37.155643264984306],[-121.40180081641044,37.15528417325533],[-121.40112758916919,37.15492507155372],[-121.40103775546821,37.15447627133019],[-121.40067868162139,37.15371326010415],[-121.40049918789028,37.15254630388523],[-121.40014011237737,37.15146908407911],[-121.40000544787138,37.15084071071914],[-121.3994668755037,37.15039192100432],[-121.39915271440356,37.150212347221505],[-121.39901804875211,37.150122619379495],[-121.39856922026526,37.15021232326454],[-121.39807547203785,37.150571446440516],[-121.39744714145691,37.15061626516409],[-121.39654947060261,37.1502123186574],[-121.39556204209195,37.149628850624325],[-121.39506828107734,37.14922495395825],[-121.39475410807592,37.149000531692465],[-121.39399108804209,37.14846193719798],[-121.39340765519013,37.14814771381683],[-121.39300363777988,37.14814771804915],[-121.39264462631137,37.148417030700855],[-121.39237527975811,37.14935960486557],[-121.39201626634771,37.15025724845712],[-121.39116347421452,37.15075096904464],[-121.39111855351847,37.1507509450089],[-121.39031067582185,37.15097537821877],[-121.38851530409883,37.1514242502223],[-121.38824603520011,37.15146906694494],[-121.38716886613894,37.15160375095656],[-121.38604676443867,37.15191791382505],[-121.38532861017688,37.15196280094027],[-121.38474513383177,37.15182812376147],[-121.38425141408102,37.15155882701905],[-121.38353333595948,37.151469051913395],[-121.38321913177151,37.15236674749529],[-121.38277024224986,37.15407233277875],[-121.38232143822673,37.1552841490729],[-121.3822766013448,37.15595739444835],[-121.3822766013448,37.15649599898758],[-121.38200723076416,37.15689999744194],[-121.38164818532846,37.15712438112532],[-121.38169310968443,37.15761811086809],[-121.38205215498147,37.158022038681],[-121.38254588407038,37.158425990646286],[-121.38335372850568,37.159144105131226],[-121.3839372118335,37.16017647136101],[-121.38407189496638,37.160939454838974],[-121.38416165455838,37.162016649474914],[-121.38389237557458,37.16224110948031],[-121.3835781723568,37.162465470813224],[-121.38326396828998,37.163004073753065],[-121.3839372118335,37.163767100131665],[-121.38420657794329,37.164709627335284],[-121.38456561547946,37.16551756603445],[-121.38425141408102,37.16619082200143],[-121.38380261577473,37.16654987685785],[-121.38317420800503,37.167492445822425],[-121.38290492673447,37.16789637993953],[-121.38218684029773,37.168030990065574],[-121.3819623937611,37.16807593314796],[-121.38097492853272,37.16798611880041],[-121.38016706757321,37.167941231000675],[-121.37967332838579,37.16798616799384],[-121.37922451241211,37.168794030349375],[-121.3786410054405,37.16964682461915],[-121.37819218548395,37.170095637504744],[-121.37814734701028,37.170140550165826],[-121.37707008440002,37.17171144675411],[-121.3763071227597,37.17247448784387],[-121.37527476994666,37.17310280525202],[-121.3740629606519,37.17305790706475],[-121.37388342581383,37.17319256611117],[-121.37343458750709,37.17368632175882],[-121.37222267181454,37.17696282383049],[-121.36670206698102,37.17952111380612],[-121.36566971624029,37.179970001940724],[-121.36504138504515,37.18001488459133],[-121.36454766894451,37.18032907433122],[-121.36432327563749,37.180822760591965],[-121.3642335007447,37.18136131879117],[-121.36409879465334,37.18207953817544],[-121.36369484993534,37.182662972870084],[-121.3631562838814,37.18351573090444],[-121.36243816285521,37.183829915744994],[-121.36095697518587,37.184323661698656],[-121.35956563449844,37.18445828711416],[-121.35889233725281,37.18391974018701],[-121.35709700433655,37.1833811369935],[-121.35453871405011,37.18387482165372],[-121.35386547502854,37.18302204053018],[-121.35283309784508,37.18270783551945],[-121.35175595014626,37.181944851320694],[-121.35162131689134,37.18194484572015],[-121.35014016632232,37.18172044341153],[-121.3487038467737,37.181136942985674],[-121.34749202293388,37.18041881404233],[-121.34668410429757,37.179925086389005],[-121.34596596909459,37.17889279710873],[-121.34569668906911,37.17857858085229],[-121.34520297832263,37.178084885497256],[-121.3446644141304,37.17790530499608],[-121.34426040209598,37.17754626031468],[-121.34376668527543,37.17705254214168],[-121.34367698181846,37.17691787362826],[-121.34327296636711,37.17606510757711],[-121.34322811445755,37.17525720400749],[-121.34304853212575,37.17467377676053],[-121.34237531407467,37.1741800004931],[-121.3402658432946,37.173865848911255],[-121.33829098319944,37.17350677224456],[-121.33721378857841,37.172968149126014],[-121.33627123513787,37.17251933936533],[-121.33519402189582,37.171487054206956],[-121.33456561382985,37.17094847553241],[-121.33434125012587,37.17081380745989],[-121.33375769303747,37.17121771143163],[-121.33254588864595,37.17126264581079],[-121.33209706578431,37.17099332247726],[-121.3318726100728,37.170005886579716],[-121.32841661841518,37.16596639188503],[-121.32774340333549,37.166056125864756],[-121.32693543539717,37.16628061911785],[-121.32599288635475,37.166729410724976],[-121.32522993970662,37.16681919786738],[-121.32451175991791,37.16677428702549],[-121.3238385223634,37.1665947736788],[-121.32325508741104,37.1664152367967],[-121.32150459054532,37.167223155110975],[-121.32024788574262,37.16758215181812],[-121.31908088984684,37.167671919501615],[-121.31890135769781,37.16767192011464],[-121.3181383648123,37.16731286363227],[-121.31804855440977,37.167268040542176],[-121.31786902067745,37.1673128737585],[-121.31764462494478,37.16731286454422],[-121.3162532919782,37.16753728867027],[-121.31405397288675,37.16789640034002],[-121.3140539728868,37.168973562816845],[-121.3140539728868,37.16942243136244],[-121.31378470663908,37.16973654815847],[-121.3128870025373,37.170140540558684],[-121.3125279189701,37.17009568791254],[-121.31163029252026,37.17005077656064],[-121.30830891011118,37.16803101095624],[-121.30606475028706,37.166639635723385],[-121.30557104681695,37.16659477792095],[-121.3026086950417,37.16816564973679],[-121.30067876600293,37.166280573308924],[-121.30031964503165,37.16623573098326],[-121.29964644300955,37.16601126075563],[-121.29937714366015,37.16587658973463],[-121.29915271251441,37.16578684938871],[-121.29856924190226,37.16596641955154],[-121.29771646522596,37.16641518239781],[-121.2970881178757,37.16690891644184],[-121.29654950681264,37.16731285107152],[-121.29636994014368,37.16749239471334],[-121.2970881178757,37.16708843059063],[-121.29560697515075,37.16888377886521],[-121.29443999575717,37.169512156719364],[-121.29251001963165,37.170499582250144],[-121.291522583805,37.170320030561385],[-121.29143275300956,37.170724032256764],[-121.29098394719894,37.17112795473916],[-121.29080445931409,37.17157680474476],[-121.29066975592066,37.1721153782914],[-121.29062488385509,37.17301305069511],[-121.29075950000036,37.173506787284516],[-121.29080445931409,37.17319260661024],[-121.2910736910384,37.17485331997892],[-121.2909390752534,37.17543675923545],[-121.29022094719318,37.175975324561705],[-121.28905400155223,37.17655886284006],[-121.28770746439305,37.1773667546015],[-121.28748309823348,37.1792069302305],[-121.28716889758763,37.17974553806082],[-121.28680982257771,37.18032903560328],[-121.28604679544958,37.1811369424615],[-121.28541847293629,37.18100227180858],[-121.28429635407637,37.1809124938097],[-121.28429635407637,37.18189993939469],[-121.28411685597034,37.1825283121251],[-121.28339868619341,37.1831566520042],[-121.28227663534788,37.183695288322596],[-121.2811096107802,37.183605547069824],[-121.28021200585935,37.183066901121144],[-121.2793591831613,37.181989711247596],[-121.27850644158417,37.18086762106135],[-121.27778823752097,37.17961092016042],[-121.27653150081781,37.179386487701365],[-121.27536459383182,37.17875811767967],[-121.27505036078335,37.17808490672265],[-121.27464645788785,37.17727700943563],[-121.27383856062289,37.17561627839873],[-121.27361416798446,37.174359556755206],[-121.27356920209299,37.17404542306263],[-121.27312041536014,37.17332726753626],[-121.27172899097866,37.1724744707793],[-121.27065179577798,37.17198072595832],[-121.26948483045665,37.171172893501414],[-121.26845258257342,37.1695121557487],[-121.26827297296173,37.16924289134349],[-121.26715095241015,37.1671333543262],[-121.26602883384341,37.165652183049744],[-121.2645926182364,37.163901711017296],[-121.26347047528145,37.16197177428234],[-121.26252794028314,37.1602213637972],[-121.26248305747599,37.16017647130931],[-121.26243817465169,37.15986229338162],[-121.26230352607622,37.15945832745374],[-121.26207911144164,37.15932364742494],[-121.26185469637933,37.15923389699917],[-121.26145074818943,37.15932364674463],[-121.2609121484474,37.15932364270837],[-121.26073261465271,37.159188995099264],[-121.25987982539017,37.15882993399258],[-121.25875772484784,37.158874867789315],[-121.25772547023232,37.15896455167228],[-121.2568726591984,37.15891968521306],[-121.25561596111724,37.15887479359858],[-121.25498756338732,37.15847086484434],[-121.25449381996295,37.15869530565689],[-121.25373084520163,37.15856066973968],[-121.25215990679266,37.158426012255084],[-121.25067880943618,37.158246449903714],[-121.24951182085955,37.15793230975461],[-121.2487488138519,37.15766296309116],[-121.2475369176733,37.15775272423738],[-121.24713300773419,37.157977125535645],[-121.24574162565253,37.15784249703415],[-121.24488881525313,37.15842600317587],[-121.24385652652167,37.15856066841982],[-121.24313837311955,37.15824645293991],[-121.24246510579358,37.15748341599586],[-121.24192650663393,37.15739368724025],[-121.24035558565507,37.157214180879485],[-121.23932325726447,37.15775272277413],[-121.23851537976428,37.15775275515517],[-121.23770749673501,37.15757324592425],[-121.23712398340236,37.157214169976406],[-121.23663033987575,37.15667554879809],[-121.23636098362037,37.15609205916395],[-121.23645076910712,37.15528419017438],[-121.23663033987575,37.154566002021745],[-121.23654055452556,37.15402741648398],[-121.23600192833092,37.15353374661337],[-121.23550819277239,37.152905364996336],[-121.23559797890759,37.152097459950284],[-121.23600192833092,37.15039187868169],[-121.23609171409069,37.15057138915275],[-121.23618149978219,37.15079584250862],[-121.23618149978219,37.150616289636105],[-121.23618149978219,37.150257256528135],[-121.23613660694497,37.149718614150146],[-121.23600192833092,37.1490902684296],[-121.23582235660655,37.14850680813816],[-121.23550819277239,37.148147735358336],[-121.23496964920945,37.14774378828706],[-121.23330893518798,37.14356961971283],[-121.23330893518798,37.14298617039287],[-121.23308455271345,37.14222312902545],[-121.23277029425324,37.141460137024204],[-121.2324561222998,37.140338018109595],[-121.23227663252682,37.13988921310053],[-121.23223173820514,37.13984427825873],[-121.23173798688451,37.139575018770465],[-121.23133411022054,37.13854269305149],[-121.22958364178962,37.13710642546244],[-121.22832691506434,37.13602921335903],[-121.22738436124926,37.135221326280956],[-121.22680088426505,37.13477247093643],[-121.22666619500707,37.1346378611383],[-121.22621740440027,37.134278797075645],[-121.22603781780231,37.13414412230116],[-121.2259032150225,37.13400948350536],[-121.22540943725684,37.13360556249387],[-121.22522993677954,37.13347085789142],[-121.22482595052328,37.13315674649451],[-121.22478114071943,37.133066964459786],[-121.22442205023528,37.13248345857595],[-121.22410785608555,37.13216924093029],[-121.22392835363183,37.131944833052415],[-121.2236590557656,37.1318102127956],[-121.22352436292768,37.131765357260335],[-121.22312045819285,37.1316306639003],[-121.22303066257555,37.13154091261671],[-121.22285115848636,37.13131649835746],[-121.22280626058401,37.13122673689224],[-121.2227613626646,37.13109208978477],[-121.2227164647281,37.13100232788607],[-121.22267156677458,37.13082279453811],[-121.2227164647281,37.13064324271692],[-121.2227164647281,37.130508585337836],[-121.2227164647281,37.130418813618256],[-121.22285115848636,37.12997000093727],[-121.22294086689007,37.129790464133144],[-121.22312045819284,37.12947629895192],[-121.22325506414121,37.12925186609994],[-121.22329996187315,37.12907231143322],[-121.22312045819285,37.12857856710909],[-121.22240226604573,37.127950228503806],[-121.2223573679729,37.12790534902625],[-121.22217786286156,37.12759121575109],[-121.22199835747776,37.12723211811784],[-121.22195345925154,37.12709746154175],[-121.22190856100828,37.12691791642157],[-121.221863662748,37.12678325906401],[-121.221863662748,37.12669355634734],[-121.221863662748,37.126648667973406],[-121.22190856100828,37.12642421840852],[-121.22190856100828,37.12637932988795],[-121.22177395352705,37.125930513055614],[-121.22177395352705,37.125885624200684],[-121.22123534736747,37.125391875608486],[-121.22092114474964,37.124943074638516],[-121.22069673875475,37.12467374172964],[-121.22060694129696,37.12462886408787],[-121.22020302659688,37.124359600253285],[-121.21993372024643,37.124180047876564],[-121.2190808981991,37.123821022388384],[-121.21890138811459,37.12377612625343],[-121.21845256803478,37.123641450913716],[-121.2182281573563,37.12350677501565],[-121.21755492276654,37.12314770586085],[-121.21733051038521,37.12305799117289],[-121.21737532301229,37.12296822879307],[-121.21755492276654,37.12269886075768],[-121.21759982266246,37.122654038632],[-121.21786904697302,37.12220521784928],[-121.21867697828755,37.120858668052165],[-121.21894628749946,37.12040981444612],[-121.21926049536388,37.120185420394726],[-121.2194849040838,37.120005926969675],[-121.2197542114562,37.11946728335493],[-121.21979902316511,37.119242911893394],[-121.21984392220926,37.118883833674204],[-121.2201581276891,37.11839007416992],[-121.2210557532016,37.116908959738524],[-121.22132505699703,37.11646016393615],[-121.22141485390955,37.11637036666484],[-121.22163925854173,37.11614597254604],[-121.22172905521563,37.1160561749714],[-121.2227164647281,37.11578688863313],[-121.22298576474134,37.115652203147306],[-121.22329996187315,37.11547269180702],[-121.22379366110073,37.115068712780655],[-121.22410785608555,37.11430571403221],[-121.22437715292949,37.11340802798049],[-121.22473624355003,37.112196200579824],[-121.2251401427645,37.11089458597371],[-121.22522993677954,37.11084968077464],[-121.22536462767415,37.11075994844256],[-121.22545433417058,37.11067017178222],[-121.22554412794695,37.110625266370775],[-121.22594811174869,37.11026622571602],[-121.22612761113541,37.1100418228169],[-121.2263071102495,37.10972762528655],[-121.22626221365965,37.109413423193],[-121.22621740440027,37.10905437055039],[-121.22599292111018,37.10878507905462],[-121.22581342151891,37.10811182104566],[-121.22572362794713,37.10761809406728],[-121.22554412794695,37.106855098436405],[-121.22765365062831,37.10564328009343],[-121.22855130657535,37.10546367941741],[-121.22908987940141,37.10537395420859],[-121.22953874644458,37.10523931149219],[-121.23003241961233,37.10510468776668],[-121.23034659801175,37.104969982658304],[-121.23052617806161,37.10479044171147],[-121.23057107303143,37.104521191665185],[-121.23043638807079,37.10416208795865],[-121.23007731476977,37.10281562769749],[-121.23012220991016,37.102456570136596],[-121.23012220991016,37.102366769545476],[-121.23012220991016,37.10133442494002],[-121.23003241961233,37.100840742145856],[-121.22989782138244,37.09998796770686],[-121.22971824037747,37.09904540551568],[-121.23030179030111,37.09742955959259],[-121.23043638807081,37.09693586251408],[-121.23079546028046,37.09680123038105],[-121.23119942612982,37.0969807694338],[-121.23142381218537,37.09702568284608],[-121.2316482851582,37.09711539907968],[-121.2319624592603,37.097115401317545],[-121.23227663252682,37.096891036144825],[-121.23272548746193,37.09653195047995],[-121.23308455271345,37.09612796732923],[-121.23308455271345,37.09608306418541],[-121.23348842339227,37.09558936843539],[-121.23447590933468,37.095140523204705],[-121.23514913488968,37.09487124001197],[-121.23541840656893,37.0947366037037],[-121.23568776497453,37.09460194136556],[-121.23739333791697,37.093838950880425],[-121.23838070386387,37.09343500501348],[-121.23900910274654,37.09343502603391],[-121.23972728127849,37.093300322263964],[-121.24022099919148,37.093120816772206],[-121.24080440987761,37.09298615061435],[-121.24129812328454,37.093120810595615],[-121.24206117848827,37.09316569359987],[-121.24259977703318,37.093075901231316],[-121.24300370249469,37.09271686460626],[-121.2431832632937,37.09213340076011],[-121.24322815345076,37.09204358841259],[-121.24336282381944,37.09168456758785],[-121.24363207676103,37.09074203233537],[-121.24372185671652,37.090652211580526],[-121.24390141642256,37.09047271776299],[-121.24399119617307,37.09038289674911],[-121.24408088852101,37.090293175112926],[-121.24430533742779,37.09006876993632],[-121.24439511687092,37.08997894853396],[-121.24475414662643,37.08988925578553],[-121.24497859425222,37.08975458208469],[-121.24538251156919,37.0894852667316],[-121.24547229019254,37.0891261717955],[-121.24520304145098,37.088901747300234],[-121.24484392572798,37.088767168381],[-121.24367696674733,37.08701667580959],[-121.24313837311955,37.086074144746],[-121.24242021534621,37.08544581099274],[-121.24197139726911,37.08513156048401],[-121.241477686679,37.08508667828646],[-121.24125323239325,37.085086700250365],[-121.24066982392586,37.08526625915226],[-121.24049025930215,37.0856253112731],[-121.24017610789045,37.086163902877445],[-121.2392784529598,37.086163856154954],[-121.23923356130025,37.08616385983402],[-121.23640587637227,37.08620880214764],[-121.23550819277239,37.08625370078903],[-121.23519402810233,37.085894568074245],[-121.23510424166,37.08580482796629],[-121.2350593484132,37.08575999479082],[-121.23456569625476,37.085445744330876],[-121.23429633528963,37.08508669910578],[-121.23411684831322,37.084996932273576],[-121.23384757366618,37.08486225650155],[-121.2337577862001,37.08486225769599],[-121.23317425334902,37.08486231181031],[-121.23272548746193,37.08450320432633],[-121.23133411022054,37.08347088043318],[-121.23101984710334,37.08324646391434],[-121.23088524999837,37.08315668560143],[-121.23048128307475,37.08261814963515],[-121.23034659801175,37.08252839436083],[-121.23016710503349,37.08234878689599],[-121.22980803091404,37.08212440520816],[-121.22949385108248,37.08181019741189],[-121.22935916489388,37.081630686709644],[-121.22926946136141,37.081496065245155],[-121.2291796704155,37.08145114687945],[-121.22873080200822,37.081226749010526],[-121.22841661931236,37.08109210967777],[-121.22814733167188,37.08100231145682],[-121.22760875455,37.080957452822254],[-121.226396903378,37.080104684776934],[-121.22464644915996,37.078937719788634],[-121.22451184479577,37.07857864481349],[-121.22388345613851,37.07673839739003],[-121.22343456761713,37.075347030241424],[-121.22334485958804,37.07476356637642],[-121.22325506414121,37.07431473195378],[-121.22294086689007,37.0738209832029],[-121.22240226604573,37.073417074035966],[-121.2222676591265,37.073372177120305],[-121.221863662748,37.07305800282362],[-121.22177395352705,37.07301311333992],[-121.22132505699703,37.07292337873307],[-121.22110065176864,37.072833540055605],[-121.21997861923946,37.07265400734451],[-121.21952980324718,37.07256423582836],[-121.2189911868673,37.07216028594556],[-121.21737532301229,37.07099338349191],[-121.216836784177,37.070589375467186],[-121.21652256987497,37.070005925851675],[-121.21634305590838,37.06978152776994],[-121.21580442501924,37.06924290064103],[-121.21409888995545,37.068883823583114],[-121.2137398543962,37.06883895721582],[-121.21320121165793,37.06879410569334],[-121.21284217337545,37.068928714999],[-121.21275236995595,37.06892875985158],[-121.21261775205649,37.06888383902493],[-121.21257285027008,37.06888382433196],[-121.21252794846669,37.06883895810014],[-121.21239333031194,37.06883896233572],[-121.21230352655188,37.068838932679185],[-121.21176496463531,37.06870426913202],[-121.21019407953065,37.068345220163394],[-121.20965542065775,37.068255491789714],[-121.20992475040053,37.06794127548652],[-121.21010427410224,37.06780665941543],[-121.21032870018634,37.06744757246322],[-121.21046332068893,37.067088525826854],[-121.21037360282394,37.06690898065619],[-121.21019407953065,37.066504985959284],[-121.21019407953065,37.066415278673176],[-121.21028379753169,37.06619084673997],[-121.21032870018634,37.06610108178377],[-121.21032870018634,37.06605615393937],[-121.20961051774776,37.064889223493466],[-121.20956570218056,37.06484432587819],[-121.20943099329743,37.064575070075655],[-121.20934127465017,37.06444037027582],[-121.20929637162105,37.063722223357665],[-121.2090270404489,37.06331831457668],[-121.20821921797832,37.062016649116906],[-121.20817431452373,37.061657626222306],[-121.20821921797832,37.06129856570324],[-121.20821921797832,37.061253634373955],[-121.20839874426589,37.060939512708465],[-121.20866798950668,37.06053551666855],[-121.20884751511387,37.06013160340262],[-121.20893732149554,37.058695291302556],[-121.20987984759267,37.058022058616906],[-121.210553125845,37.05730394220528],[-121.21082236618676,37.05654091110941],[-121.21095707348678,37.05622673122464],[-121.21163034561289,37.05595742083969],[-121.21172006252543,37.05577789856647],[-121.21180986672815,37.055688143677365],[-121.21212400618528,37.05528422146671],[-121.21257285027008,37.05505979354815],[-121.21306659426894,37.055104688324],[-121.2136949530355,37.0553290974733],[-121.21441311069344,37.05555346140892],[-121.21468234225509,37.05582277087405],[-121.21490675965913,37.05591260111446],[-121.21513117663757,37.05595742402515],[-121.21553510865515,37.05609213083021],[-121.2171958103396,37.056765344968255],[-121.21872187775762,37.05712444154581],[-121.21939510570589,37.057214160560704],[-121.22069673875475,37.057303977597115],[-121.22136995546181,37.05734882415502],[-121.2218188518214,37.057348839064794],[-121.22338975728593,37.05752835745952],[-121.22361415816998,37.05725909493167],[-121.22428735826671,37.05649608445597],[-121.22451184479577,37.05622671975945],[-121.22356926055738,37.055553461000656],[-121.22316526862615,37.05523932089536],[-121.22379366110073,37.054880265895804],[-121.22442205023528,37.054162133746615],[-121.22491574477702,37.05353374452135],[-121.22522993677954,37.05308492342268],[-121.22536462767415,37.05290538693052],[-121.22581342151891,37.0520526162545],[-121.22567873113569,37.050526592242456],[-121.22522993677954,37.04590361277021],[-121.22509533307976,37.04437757525974],[-121.22505043602963,37.043838914721604],[-121.22478114071943,37.04222312857976],[-121.22473624355003,37.041684524840676],[-121.22469134636351,37.04137038581929],[-121.22460155193936,37.04047269368507],[-121.2245566547017,37.04015854893187],[-121.2245566547017,37.04006874513552],[-121.22451184479577,37.03984430317186],[-121.22451184479577,37.0397545730116],[-121.22572362794713,37.03944037431043],[-121.22940406030713,37.03858759452892],[-121.23061596798416,37.03827344297136],[-121.23075056539591,37.03827343953889],[-121.23093014483175,37.038228561323876],[-121.2311545313988,37.03818364912035],[-121.2312892155407,37.038138755510595],[-121.2322317382052,37.037869510536574],[-121.2348349692644,37.03724114255329],[-121.23514913488968,37.03719624921218],[-121.23613660694497,37.03692696127605],[-121.2365854472092,37.03643317312747],[-121.23712398340236,37.03580484246206],[-121.23730355314704,37.035625290202944],[-121.23748312261867,37.035445737600405],[-121.23797676257949,37.03486232633455],[-121.23842559584776,37.03432373801869],[-121.23851537976428,37.03432368879402],[-121.2386949473925,37.034323664112506],[-121.23873983925688,37.0343236763951],[-121.23882953559621,37.03405439392011],[-121.23860516361252,37.03324652444763],[-121.23873983925688,37.03288742221653],[-121.23891931920552,37.03261816096361],[-121.23896421098458,37.03257323465463],[-121.23950282366367,37.0322590603462],[-121.24031069440525,37.031900044026905],[-121.24062493279554,37.03176531227001],[-121.2411186469533,37.03172045681361],[-121.24224074072161,37.03194489805227],[-121.24277933844691,37.032079501529445],[-121.24300370249469,37.032169309568054],[-121.2435422967372,37.031899983741276],[-121.24417066813494,37.03194487171752],[-121.24452978590749,37.031989743156075],[-121.245203041451,37.032259024113586],[-121.2458762931519,37.03261809649655],[-121.24641487427932,37.032887407333874],[-121.24740225207005,37.03338113228482],[-121.24807557854864,37.03356070088282],[-121.24865903772276,37.03369533745458],[-121.24861414963259,37.03365046846257],[-121.24847948525942,37.03351578700288],[-121.24847948525942,37.03347092544947],[-121.24807557854864,37.03257322027254],[-121.24767158312281,37.03172046017175],[-121.24749202915596,37.03109212008031],[-121.24758180617359,37.03077794649928],[-121.24780624841854,37.030059803848594],[-121.24776136000372,37.02979046341156],[-121.24722278502509,37.029251880567045],[-121.24690856420798,37.02889282148206],[-121.24681878667786,37.02853373456062],[-121.24695345294738,37.02826442638946],[-121.24713300773419,37.02786053187885],[-121.24699834166971,37.02745656440975],[-121.24650465211687,37.026514016521794],[-121.24601087316466,37.02557147346654],[-121.2451581520454,37.02458404343599],[-121.24435022715788,37.02337220188139],[-121.24430533742779,37.02337218904534],[-121.24372185671652,37.02301311614311],[-121.2435422967372,37.02292332447134],[-121.24336282381944,37.022205184450236],[-121.24295881225225,37.0216666200117],[-121.24242021534624,37.0213973500215],[-121.24224074072161,37.02135239628298],[-121.24183672531234,37.02121780087778],[-121.24170214053787,37.021172860296815],[-121.24152257748494,37.02099339104259],[-121.24098397402332,37.02040985687125],[-121.24080440987761,37.02023038260758],[-121.24075951879851,37.019646884403606],[-121.24044536810352,37.01901853552896],[-121.24022099919148,37.018659447825506],[-121.23999654251558,37.01843500139917],[-121.23972728127849,37.01839015172993],[-121.23914377793,37.01834525727127],[-121.23887442740941,37.01803111498343],[-121.23802165471696,37.01708852589322],[-121.23775238897487,37.01677434497274],[-121.23743823027637,37.015831742534424],[-121.23743823027634,37.015786867202515],[-121.2369445007241,37.01511364928572],[-121.23645076910712,37.014485294677854],[-121.23568776497453,37.0136324717535],[-121.23550819277239,37.013452956441],[-121.2353736007823,37.0133183122129],[-121.23461058968924,37.013183650273],[-121.2343412288265,37.012869528343955],[-121.23357821106313,37.01201672325557],[-121.23335382910017,37.01174739040086],[-121.2337577862001,37.011522994145544],[-121.23501445514935,37.01080489163227],[-121.23541840656893,37.01058049031804],[-121.23550819277239,37.010535579407005],[-121.23582235660655,37.01049072476722],[-121.23591214250285,37.010445813581974],[-121.23667514518544,37.0104906509732],[-121.23680982303159,37.01044575967459],[-121.23721376830888,37.010266231721864],[-121.23784217340344,37.009952093167236],[-121.23806654683743,37.00959304111472],[-121.23820122309624,37.009233922205546],[-121.23815633102701,37.009099264958664],[-121.23788706559215,37.0090095076416],[-121.23752792760472,37.00887485409065],[-121.23743823027637,37.00887486148302],[-121.23663033987575,37.00869536122246],[-121.2365854472092,37.00865046033623],[-121.23640587637227,37.0084260501072],[-121.23631609085137,37.008336321480535],[-121.2365854472092,37.007663024006135],[-121.23698939325413,37.006585810883415],[-121.23654055452556,37.006226741920834],[-121.23613660694497,37.006047215210764],[-121.23550819277239,37.00577795766806],[-121.2353736007823,37.00537400070603],[-121.23523892129793,37.004925109661926],[-121.2349247559115,37.00416213900559],[-121.23479007591526,37.00375819501124],[-121.2348349692644,37.0037132611753],[-121.23487986259647,37.00348886810858],[-121.2349247559115,37.00344400824323],[-121.23501445514935,37.0030849389059],[-121.23510424166,37.00290537756395],[-121.23519402810233,37.00263612248806],[-121.2349247559115,37.002142378973154],[-121.23461058968924,37.00160379498769],[-121.23443101584901,37.00155888736266],[-121.23389238003182,37.001424284230346],[-121.23326404125874,36.999628906481796],[-121.23312935936856,36.99935966053799],[-121.23420663550635,36.998910792184475],[-121.23573265798242,36.998327332645665],[-121.23824611514837,36.99805796346109],[-121.24013121657234,36.99783357079146],[-121.24084930093967,36.99765407104602],[-121.24125323239325,36.99751941974849],[-121.24152257748494,36.9973847495781],[-121.24165724980026,36.99702566151211],[-121.24197139726911,36.99644218558683],[-121.24210606907225,36.99599339727833],[-121.24215095963909,36.995813802866785],[-121.24215095963909,36.99527524671605],[-121.24228563123728,36.99505080964167],[-121.24277933844691,36.99446733863046],[-121.24291392199271,36.99428781177063],[-121.24372185671652,36.9940184743179],[-121.24439511687092,36.99383898698958],[-121.24470925704999,36.9934799265523],[-121.2451581520454,36.992941284528875],[-121.24511326262272,36.992268036642535],[-121.24511326262275,36.99141525513381],[-121.245203041451,36.991370411986786],[-121.24538251156919,36.99114601463105],[-121.2454274008894,36.991056187678694],[-121.24601087316469,36.98975460670715],[-121.24641487427932,36.98795926560633],[-121.24663923141266,36.98706161901724],[-121.24654954101001,36.98522135204554],[-121.2458762931519,36.9830221082842],[-121.24479903618571,36.98163070426397],[-121.24385652652167,36.980104685886],[-121.2428690317161,36.9793865749498],[-121.24264466741224,36.979251877173574],[-121.24197139726911,36.97862357081056],[-121.24098397402332,36.97750145882603],[-121.24058004164816,36.977097473779075],[-121.24040047688783,36.976962889175894],[-121.23995165112913,36.97651404284019],[-121.23977208541275,36.97637938060372],[-121.23954771522078,36.9761549405557],[-121.23918866962369,36.9752573024777],[-121.23734844554056,36.973102908145],[-121.23631609085137,36.97233992003694],[-121.23407195469105,36.97090362183005],[-121.23362310487296,36.97045481937463],[-121.23286008247005,36.969557148064354],[-121.23214194951072,36.968883861029084],[-121.2311545313988,36.96847989390536],[-121.23025689522898,36.96830036126551],[-121.22935916489388,36.96762717287819],[-121.22841661931236,36.9675822951384],[-121.22729456887093,36.96740273085061],[-121.22608271447739,36.96744760858794],[-121.22482595052328,36.96744759803109],[-121.22473624355,36.96731291884249],[-121.22460155193936,36.96717829913355],[-121.2243322556066,36.96699877428369],[-121.2242425482587,36.96686409309766],[-121.2239732511081,36.96650500595389],[-121.22388345613851,36.96641525690477],[-121.22352436292766,36.9661908845706],[-121.22334485958804,36.96596644923716],[-121.22289596902175,36.9655625009711],[-121.2227164647281,36.96538297034727],[-121.22267156677458,36.96538300338128],[-121.22150465075391,36.96461995946302],[-121.22078653614442,36.96363250608093],[-121.22060694129696,36.963497898567255],[-121.21970931237804,36.962959258764556],[-121.21795884650942,36.96233089786577],[-121.21656747016276,36.962061585561784],[-121.21652256987497,36.962061614565116],[-121.21593912664892,36.96174744405012],[-121.21540049392098,36.96125368101397],[-121.21454772655083,36.96125374043464],[-121.21365005165778,36.95927880836212],[-121.21351543477931,36.95900951559525],[-121.21315631009288,36.95878512116582],[-121.21234842844042,36.95806697074412],[-121.21172006252546,36.95739371503816],[-121.21180986672815,36.957124455611144],[-121.21230352655188,36.95676535745112],[-121.21252794846669,36.956496120294545],[-121.21288707505967,36.956271649952605],[-121.21338073039074,36.95586770361811],[-121.21356024885125,36.95528421101816],[-121.2136949530355,36.95452118898909],[-121.21400908748947,36.95407239444429],[-121.21495166056005,36.95335422347309],[-121.21620844209342,36.95227705555032],[-121.2164776695702,36.95187312262562],[-121.21611864122838,36.95128961980408],[-121.21620844209342,36.95106519198385],[-121.21665727068712,36.95057146081566],[-121.21733051038521,36.949359640041216],[-121.2182281573563,36.94823754558569],[-121.21849746759004,36.94787849382544],[-121.21876677721067,36.947788745173725],[-121.21979902316511,36.94698080820217],[-121.22083134746217,36.946038295017516],[-121.221863662748,36.94532015731857],[-121.22289596902175,36.94500593436392],[-121.22392835363183,36.94509574551685],[-121.22469134636351,36.945140642450504],[-121.2254992310673,36.94482643569923],[-121.22599292111018,36.94446740254796],[-121.22689058967138,36.94339014192048],[-121.2277882514146,36.94249248205272],[-121.22805762721944,36.94222315212745],[-121.22832691506434,36.94150507468767],[-121.22873080200822,36.941190859585184],[-121.22922456589698,36.94101132570073],[-121.22940406030713,36.94074207487127],[-121.22967334508357,36.94002391463384],[-121.229942716591,36.93953018858757],[-121.23034659801175,36.938946727707865],[-121.23057107303143,36.938497874494935],[-121.23034659801175,36.93692695785842],[-121.23034659801175,36.936478162294435],[-121.23048128307475,36.93589465520455],[-121.23079546028046,36.93526628196957],[-121.23119942612982,36.93454814759143],[-121.2314687068141,36.93409934741045],[-121.23223173820514,36.933381155555466],[-121.23290497655285,36.932663088478215],[-121.23344361687336,36.93194492724245],[-121.23353331723622,36.93136145085472],[-121.23344361687336,36.93046376710975],[-121.23353331723622,36.93019447265698],[-121.23411684831322,36.92961097592825],[-121.2343412288265,36.92929681716974],[-121.23443101584901,36.92871329941102],[-121.23443101584901,36.92808497925002],[-121.23456569625476,36.92736678953197],[-121.2347002891657,36.92687311410091],[-121.2343412288265,36.926154964420505],[-121.23380267994169,36.92543680938659],[-121.23308455271345,36.92471866864831],[-121.23263569914282,36.92431474857876],[-121.2316482851582,36.92350683809704],[-121.2312443208438,36.92296822547544],[-121.23084035514796,36.922339888054246],[-121.23016710503349,36.921262696786286],[-121.22989782138244,36.92112801134362],[-121.22926946136141,36.92117291993322],[-121.22886548891312,36.9209933650906],[-121.22837181086983,36.920813826367564],[-121.22720477642441,36.92032019293752],[-121.22653159294286,36.92023034641815],[-121.22563392165507,36.920365051411395],[-121.22460155193936,36.92032014305543],[-121.22419765088466,36.91991622446443],[-121.2239732511081,36.919467384281816],[-121.22410785608555,36.91852479989725],[-121.2239732511081,36.91807598444973],[-121.2237039533441,36.917312957991825],[-121.22365905576557,36.9170436484717],[-121.22361415816998,36.916998803878386],[-121.22347946528093,36.916415335674536],[-121.22347946528093,36.91560741104177],[-121.22334485958804,36.914979040087545],[-121.22303066257555,36.91426092924431],[-121.22307556039273,36.91390184033877],[-121.22321016639218,36.913632545565186],[-121.22343456761713,36.91295927446701],[-121.22289596902175,36.912600206524196],[-121.222626668804,36.91242066975112],[-121.222626668804,36.91192698874677],[-121.22253696016192,36.91165764747219],[-121.22204325568688,36.911074208073686],[-121.22172905521563,36.91035604158006],[-121.22136995546181,36.910311200544214],[-121.22083134746217,36.91080488587086],[-121.21979902316511,36.91134348047357],[-121.2197542114562,36.91143328033869],[-121.2193951057059,36.911971864864235],[-121.21890138811459,36.91233092248081],[-121.21836276887316,36.91246558064147],[-121.21800374625208,36.91264511940054],[-121.21751002285353,36.91318371657437],[-121.2174651229235,36.91322859882351],[-121.21706119749484,36.91349788483547],[-121.21656747016276,36.913542786407405],[-121.21468234225509,36.913273511122135],[-121.21436820958819,36.91300419347948],[-121.21391937231196,36.912689968053],[-121.21347053333349,36.91255536238551],[-121.2127972716742,36.91251045369816],[-121.21248304664623,36.9123758302204],[-121.21149563907895,36.912241129086716],[-121.2112263129099,36.91224117197146],[-121.21082236618676,36.91210653739614],[-121.20983494476783,36.91183720260602],[-121.2090270404489,36.911747470494646],[-121.20835384087934,36.91152301309344],[-121.20799478789591,36.911523039049044],[-121.20786007722563,36.91152306747884],[-121.20718687102203,36.91152303082155],[-121.20651357362959,36.911702576022144],[-121.2062892276771,36.91206161703394],[-121.20593016843426,36.91273485741943],[-121.20561592518186,36.91286950764612],[-121.20480807944422,36.91264510198698],[-121.20458364289802,36.91268998948046],[-121.20408995089075,36.91277974570703],[-121.20355135161888,36.913049069338925],[-121.20310247333965,36.913093967246574],[-121.20242924009727,36.913183721083],[-121.20233942878122,36.91318373558485],[-121.20103785597743,36.913183732652854],[-121.20040951741997,36.91345303120812],[-121.19955672946347,36.91381207705608],[-121.19856930150473,36.91430580128319],[-121.19825512609911,36.914350662634206],[-121.19789604251062,36.91412621711525],[-121.19767159287338,36.91403647198702],[-121.19699832878094,36.91376720562322],[-121.19601087951212,36.913497910094044],[-121.19520305567048,36.913453029876074],[-121.1947093245886,36.913318371071746],[-121.19313838809447,36.912689975911285],[-121.19264464841706,36.91255537435482],[-121.19206117495432,36.91264512572849],[-121.19066984390315,36.91304902874703],[-121.190580023679,36.91300415578939],[-121.1887847407926,36.913228615696916],[-121.18856027391232,36.91304908748746],[-121.1884705394665,36.91277972964897],[-121.18802169146835,36.91206162426912],[-121.18743819527022,36.91120884499395],[-121.18680987203234,36.910445850274414],[-121.18645075379416,36.910400984429195],[-121.1858673372499,36.90999700117852],[-121.18559804022307,36.909637905433776],[-121.18537356731558,36.909503305321984],[-121.18429637106186,36.9089647056162],[-121.18402707047119,36.90847095349485],[-121.18389241994674,36.908111873601825],[-121.18411680827643,36.90743865441033],[-121.18443102112813,36.9065409567467],[-121.18429637106186,36.90564328524249],[-121.18402707047119,36.90483540248812],[-121.1830845135932,36.9030400905406],[-121.1830845135932,36.902950322660395],[-121.1829947750077,36.90268098209915],[-121.1829498619998,36.90236686100961],[-121.1829498619998,36.9019180162107],[-121.18339872917696,36.90070618391982],[-121.18362311843973,36.90030222247061],[-121.18362311843973,36.89953916767016],[-121.18362311843973,36.899000610374124],[-121.18389241994674,36.89796823850434],[-121.18438610866356,36.89711548753356],[-121.18429637106186,36.89639732776116],[-121.1838026819719,36.89576901884361],[-121.18286012331251,36.89478158339714],[-121.18259081946407,36.89437763192603],[-121.18236642825038,36.89379412654134],[-121.18218686254616,36.893345318229976],[-121.18169316468479,36.8928515506383],[-121.18124429106012,36.892447664358116],[-121.18052619458908,36.89146019771603],[-121.17985292059055,36.89069720016522],[-121.1795836099225,36.890427879901154],[-121.17891041796321,36.890517644094984],[-121.17832687698639,36.89051761818428],[-121.17787807802262,36.89056251645335],[-121.17756384783242,36.89047274613209],[-121.17644184003771,36.889440453398606],[-121.17612760604887,36.88890188041641],[-121.17590320262495,36.88818374803316],[-121.17585828693545,36.888049050186076],[-121.17567879877723,36.88746560621016],[-121.17455668579623,36.886208832264195],[-121.1741078725914,36.885715165996494],[-121.17379371981679,36.88562533910629],[-121.1731204076654,36.885670250444356],[-121.17267158903674,36.8855804953676],[-121.17217785163282,36.88549072144946],[-121.17213302192276,36.885490680061146],[-121.17101096285316,36.88549068676907],[-121.1706069665624,36.88531116541685],[-121.16975422664439,36.885400954782156],[-121.16948489308946,36.88531115200546],[-121.16908097900279,36.88499697399301],[-121.16881164392291,36.88445840058677],[-121.16863214512401,36.884144205717845],[-121.16854230823293,36.88383002161366],[-121.16867697615416,36.8833363540328],[-121.16849747715203,36.88266309999489],[-121.16795889112935,36.88230398874943],[-121.16764472210556,36.881944943364566],[-121.16719588280587,36.88091258445595],[-121.16670212266321,36.880463763551454],[-121.16607377714595,36.87983543409518],[-121.16607377714595,36.8795660920715],[-121.16643286958724,36.87898259682964],[-121.16701629417703,36.87804012630276],[-121.16697146252079,36.87768100047438],[-121.16674704181227,36.876828263864525],[-121.16661237170561,36.875975434868444],[-121.16656745250569,36.875526661467354],[-121.16611860914054,36.87494316595751],[-121.16558001234506,36.87471876248677],[-121.16558001234506,36.87440456991615],[-121.16553518014746,36.8740454960452],[-121.16549026054074,36.873417155216906],[-121.16540050866872,36.873192699121695],[-121.1652658370375,36.87292338615901],[-121.16513125264632,36.87247456599739],[-121.16499658071028,36.871801303882556],[-121.16490682846577,36.871307616227305],[-121.16454773141764,36.870813877653944],[-121.16441305882101,36.87027532225115],[-121.1640988804315,36.86996108344179],[-121.16382962146302,36.869646940081566],[-121.16360519482701,36.86924295068555],[-121.16333584734743,36.869108316603075],[-121.16288707918335,36.86897365125331],[-121.1624831426913,36.86906343574451],[-121.16207911743325,36.869018588077665],[-121.16176493288081,36.86879414932095],[-121.16131615879208,36.868479979190056],[-121.16109172741535,36.86812087987637],[-121.16077754025603,36.86812091317855],[-121.16055310786356,36.86803112819456],[-121.16010432920517,36.86776178138731],[-121.1597003832675,36.86762714371728],[-121.1592963485622,36.867627189972886],[-121.15889239988248,36.86758229712971],[-121.15844361496248,36.867447598622384],[-121.15808449841063,36.86704367834056],[-121.15772546817335,36.86690905543971],[-121.15741127212847,36.86672949741877],[-121.15705223986095,36.866774373637355],[-121.1567829649498,36.86663975435402],[-121.15637900774168,36.86659484636742],[-121.15570568441628,36.86672950932316],[-121.15539157044104,36.86672949578368],[-121.15516712789443,36.86659485116349],[-121.15480808886004,36.8664602122742],[-121.15444896134284,36.86641535022936],[-121.15400015967415,36.86614602604161],[-121.15323714925549,36.86578694453761],[-121.1527883430204,36.86560743806476],[-121.15260882005288,36.865338141577034],[-121.1527883430204,36.865158584134754],[-121.15296786571736,36.864934185310375],[-121.15310246386186,36.864530241074654],[-121.15305762696437,36.86408139880767],[-121.15292294136775,36.8636774797847],[-121.15305762696437,36.8630041552454],[-121.15283318001924,36.86251045440523],[-121.15292294136775,36.86192699623562],[-121.15269858157046,36.86138834328167],[-121.15247413394879,36.86129858976287],[-121.15224968590412,36.86107423061802],[-121.15198040013367,36.860625369101754],[-121.15180087594847,36.85999699565378],[-121.15184580072128,36.859682821848736],[-121.15198040013364,36.85936861689052],[-121.15198040013367,36.859144245073644],[-121.15189063807487,36.858874934332036],[-121.15175603856106,36.85865048204473],[-121.15144182676643,36.85847100801044],[-121.15103785144171,36.85838120234756],[-121.15031974739621,36.85797727623443],[-121.15009529529256,36.85775281958835],[-121.15000553181342,36.85766310557988],[-121.1499157682667,36.85743862959882],[-121.1499157682667,36.85734886260245],[-121.1499157682667,36.85712448177795],[-121.1498709301698,36.85672050391303],[-121.14978116652165,36.85645125157626],[-121.14955671340343,36.856316554558354],[-121.14937718556602,36.85609219791426],[-121.14933225986236,36.855733085474284],[-121.14933225986236,36.85537400749153],[-121.14928742154594,36.854970092287175],[-121.14915273168681,36.8546110238436],[-121.14870391006455,36.854207041357625],[-121.14852438094232,36.85380312920865],[-121.14847954232188,36.853668445539924],[-121.14838977762552,36.85330940416118],[-121.14834485154961,36.853084971724456],[-121.14812048313088,36.8529054582809],[-121.14789602688457,36.85272589442273],[-121.14776142285803,36.85259125491303],[-121.1473574350552,36.85223223318644],[-121.1470881382278,36.85178334911084],[-121.14699837248344,36.85146921804621],[-121.1469086066715,36.85115501097541],[-121.14677391412377,36.85088568855629],[-121.14637001037995,36.85039199342116],[-121.14592117827785,36.8499880290622],[-121.14574164496379,36.84958407664126],[-121.14574164496379,36.84926988793392],[-121.14569671788963,36.84886595268053],[-121.14574164496379,36.84837224128161],[-121.14565187820537,36.8477438949425],[-121.14547234448568,36.84725014531508],[-121.14524788325231,36.84716040607928],[-121.14484397433752,36.847339920061025],[-121.14439513648955,36.84725011989924],[-121.14381168846494,36.84725014694248],[-121.14345261521267,36.846801317401564],[-121.14304861280688,36.846307584595586],[-121.14291400330663,36.84581385268318],[-121.14273446546395,36.84523043693006],[-121.14255492735091,36.84469179673857],[-121.14264469644124,36.84433276225779],[-121.14268953725657,36.843883896310935],[-121.1427793062455,36.84312092541613],[-121.14268953725654,36.84289645448639],[-121.1425997682,36.84253741094903],[-121.14246515819303,36.84213343864431],[-121.14237538896757,36.84181924806299],[-121.14219585031391,36.84128065215502],[-121.14219585031391,36.840921638053736],[-121.14228561967454,36.84051765499633],[-121.1423305480341,36.840113674726894],[-121.14246515819303,36.83970975799458],[-121.1425997682,36.83939555786348],[-121.1425997682,36.839081395215175],[-121.1423753889676,36.83876722853776],[-121.14215100931295,36.83822861145502],[-121.1418367721956,36.83786956142844],[-121.14156746289733,36.83746561797218],[-121.14147769299606,36.83728605904539],[-121.14138792302725,36.837061638616625],[-121.14152262166006,36.836657682132675],[-121.13887451129033,36.83558050638485],[-121.13856035295227,36.835445855696136],[-121.13636104659392,36.83459302630842],[-121.13443102571368,36.83378520343032],[-121.13303963254167,36.833246603028016],[-121.13151360078638,36.8326181769191],[-121.12603783863356,36.83041890521272],[-121.1247811526031,36.82965590986037],[-121.12047230202869,36.82777080642553],[-121.12038260368936,36.82777078645826],[-121.1202479686287,36.82768103645786],[-121.11952976670074,36.827321991415396],[-121.10180092039847,36.82014062176868],[-121.0984346505376,36.818928782253124],[-121.09749211649884,36.81861461551456],[-121.09605587238823,36.81812091930217],[-121.09075958986477,36.81614606192507],[-121.08447592452808,36.81349795531013],[-121.06198941771324,36.80407245280819],[-121.06189967560849,36.8040275314603],[-121.0615406190516,36.803892922523815],[-121.06136104663697,36.803803103353665],[-121.05193552401552,36.80003292340227],[-121.0514418128939,36.79980849692265],[-121.04529282293632,36.79729509397418],[-121.04367705577961,36.79662178677166],[-121.04107384923049,36.795544572962626],[-121.03981706043672,36.79505090648689],[-121.03802170013259,36.79433279563488],[-121.03712409744104,36.79397365556441],[-121.03510429198134,36.79316582845808],[-121.03447595559842,36.79294140154879],[-121.03330903648919,36.79244766037061],[-121.03182784310512,36.79190906948724],[-121.01575962022456,36.78540097589792],[-121.01558006711151,36.785311193310115],[-121.01468247254967,36.78495215282058],[-121.0145926952264,36.78490722250528],[-121.00745623479416,36.78203475656296],[-121.00714208260058,36.781900045424834],[-121.00678295051416,36.781765426719765],[-121.00633412141512,36.781630769396926],[-121.00628922966283,36.78158590445598],[-121.0040899509447,36.780688271231064],[-121.00229467211325,36.7799700683597],[-121.00139697895533,36.77961103173317],[-121.00099302361345,36.77943147954065],[-120.9931384672214,36.77584085382142],[-120.9928691746168,36.77570621953358],[-120.9928242778715,36.775706205553874],[-120.98474530600373,36.77242970279041],[-120.98196254009882,36.771307640734655],[-120.98151370655583,36.7711281147049],[-120.9812443881276,36.77103829202333],[-120.98088535431096,36.770903676047105],[-120.98070574947742,36.770813918545],[-120.96993378741936,36.766460235585285],[-120.9618996879089,36.76322860075278],[-120.96136105098878,36.763004231603006],[-120.94394637751127,36.756002421331054],[-120.93618155679029,36.75286062281144],[-120.93564298118018,36.752636169262175],[-120.93366806683919,36.7518731982185],[-120.93160345692512,36.75030225617751],[-120.93151370571196,36.75025737652417],[-120.93128928360899,36.750077839053034],[-120.93110978065424,36.74998807824461],[-120.93106486109303,36.749943200375434],[-120.92765372811732,36.74733993642468],[-120.92482604759627,36.745185584305105],[-120.92217799305664,36.74321071649937],[-120.9219087184201,36.7429862761483],[-120.92181887250678,36.74294140060013],[-120.92159452014216,36.74271694183825],[-120.9187219502954,36.74038302064928],[-120.91508645835998,36.737375850176335],[-120.90750117819722,36.73109215526338],[-120.90745624995125,36.731047316610756],[-120.90202541569722,36.72651411246656],[-120.90193564274934,36.72646924139447],[-120.90121745679525,36.72588572579683],[-120.90117261382508,36.725840852485135],[-120.89861426013411,36.72382114223386],[-120.89533780768565,36.721128138376436],[-120.88972739749288,36.716639770096975],[-120.88972739749288,36.71659491264508],[-120.88968246272208,36.7165500472268],[-120.8872587636322,36.714620003310024],[-120.8871689798575,36.714530314439045],[-120.88712413174245,36.71453027952609],[-120.88694456392994,36.7143507517101],[-120.8846106840002,36.71246561821143],[-120.88398227021321,36.711927060219054],[-120.88232160952211,36.71062544596095],[-120.8786860873981,36.70770797628918],[-120.8760379978273,36.7055536013996],[-120.8730756158661,36.70339922113034],[-120.8729409684055,36.70330944496501],[-120.86930543113918,36.70043695852988],[-120.86670225759536,36.698372242876246],[-120.86652265988968,36.69823761796994],[-120.86643294854716,36.69814784255055],[-120.8595208605925,36.69267212143884],[-120.85943114413753,36.69262720558778],[-120.85938628588548,36.6925823446809],[-120.85610974933383,36.68988936526723],[-120.85606488986981,36.689889307741794],[-120.85602003038946,36.689844441782704],[-120.85597508327655,36.68979960082836],[-120.85597508327655,36.689754717795125],[-120.85570583833595,36.689530279022975],[-120.84690866072306,36.682483632673495],[-120.84399131671734,36.6801496539268],[-120.84304873362662,36.67938662202829],[-120.83380276513773,36.67202579306069],[-120.82101107185933,36.661837312377365],[-120.81746523771292,36.65905454847675],[-120.81742036417783,36.65896478739761],[-120.80597515230868,36.64985342638006],[-120.80364122692131,36.64801326007265],[-120.7989733316681,36.64428794401374],[-120.7987489302609,36.64410841381503],[-120.79233061479997,36.6389916814776],[-120.78941320822177,36.63670262700015],[-120.78927855702821,36.63656803017498],[-120.7891439056883,36.636478217107744],[-120.78842576273668,36.635894757862495],[-120.78824622634822,36.6357601242158],[-120.78802180549675,36.635580597248214],[-120.78425164974306,36.63257340699053],[-120.78263584611582,36.631271798888235],[-120.78245630133823,36.63113713523145],[-120.78187277901506,36.63068831194616],[-120.78151377465846,36.63041895096269],[-120.78124445495672,36.6301945514219],[-120.77460175186498,36.62489833356697],[-120.76302184810201,36.615652374574566],[-120.7524742907902,36.60730407063947],[-120.75148681445512,36.606541115807154],[-120.75139701957488,36.606451297165194],[-120.75099311719286,36.606181984594095],[-120.74951192595722,36.60532924405549],[-120.7494222173431,36.60528435871098],[-120.73945810797572,36.59725024995914],[-120.73932349031163,36.5971604527187],[-120.73663049257019,36.59500607102996],[-120.7364957841493,36.59487146444283],[-120.73586740602985,36.59437771477572],[-120.73232168034804,36.591505193416516],[-120.73209724617288,36.59137054567027],[-120.72707030591444,36.58728617822849],[-120.72626242975268,36.58661286671391],[-120.72617261668498,36.58652312302745],[-120.72608289126073,36.58647826062803],[-120.71912594848023,36.58086786058231],[-120.71827319920698,36.58019461949554],[-120.71800391798557,36.58001501698499],[-120.7172408928943,36.579386705170094],[-120.7160290250889,36.57844410172931],[-120.7160290250889,36.578399262332596],[-120.70323729604951,36.568121008316076],[-120.7031923812433,36.56807613966651],[-120.6933629318311,36.56017662127636],[-120.69327318284354,36.56008690439249],[-120.69322835219126,36.560041996000315],[-120.68209722045299,36.55111026027143],[-120.68182794907986,36.55088579885912],[-120.67868614376181,36.548282596151594],[-120.67680100523063,36.54675656439895],[-120.67128037396905,36.542313127772715],[-120.67038272305746,36.541594933791515],[-120.67006849984774,36.54137055706813],[-120.66993389519385,36.541235902637034],[-120.66979920264792,36.541146146864705],[-120.66979920264792,36.54110127243099],[-120.66957483174725,36.54096657837955],[-120.66952990487027,36.540921734430285],[-120.66948506572511,36.5408767907229],[-120.66939529963874,36.540787077560445],[-120.65669332182237,36.53059858510541],[-120.65431447598088,36.52866858175148],[-120.64390159239846,36.52032030236491],[-120.64385674410934,36.520275395448024],[-120.63923368622808,36.51655005729297],[-120.63914398630823,36.516505201930265],[-120.63268077220701,36.51129871693724],[-120.63259097984756,36.511253871976365],[-120.63227683774642,36.51098458178334],[-120.6319626070882,36.51076014148526],[-120.62599312909111,36.505957658321655],[-120.62051740660537,36.5016937371132],[-120.62047254999415,36.50164879568214],[-120.61840789967515,36.4999432343839],[-120.61701652401301,36.498866037796745],[-120.61697157837311,36.49882119086262],[-120.61338096698904,36.49612815063938],[-120.61324630171329,36.49603838632955],[-120.61019425996936,36.49352492622667],[-120.60996978283805,36.49334541096187],[-120.60368619272704,36.488228732898676],[-120.59798597048069,36.488228723541255],[-120.59713318896212,36.48822871513284],[-120.59708832404893,36.485625530516934],[-120.5970434591198,36.48167579581341],[-120.5970434591198,36.481496225781555],[-120.59690877643862,36.466639867035816],[-120.59690877643865,36.466325671485365],[-120.59708832404893,36.45900973422953],[-120.59708832404893,36.45869550874086],[-120.59708832404893,36.454296969964155],[-120.59708832404893,36.45250160374737],[-120.59708832404893,36.452097683810386],[-120.59713318896212,36.44868658774763],[-120.59713318896212,36.44841727015045],[-120.59713318896212,36.43508688998779],[-120.59713318896212,36.43450342953282],[-120.59726787140438,36.43329154843107],[-120.59726787140438,36.433156901162],[-120.59726787140438,36.42207075774883],[-120.59726787140438,36.42189120260266],[-120.59726787140438,36.41785170393725],[-120.59726787140438,36.41565245812394],[-120.59726787140438,36.41560756574481],[-120.59731273625391,36.4154728803264],[-120.59740246590525,36.415158766276434],[-120.59735760108752,36.406855304135945],[-120.59735760108752,36.40676558441146],[-120.59717805385938,36.399808625531406],[-120.59717805385938,36.39953936690045],[-120.59717805385938,36.399000771940436],[-120.59708832404893,36.39132571762321],[-120.59708832404893,36.391056430099304],[-120.59717805385938,36.38423412779066],[-120.59717805385938,36.384054636960066],[-120.59726787140438,36.37494331655953],[-120.59699850637644,36.35752856986569],[-120.5967740936141,36.341909205819974],[-120.5967292285736,36.33962014363375],[-120.5967292285736,36.33930597012793],[-120.59686391144588,36.33378532602751],[-120.59686391144588,36.33351599365315],[-120.59686391144588,36.333381402148596],[-120.59659463335655,36.32875840658966],[-120.59654968045372,36.328489138581915],[-120.59699850637644,36.32835444321424],[-120.59708832404893,36.32830958743612],[-120.59812065201515,36.3283544336615],[-120.59843479130821,36.328354454385824],[-120.59897342687752,36.32835443411928],[-120.59973646805888,36.328354468723774],[-120.60023014649036,36.32826471791167],[-120.60094831654617,36.3277709791173],[-120.60144199024744,36.32741187896053],[-120.60171125801816,36.32691819923851],[-120.6019357498165,36.32651420915897],[-120.60202547618839,36.32620002701215],[-120.60211520249658,36.325706377614864],[-120.60251923347917,36.32557169787841],[-120.60346170403639,36.32548189661257],[-120.60373105529985,36.325481939897145],[-120.60382078039775,36.3253024304608],[-120.60386573071638,36.324943339559574],[-120.60413499332569,36.324718924758805],[-120.60440425536153,36.32453937595249],[-120.6045837923312,36.324225195923766],[-120.60489800336275,36.32409050331865],[-120.60525707564462,36.32422517476053],[-120.60539174943547,36.32431492791041],[-120.60642400962048,36.324314991877785],[-120.60700756035972,36.32427006260143],[-120.60768074297164,36.32431498906985],[-120.60795008524494,36.324314947044975],[-120.60853354114727,36.324314973863686],[-120.60902727301736,36.32431497068157],[-120.6096107239459,36.32431499066386],[-120.61014931190145,36.324270054269725],[-120.61059817733837,36.32435983495619],[-120.61100209341596,36.32453935478945],[-120.61140609599046,36.324629117798615],[-120.61181000948483,36.3246291745827],[-120.61212420254874,36.32449446355835],[-120.61252820153442,36.324359824968774],[-120.61275258633205,36.324045656902314],[-120.61284230502456,36.32368661386316],[-120.61288725213419,36.323327533190785],[-120.6127077269619,36.32283377187929],[-120.61257306096833,36.322429823833666],[-120.61239353534944,36.32207080128979],[-120.61212420254874,36.3217566417853],[-120.61203448334618,36.3216219440636],[-120.61207934295543,36.32153222457988],[-120.61225886902092,36.321352635551435],[-120.61252820153445,36.321038447882934],[-120.6127077269619,36.32085893301518],[-120.61311163629398,36.320679379560126],[-120.61333610784206,36.3203651774893],[-120.61342582612008,36.32027546933926],[-120.61360535027164,36.3202305519618],[-120.6139643978092,36.32023059887202],[-120.61441324968875,36.320275434153906],[-120.6147722949293,36.32027547780217],[-120.61517628544394,36.32018569996193],[-120.61544561173564,36.31991637323479],[-120.61575979575476,36.31969199804524],[-120.61607397899208,36.31951241303165],[-120.61656768138755,36.31946751920853],[-120.61692672050178,36.31946755636143],[-120.61715118526786,36.31951242592967],[-120.61737556185066,36.31942264779581],[-120.61764488345082,36.31924312370101],[-120.6177795440354,36.31901872685108],[-120.61791411669255,36.318839220171704],[-120.61836295453068,36.31901871172592],[-120.6188117907728,36.31924313995808],[-120.61903625218687,36.31924313960323],[-120.6193952842797,36.319647102816425],[-120.61970945846879,36.31978178849845],[-120.61993391828638,36.31996124360834],[-120.62029294782556,36.31987153747736],[-120.62078672150143,36.31964706371547],[-120.62128040546368,36.31937782347858],[-120.62181903142408,36.31915335457749],[-120.62231271134742,36.31888411058587],[-120.62258202241162,36.31879430655709],[-120.62294113219644,36.31870456832213],[-120.62361431764558,36.318480116117726],[-120.62437738555484,36.31825570078297],[-120.62482620040336,36.318255700079845],[-120.62523015873525,36.31834549300449],[-120.6255891732029,36.31843522652604],[-120.62599312909111,36.31843528777105],[-120.62684589134683,36.31856992613613],[-120.62716013475908,36.318704558972804],[-120.62796803517718,36.31843526161811],[-120.62837198344509,36.31834543648544],[-120.62868613527776,36.31816597317539],[-120.62891057912252,36.31807614942834],[-120.62904522768231,36.317806887512035],[-120.6292247296131,36.31749269210883],[-120.62935937783745,36.31722342884756],[-120.62998776357456,36.31690918518189],[-120.63052635234902,36.3169092211091],[-120.63097523308636,36.31695410759264],[-120.63155867032584,36.3170887302336],[-120.63214219263848,36.317806908263954],[-120.63245633507528,36.31807620680016],[-120.63263591992205,36.318165970047666],[-120.63317449738054,36.31812104930803],[-120.633488637244,36.31798643691468],[-120.63389256782035,36.317851804931436],[-120.63411700239412,36.31776197168263],[-120.63443122768022,36.318390350385556],[-120.6351044395519,36.3185699305093],[-120.63595722793951,36.318614804396965],[-120.63658558077782,36.31865963770338],[-120.63707929064994,36.31852504686203],[-120.63730371954668,36.31843528250178],[-120.63766278739571,36.318525011603754],[-120.63806679235844,36.318659649611526],[-120.63838092002291,36.31874939881509],[-120.63865019676008,36.31870456711632],[-120.6396825359436,36.318614777982255],[-120.64040065705342,36.31843526263183],[-120.64084950260921,36.31834551491305],[-120.64156761706343,36.3185698738549],[-120.64268971755205,36.319018703575026],[-120.64322833978713,36.319063640950624],[-120.64435042547204,36.31901870421894],[-120.64488904060055,36.318839192737954],[-120.64520323900807,36.31865966787871],[-120.64538271791398,36.31856991615364],[-120.64560713200974,36.31771710059314],[-120.64578669810402,36.3172683071554],[-120.64614574175972,36.316998985402364],[-120.64668434920424,36.317088768083856],[-120.64744736515712,36.31690918201057],[-120.6485245665967,36.31708872751932],[-120.64973638525056,36.316954067701346],[-120.65045453675482,36.31668482550311],[-120.65207038458648,36.316415475682106],[-120.65314754643352,36.31655010955224],[-120.65417985444394,36.31650523511632],[-120.65498775701924,36.31619107200866],[-120.65570587853212,36.316056442731245],[-120.65678309698743,36.31623593983822],[-120.65763591397912,36.316505222943995],[-120.65880280185893,36.31623597340931],[-120.65925166950821,36.31547292274212],[-120.65956583203123,36.3149792268001],[-120.66001469695472,36.3147548118475],[-120.66055324499202,36.314620163377626],[-120.66172028128511,36.31457526679825],[-120.66216905075797,36.31466508000424],[-120.66257306476645,36.31457530618322],[-120.66311160183577,36.31439579049683],[-120.6632911429298,36.313857140031686],[-120.6636951533289,36.313408297044035],[-120.66441322507673,36.31300440998347],[-120.66481723186607,36.31291455520794],[-120.66499677052167,36.312420904728796],[-120.66526599027299,36.312241369535506],[-120.66638814252354,36.311433452067554],[-120.66683698306562,36.31008694306594],[-120.66742042949676,36.308964868894144],[-120.66831810159485,36.307932548094435],[-120.66858740197247,36.307214394880894],[-120.66930553348817,36.30667580914196],[-120.66993389519385,36.30631677112547],[-120.66997873417867,36.306002607830436],[-120.67006849984774,36.305778197881665],[-120.67087647572689,36.3055986164583],[-120.67186388749128,36.30528446032788],[-120.6726717640645,36.30501517712603],[-120.6729410550996,36.30474581069916],[-120.67330010891395,36.303713514801466],[-120.67419782669847,36.30286077288195],[-120.67455687691574,36.302726075964216],[-120.67554425971396,36.302905630732646],[-120.67585846920959,36.30277101778578],[-120.67608291661642,36.30254658991817],[-120.67639712476257,36.30164886734842],[-120.67684592950387,36.300841015739145],[-120.67756401374902,36.29953940986778],[-120.67805773815313,36.29846220042165],[-120.67819242183205,36.298058227362986],[-120.67882082676574,36.29765426262137],[-120.67913494031039,36.297205425805636],[-120.67998778093734,36.296621951797285],[-120.680975208712,36.29608334174144],[-120.68142399706575,36.29581407255276],[-120.68128940459813,36.29523058283999],[-120.68133423952357,36.29491639746456],[-120.68137916217248,36.29469198219355],[-120.68214214282843,36.29460218350691],[-120.6827256058124,36.29442268945682],[-120.68281536235818,36.29424319579572],[-120.68259101474253,36.29410850841538],[-120.68227682211923,36.29379430402259],[-120.68205238580052,36.293390397705195],[-120.68200746339286,36.29316598038894],[-120.68205238580049,36.29298642264704],[-120.68205238580049,36.29280690252934],[-120.68196262870828,36.292492698375995],[-120.6814689196825,36.29186432253561],[-120.68070584718846,36.29132575670041],[-120.68043657282631,36.2906973733198],[-120.68048149579691,36.28997922592041],[-120.68137916217245,36.28890199676993],[-120.68205238580052,36.28809414930414],[-120.68254609252794,36.287735109052434],[-120.68295004092553,36.28728623731572],[-120.68290511883966,36.28679254166729],[-120.68241141352652,36.28634372105868],[-120.68079560518066,36.285131888960535],[-120.68012237480252,36.284817649006],[-120.67909010459836,36.2845932322003],[-120.67805773815313,36.28418928076241],[-120.67724989626892,36.283605774380874],[-120.67585846920959,36.28284276915224],[-120.67514037519884,36.282573489435016],[-120.67437735193556,36.28248370945371],[-120.67383877545346,36.28239396801482],[-120.67334503444103,36.281855367710705],[-120.67280645352707,36.28113720553681],[-120.67262692604196,36.28050885868783],[-120.67298598075529,36.28028444013276],[-120.67352456089857,36.28006002558128],[-120.67388361304289,36.27970099151497],[-120.67505061315842,36.27862374594213],[-120.67545449796256,36.27799539695678],[-120.67567894609233,36.277546578477896],[-120.67617267791803,36.276828419197294],[-120.67612775340369,36.27620008856379],[-120.67612775340369,36.275751213437395],[-120.67621751467318,36.275481942217645],[-120.67531989908694,36.2747189178558],[-120.67460171424854,36.27418034851673],[-120.67437735193556,36.27364170223665],[-120.67433242677814,36.27301333734358],[-120.67424266415956,36.27274404519194],[-120.67437735193556,36.2723849860052],[-120.67482616390426,36.27189127757938],[-120.67514037519884,36.27094869694448],[-120.67536473614697,36.270499874196865],[-120.67581363232608,36.2702754635839],[-120.67626243915542,36.269961324708234],[-120.67662148346255,36.26937781036019],[-120.67675616868408,36.268884112564926],[-120.67756401374902,36.26834553516476],[-120.67774362190987,36.26803131132165],[-120.67819242183205,36.26749270704708],[-120.67859638425932,36.267313192667245],[-120.67895542188373,36.267223383984394],[-120.67958382299318,36.26731318036373],[-120.68007753944367,36.267223380318626],[-120.68021213321246,36.26717854065843],[-120.68043657282631,36.26704388950996],[-120.68039173757981,36.266415474385255],[-120.67985309918706,36.265293398293764],[-120.67926962283215,36.26462015407216],[-120.67837194135113,36.26462018978805],[-120.67760893774887,36.26336347911154],[-120.67657664685181,36.26300440985179],[-120.67536473614695,36.26224140288173],[-120.67460171424854,36.26111931189207],[-120.67460171424854,36.2601767247736],[-120.6742875893491,36.25995231225713],[-120.67365916170064,36.25977282319111],[-120.67312058213524,36.258381442424515],[-120.6729410550996,36.25766327505346],[-120.67347963543575,36.2567656206187],[-120.6739733759184,36.25636168430957],[-120.6742875893491,36.256182135033534],[-120.67446711445778,36.25573332471559],[-120.67460171424854,36.255463998582734],[-120.67536473614697,36.25546402505887],[-120.67599315525054,36.25510491931666],[-120.67644196143748,36.2549254183941],[-120.67666640780006,36.25546395566664],[-120.67810266197613,36.255329342781245],[-120.67823725786505,36.25523955089277],[-120.67873097961827,36.25456637245163],[-120.67926962283215,36.25443169521434],[-120.67971841729207,36.25429706626891],[-120.67989802236676,36.25416233897874],[-120.68066101203829,36.253085195636324],[-120.68106496651129,36.25245683922854],[-120.6814689196825,36.25196305755819],[-120.68169335704604,36.25155909510964],[-120.68178311433104,36.25137960592049],[-120.68182794907986,36.25106541277971],[-120.68173819182691,36.250796129734105],[-120.68160351195732,36.250481985412385],[-120.68151375454367,36.25030239493147],[-120.68137916217248,36.24994333714359],[-120.68124448191706,36.249584301737876],[-120.68057125394975,36.24882128110354],[-120.67971841729207,36.24760943914197],[-120.67962865852861,36.24720547413707],[-120.67976334052004,36.24666685261409],[-120.67931445847996,36.24648735607799],[-120.67868614376181,36.24608335442416],[-120.67819242183205,36.245275476514585],[-120.67675616868408,36.24428806934864],[-120.67599315525054,36.24401873098449],[-120.67487108888487,36.24388411524489],[-120.67401830120441,36.243121113738546],[-120.67365916170064,36.242986442409084],[-120.67195365181188,36.24267228139858],[-120.67087647572689,36.24186433909914],[-120.67060718026087,36.2414604033744],[-120.66952990487027,36.23975485334221],[-120.66939529963874,36.23912647301397],[-120.6692157672734,36.238857190070455],[-120.66917084026794,36.23809413193375],[-120.66890154114205,36.23769023606346],[-120.66813856768874,36.23724137758567],[-120.66809364029771,36.23706188092616],[-120.66768973180021,36.2367925057646],[-120.66764480424851,36.23665790422053],[-120.66692675098152,36.23598466947644],[-120.6651762211697,36.23553580608395],[-120.66342584245795,36.2354460390341],[-120.66252813538405,36.23531139932487],[-120.66131626453377,36.2347727767841],[-120.66068794745611,36.23463817342485],[-120.66014931224186,36.23436881783676],[-120.6590721226409,36.2339649173425],[-120.6583988634814,36.2340546568989],[-120.65799492380545,36.23400978584108],[-120.65642399594246,36.23351605928187],[-120.6562444450352,36.233336506938095],[-120.65610982556507,36.23275304876803],[-120.65593027420907,36.232483762353155],[-120.6544940296448,36.231900242324535],[-120.65350656907894,36.231675859922454],[-120.65296799084668,36.231451458639874],[-120.65265381183252,36.23122702529602],[-120.65247425554064,36.231137262500134],[-120.65229478675222,36.230957739907325],[-120.65171127008018,36.230643519692656],[-120.6514868668732,36.23041909221262],[-120.65139708792618,36.230239605011626],[-120.65139708792618,36.22956632146327],[-120.65117268415857,36.22871357752051],[-120.65108290498728,36.22768123319766],[-120.65094827999054,36.22718751602203],[-120.6503199110855,36.22602058496979],[-120.64955691255516,36.22534727566839],[-120.64942219816322,36.22427011607349],[-120.64924272501953,36.22395590697561],[-120.64888360243948,36.223686660465496],[-120.64843478553527,36.22359685253517],[-120.6478064040741,36.22323783329149],[-120.6478064040741,36.223148012481865],[-120.64762692862523,36.223013358489204],[-120.64713317235298,36.2225196436181],[-120.6450236720813,36.22099364179522],[-120.64277950271236,36.220589702124535],[-120.64264486883116,36.22045505416426],[-120.64134319576556,36.22009598055825],[-120.64098413841042,36.21982664225502],[-120.64071486666406,36.219422739783276],[-120.64062508003134,36.21906361414596],[-120.63995189766608,36.21852506894117],[-120.63972747348835,36.2182108626005],[-120.6396825359436,36.21758248747235],[-120.63981717299258,36.21708877630175],[-120.63923368622808,36.21596671813998],[-120.63914398630823,36.21556270318507],[-120.63882977277783,36.21497923496552],[-120.63860534660034,36.214754840198765],[-120.63802185422112,36.2145304156957],[-120.63707929064994,36.214530470346915],[-120.63672022113754,36.2141713887762],[-120.63636115060157,36.213408330598334],[-120.63577773559771,36.21295948202361],[-120.6351044395519,36.212735131302274],[-120.6346556612945,36.2125555633183],[-120.634386288246,36.21228628718716],[-120.63425164539197,36.211792533120644],[-120.63339893323324,36.21093972368415],[-120.63321934947379,36.21035632669338],[-120.63128937843172,36.20878534036047],[-120.63088543951179,36.20860584072048],[-120.62940431906415,36.20743887966309],[-120.62931452437061,36.20721443010947],[-120.62931452437061,36.206855406448355],[-120.62953896709664,36.206541222533424],[-120.62949402591796,36.205957706180904],[-120.62940431906415,36.205778152671286],[-120.6281923925236,36.20488055824874],[-120.62751914373251,36.20420731443664],[-120.62751914373254,36.2040277564145],[-120.62689083346942,36.20321980136954],[-120.62707033846725,36.203040302293],[-120.62751914373251,36.20281591713626],[-120.62774358965461,36.20272613794607],[-120.6283270418504,36.20227728191885],[-120.62877593041885,36.20187330655408],[-120.62895543273304,36.201693804646105],[-120.62917987609835,36.201514242355245],[-120.62944917249905,36.20142450032377],[-120.62971846832443,36.20133475772462],[-120.62994291033134,36.20097570741205],[-120.63030191138091,36.20070640570774],[-120.63102008596229,36.20043709322795],[-120.63133423119585,36.20030245871834],[-120.63160352299415,36.20016778443524],[-120.63182796164457,36.19994336473842],[-120.63191775454764,36.199494511479806],[-120.63223189754385,36.199180387019375],[-120.63254612753065,36.198911015023185],[-120.63277056450244,36.19873152132092],[-120.6330398532317,36.19859684429637],[-120.63339893323324,36.198462219371066],[-120.63371307253723,36.1982826512134],[-120.63407215062038,36.198103171159424],[-120.63452101872836,36.19805822668634],[-120.63496979746537,36.19805823327931],[-120.6354635136698,36.198058250715015],[-120.63600216681337,36.19796849751059],[-120.63636115060157,36.19774410809477],[-120.6368549491239,36.19756453301612],[-120.63757299858689,36.19751969914242],[-120.63815649304553,36.197519677795846],[-120.63838092002291,36.19747480852094],[-120.63860534660031,36.19729523133926],[-120.63923368622808,36.19648736999489],[-120.63914398630823,36.196083396141006],[-120.63900934853953,36.19576918922939],[-120.63891956069068,36.19509596408258],[-120.63896441073851,36.19469201752303],[-120.63896441073851,36.194332961087255],[-120.63887462285764,36.194108565952476],[-120.6390093485395,36.19383920269533],[-120.639278623933,36.19370458867979],[-120.63972747348835,36.19352506850228],[-120.63999674734625,36.193076247677475],[-120.64026602062833,36.19280691826678],[-120.64111886183528,36.191998988114335],[-120.64071486666406,36.19172970092543],[-120.64040065705342,36.191280888528425],[-120.64040065705342,36.19056275055292],[-120.64062508003134,36.18984459524857],[-120.64075971607248,36.18966510930933],[-120.64120856034832,36.18926115609049],[-120.6413881327176,36.18894696311284],[-120.64152276794277,36.18858790005424],[-120.64215109301233,36.18813906152341],[-120.64255508357483,36.18804928559427],[-120.64277950271236,36.187959559345806],[-120.64277950271236,36.187690195169935],[-120.64268971755206,36.18742093031745],[-120.64286928780865,36.18719652131797],[-120.64304877004274,36.18692720465096],[-120.64304877004274,36.18656812340479],[-120.64273465402346,36.18616419425642],[-120.64237551287005,36.18589492002318],[-120.64264486883116,36.185490903566276],[-120.64282435138526,36.18531144929275],[-120.6432731883001,36.185176780141404],[-120.64381180803849,36.18477278777761],[-120.64417085732846,36.18432398466317],[-120.64444020944775,36.18405468728019],[-120.6449338885218,36.183695610194775],[-120.64457484140861,36.18252861122471],[-120.64452999335944,36.18216955110902],[-120.64457484140861,36.181765631159685],[-120.64493388852178,36.18118216423296],[-120.64511345557669,36.180553781630344],[-120.64488904060055,36.1799703087014],[-120.64461968944181,36.17934195456627],[-120.64470947322545,36.17916241467177],[-120.64502367208127,36.17898286898855],[-120.64547250115322,36.178982856315436],[-120.64623552445457,36.179341917139176],[-120.64663950190685,36.179521449764685],[-120.64749221216657,36.17952146575554],[-120.64843478553527,36.17947656376407],[-120.64883875592601,36.17943171203369],[-120.64888360243948,36.17916244226983],[-120.64870412852737,36.17875843249761],[-120.64865919418752,36.17813008071666],[-120.64865919418752,36.177681253087286],[-120.64870412852737,36.17745681346935],[-120.64897338318062,36.17732218167129],[-120.64924272501953,36.17718752456331],[-120.64969153904111,36.177187496660636],[-120.6499159454514,36.177187557031594],[-120.65005057155312,36.17691825592657],[-120.6503199110855,36.176514283847816],[-120.65049947045334,36.176155197036124],[-120.65076872126347,36.175257551563234],[-120.6511277507006,36.174988231571334],[-120.65162149129335,36.17467411057274],[-120.65198060605606,36.174090584316815],[-120.65207038458648,36.1735519949979],[-120.65211522994768,36.173058252200015],[-120.65233963203337,36.17283385312724],[-120.65139708792618,36.172340107406455],[-120.65081356708883,36.171487369195894],[-120.65027497732287,36.170859019374774],[-120.65040969080145,36.17023061701189],[-120.64928757138897,36.16973693029941],[-120.64910801029112,36.1696023029225],[-120.64906316385766,36.16933292430932],[-120.64969153904111,36.16821087832633],[-120.6499159454514,36.16798647531731],[-120.65036475707088,36.16798647150138],[-120.65063409593046,36.1681660188513],[-120.6514868668732,36.16839043599608],[-120.65175620332968,36.16839036869629],[-120.65198060605606,36.16825576832903],[-120.65229478675222,36.167806941823414],[-120.65265381183252,36.167717145611896],[-120.65332710176394,36.16767230612339],[-120.65391052317885,36.167582496448695],[-120.65462865084531,36.16771714280484],[-120.65498775701924,36.167896723455854],[-120.65575081035402,36.16821089980705],[-120.65646892750766,36.168614855184636],[-120.65700749074124,36.16874945349241],[-120.65750120824312,36.16915341230688],[-120.65839886348141,36.16942277002163],[-120.6590721226409,36.16982665115285],[-120.65947605885414,36.170051095299705],[-120.66032885756985,36.17009600773592],[-120.6612264926074,36.17041018473498],[-120.6623485931993,36.17099367355104],[-120.66284228971348,36.171128337595576],[-120.66306676039835,36.17117313467774],[-120.66315653100946,36.17099366061173],[-120.662976989723,36.1707243462368],[-120.66306676039832,36.170320420730896],[-120.66320137241485,36.170051107132686],[-120.66382976467193,36.168614801150405],[-120.66396437587065,36.16825576164964],[-120.6640093047393,36.16803131398264],[-120.66441322507676,36.16762738346035],[-120.66450299472541,36.16740296746119],[-120.66459276430996,36.16726834897815],[-120.66459276430996,36.167223412438766],[-120.66454792340134,36.16663995364993],[-120.66441322507673,36.16628093400457],[-120.66432345536387,36.165876983076174],[-120.66423368558682,36.16565255444794],[-120.66459276430996,36.165607634200725],[-120.66513138046949,36.16551785803815],[-120.66540068768285,36.165338307308375],[-120.66575976306888,36.16515879692896],[-120.66602906893455,36.165338367387974],[-120.66629837422255,36.16556272270665],[-120.66683698306562,36.165607672999926],[-120.6672857342537,36.16569739188035],[-120.66800387321624,36.16569740083708],[-120.66818340731496,36.16560767978142],[-120.66822833467388,36.165473027564964],[-120.66827317426802,36.165293463458845],[-120.66881177463833,36.164440722936746],[-120.6698441294285,36.164799734954194],[-120.67024811874057,36.16439576219683],[-120.67042764962916,36.16417137908519],[-120.67092131437497,36.164171367602684],[-120.67195365181188,36.164306050120075],[-120.67204341606819,36.164261149431084],[-120.67208825429928,36.163857205633896],[-120.67208825429928,36.163228848014974],[-120.67199849007501,36.162914631315715],[-120.67186388749128,36.162555595664614],[-120.67128037396905,36.1619720859761],[-120.67096624075381,36.161747704988294],[-120.669440138816,36.161119365711244],[-120.66800387321624,36.16058072843513],[-120.66786926634819,36.159817734861136],[-120.66768973180021,36.159279123547506],[-120.66746526937949,36.15878536315835],[-120.66764480424851,36.15811216790309],[-120.6675999644299,36.15725938309681],[-120.66751019699542,36.156541253649785],[-120.6675550368461,36.156002663558894],[-120.66715112661558,36.15564358920619],[-120.66715112661558,36.15541910326415],[-120.66719605434396,36.15523956945367],[-120.66706135886017,36.154835631708146],[-120.66679205520875,36.1545214953251],[-120.66665744704137,36.154341942026306],[-120.66670228719657,36.154117562556685],[-120.66661251912022,36.153803363743414],[-120.66616367777566,36.15308523148343],[-120.66589437219876,36.15250171574506],[-120.66575976306888,36.152232415096236],[-120.66571483482657,36.15191824176015],[-120.66625344617293,36.15151433154158],[-120.66661251912022,36.15120013701679],[-120.66665744704135,36.15084104028448],[-120.66656767893292,36.15003310404887],[-120.66647791076032,36.14962922056381],[-120.66620860585739,36.14935992260329],[-120.66526599027299,36.14855202365897],[-120.66499677052167,36.14792363947716],[-120.66499677052167,36.14765433197438],[-120.664727462442,36.147295272173075],[-120.66468253383032,36.14657714601428],[-120.66459276430996,36.145993668705025],[-120.66459276430996,36.14558973399339],[-120.66481723186607,36.145185769006204],[-120.66463769295378,36.14451247944329],[-120.66450299472541,36.14428811512467],[-120.66454792340134,36.14401880959384],[-120.66463769295378,36.14379434228267],[-120.66459276430996,36.14307625875232],[-120.66441322507676,36.14240302288045],[-120.66427861435909,36.142088799422496],[-120.66418884455004,36.14177461455006],[-120.66427861435909,36.141370639077145],[-120.66454792340134,36.140787195824515],[-120.66486207267849,36.14033834397945],[-120.66558022550423,36.140203714185986],[-120.66629837422255,36.139979252745015],[-120.66670228719657,36.139620204794724],[-120.66746526937949,36.13867768326067],[-120.6675550368461,36.13840840453374],[-120.6675550368461,36.13804931665928],[-120.66715112661558,36.13773514196737],[-120.66692675098152,36.13755555648217],[-120.66629837422258,36.13733115004979],[-120.66566999431866,36.13737607818398],[-120.66486207267849,36.13733120548532],[-120.66387460583697,36.137061890598346],[-120.66270767731211,36.13674768613666],[-120.6615855799279,36.135984709399466],[-120.66077771976732,36.13517680522892],[-120.66028401513907,36.13463817544403],[-120.65956583203123,36.13436889765312],[-120.65880280185893,36.134189328259176],[-120.65808469804074,36.133830244237124],[-120.65772560071478,36.13338145549195],[-120.65754613942322,36.13315703408849],[-120.65700749074124,36.133067235677885],[-120.65646892750766,36.13257353763188],[-120.65570587853212,36.13176563176225],[-120.6555712584852,36.131271941250354],[-120.65543655053641,36.13068842755743],[-120.65516730972152,36.13028452769342],[-120.65516730972152,36.12992544952725],[-120.65471842748498,36.12961126780652],[-120.65417985444394,36.12925217222618],[-120.65391052317885,36.128848280377255],[-120.65364127909574,36.12848917046403],[-120.65359634651985,36.12835456225167],[-120.65368612389665,36.12786081219099],[-120.65337194667693,36.12723242392896],[-120.65323732413076,36.12678357792874],[-120.65310270144047,36.12637961590633],[-120.65292314578961,36.12593081244027],[-120.65265381183252,36.12548200302362],[-120.65251918851752,36.125167807574364],[-120.65256403371862,36.12494341705443],[-120.65337194667693,36.12395599045145],[-120.65422469905275,36.12269927191044],[-120.65431447598088,36.12157711350161],[-120.65400030033135,36.12081414798738],[-120.65319239141054,36.12054481939969],[-120.65310270144047,36.11951252362713],[-120.65319239141054,36.118794366108936],[-120.65242941030752,36.11780691530386],[-120.65121752983988,36.11708882853159],[-120.65040969080145,36.11753763165703],[-120.64937735184179,36.11780695811969],[-120.6483899388618,36.11735808334232],[-120.64623552445458,36.1172234606785],[-120.64542765342392,36.11619115261142],[-120.64587648105508,36.11493439904624],[-120.64659456682962,36.11381231546582],[-120.64556228432845,36.113049318266555],[-120.64623552445458,36.11076026791223],[-120.64740251813168,36.10977285061613],[-120.6475819939007,36.109638213408076],[-120.64861434759406,36.1086507841598],[-120.64879382163429,36.10797751053284],[-120.64610089427033,36.104745871628985],[-120.64188182376182,36.10128992189683],[-120.64143298188617,36.10137964580477],[-120.64116371109978,36.101424518537115],[-120.6405353811026,36.101963131538504],[-120.64013138405926,36.10187337107598],[-120.63995189766608,36.101783630013195],[-120.6396825359436,36.10178361908315],[-120.6395478987507,36.1017836009477],[-120.63923368622808,36.101783599439],[-120.63833606976723,36.10191824503635],[-120.63779742660398,36.101738716824464],[-120.63649587897203,36.10142452286082],[-120.63600216681337,36.1012001140329],[-120.63546351366983,36.101065471948985],[-120.63537372329337,36.101020607012096],[-120.6346556612945,36.10155921882472],[-120.634386288246,36.102905705924904],[-120.63362328091334,36.10330962528447],[-120.63268077220701,36.102681277997405],[-120.63223189754385,36.101828520610965],[-120.6319626070882,36.1018284624445],[-120.63182796164457,36.10178360092768],[-120.63164846342075,36.10169383854339],[-120.63102008596229,36.10115523783056],[-120.62998776357456,36.10070641822331],[-120.62985311602142,36.10061664302096],[-120.62971846832443,36.100078080077054],[-120.62940431906415,36.09994336475589],[-120.62904522768231,36.09994340513962],[-120.62895543273304,36.100033183221164],[-120.62891057912249,36.09998827905907],[-120.6286412815714,36.09976388670261],[-120.62810268474361,36.09949458409584],[-120.62792309343853,36.09922526736374],[-120.6276537937783,36.09918035714076],[-120.62684589134683,36.098372488933876],[-120.62680103698585,36.098237835330586],[-120.62653173492937,36.09792367883564],[-120.62675618260896,36.09734014364658],[-120.6266663860295,36.09716060431825],[-120.62599312909111,36.0970708734627],[-120.62523015873525,36.097474795750145],[-120.62433244253664,36.09774410974318],[-120.62379382730668,36.097968566745045],[-120.62343480772905,36.09787873182647],[-120.62312064281544,36.097878792950986],[-120.62271667772819,36.097564569509984],[-120.6223575673045,36.09729532829526],[-120.62208834354206,36.097295283666334],[-120.62181903142408,36.09738501336377],[-120.62154971873129,36.09734015441462],[-120.62132526178775,36.09720554319296],[-120.62110089222651,36.09689132843296],[-120.61970945846879,36.09666693098663],[-120.61854255944574,36.096756688037416],[-120.61773459866721,36.0966669113912],[-120.61719604305945,36.09639762999704],[-120.61674720107229,36.09603851674124],[-120.61584951231075,36.095814117955314],[-120.61517628544394,36.09514089021803],[-120.61423372668565,36.095051136222516],[-120.6132463017133,36.09554483046094],[-120.61225886902092,36.095230620853116],[-120.61163048278142,36.0956346058524],[-120.61149581563937,36.097025972563664],[-120.61198953593306,36.09751971710878],[-120.61225886902092,36.09814805473203],[-120.61243839483119,36.0985968936165],[-120.61234867585179,36.09904573387155],[-120.61198953593306,36.099180374659205],[-120.61122656871302,36.09935992094676],[-120.61104704118041,36.09918034591372],[-120.61095723342416,36.09922527779706],[-120.61023912023208,36.09868662763453],[-120.6100147309698,36.09868662987161],[-120.60956586346005,36.09904575657456],[-120.60943119411716,36.09918036326777],[-120.60916194279072,36.0992252750011],[-120.60866821144684,36.09931505103521],[-120.60857840199962,36.09958433343213],[-120.60817447817377,36.10016778672598],[-120.60817447817377,36.10034737249612],[-120.60821933915359,36.10048197242421],[-120.60817447817378,36.10079614709998],[-120.60803980734802,36.10268128615746],[-120.60732167757503,36.10281590494294],[-120.60534679965943,36.10200801013319],[-120.60431453067773,36.10178364191555],[-120.60409013089622,36.10164896258153],[-120.60409013089622,36.101693803030464],[-120.60400031819599,36.101693814621186],[-120.6023396935778,36.1017835860288],[-120.60229474271665,36.10182851951309],[-120.60058923202803,36.101604063337945],[-120.60000573946071,36.10106547448153],[-120.59937738010024,36.1008859050225],[-120.59915297155766,36.10070643924776],[-120.59807578745213,36.09971896026674],[-120.59803083507558,36.09949460750276],[-120.59798597048069,36.099225235168454],[-120.59807578745213,36.09882133669257],[-120.59767183007318,36.09832755617894],[-120.59650481533366,36.0975196871826],[-120.59574184246044,36.09689135138206],[-120.59511346192271,36.095455049559384],[-120.59448507826478,36.09473694051334],[-120.59336298818741,36.093165995443535],[-120.59233070921172,36.091819537086415],[-120.5904455952387,36.09006908305482],[-120.59013143611546,36.08979973385409],[-120.58981718840944,36.08962025949548],[-120.59031090553678,36.08926121011441],[-120.59156771117588,36.08894696810624],[-120.59242044239544,36.088902125462305],[-120.59282441653745,36.08885721803954],[-120.5931834352917,36.0885430624933],[-120.59313856897823,36.08786982834996],[-120.59282441653745,36.0861193130713],[-120.59277955009674,36.08562561770299],[-120.5933629881874,36.085356293556636],[-120.59403624342755,36.085176830598876],[-120.59417092916598,36.084503537954475],[-120.59421579511351,36.083875160640424],[-120.59448507826478,36.083560962000426],[-120.59493391151028,36.08324680387447],[-120.59502364284849,36.08261843667],[-120.59502364284849,36.081900323666346],[-120.59470949508652,36.08086797632115],[-120.59493391151028,36.08046404408314],[-120.5952480587152,36.08010500006385],[-120.59587643858461,36.07956637957592],[-120.59610085293897,36.078219875782644],[-120.5960111223646,36.077771056172956],[-120.59497877718734,36.07700805783766],[-120.59452994410094,36.07642455569968],[-120.59426066104514,36.07628989582295],[-120.5936772270922,36.0756166064822],[-120.59313856897825,36.074494611154655],[-120.59228584259604,36.0737315462225],[-120.5921511548518,36.07323782843781],[-120.59219602151526,36.07310319491131],[-120.5922408881628,36.07292370142395],[-120.59246530896344,36.07278897560708],[-120.59237557581154,36.072250388279656],[-120.59228584259604,36.071891313587365],[-120.59219602151526,36.071622057899745],[-120.5920164669643,36.071307897332225],[-120.59152275648765,36.07090388499077],[-120.5911637330237,36.07072436462105],[-120.590894442807,36.07072433196969],[-120.5904455952387,36.0705448627186],[-120.59013143611546,36.07032042076132],[-120.58981718840944,36.070096000884185],[-120.58950302772708,36.06987162895484],[-120.58914399853629,36.06960229325587],[-120.58887470402424,36.069467664682335],[-120.5886054089395,36.06924323356748],[-120.58833611328217,36.068973937117875],[-120.58811168516289,36.06861486012964],[-120.5879769929786,36.06834555587727],[-120.58784238845574,36.068031361562625],[-120.58779743244496,36.06771723916672],[-120.58788725664593,36.06744785349024],[-120.58811168516289,36.067223480450096],[-120.58820142133655,36.0669541936647],[-120.58788725664593,36.06663999430138],[-120.5876179594616,36.0665950801447],[-120.58600216433219,36.066729737824765],[-120.5857328631402,36.066729758250155],[-120.58555329942538,36.06664002411324],[-120.58523912816695,36.0665053455133],[-120.58496982535299,36.06637069141943],[-120.58461078331285,36.06619119226449],[-120.5843863485935,36.06601162022166],[-120.58425165244817,36.06583210046328],[-120.5843414791633,36.06547304963016],[-120.5842067829703,36.06529352808693],[-120.58393747796205,36.06529354070901],[-120.58362330269698,36.065113983485375],[-120.58344382380021,36.06484467304062],[-120.58330912665295,36.0646202801573],[-120.583039819737,36.06448561223335],[-120.58281547004327,36.06426113615207],[-120.58263590219404,36.063991843560046],[-120.58232172370207,36.06363280350935],[-120.5819178038704,36.06349811774711],[-120.58155866537375,36.063184009714],[-120.5813343130581,36.0628697852014],[-120.58079569026107,36.062555627169694],[-120.5800775815115,36.062151679522856],[-120.57926963844771,36.061792629266755],[-120.57882083750579,36.061568148687506],[-120.57846177804619,36.06147841203129],[-120.57819246083129,36.06143353078281],[-120.57787827132618,36.0614784333711],[-120.57742946545919,36.06120907151379],[-120.57680108188936,36.06089495694823],[-120.57648688893677,36.06071542338357],[-120.57612782286819,36.060356369392444],[-120.5759932057602,36.0600421705249],[-120.57585850069634,36.059683122432226],[-120.57536481507364,36.059099596420246],[-120.57491600031152,36.058920023586246],[-120.5743324772767,36.05865077517459],[-120.57383878571443,36.05824679322821],[-120.57321038435467,36.05779800177086],[-120.57280643549826,36.057438947842606],[-120.57267181486542,36.05712472338624],[-120.57258206769745,36.056900281169995],[-120.57231273799725,36.05672082180489],[-120.57195366011287,36.05649633929582],[-120.5715945812123,36.056361754445035],[-120.57123550129558,36.056182216795705],[-120.57060717485867,36.05586798220578],[-120.57011346880073,36.055643601823185],[-120.56944017428799,36.05528453946828],[-120.56890158879679,36.05483572692914],[-120.5680487871708,36.054252182663014],[-120.56760003434913,36.05380332565849],[-120.56665747262144,36.0529505535052],[-120.56625350290737,36.05286084343974],[-120.56540068349226,36.0529056952937],[-120.56499679760006,36.05295059089853],[-120.56454794617005,36.05286083227573],[-120.56418884631955,36.05254668016628],[-120.56360536178515,36.052142710630534],[-120.56315650543715,36.05182854118494],[-120.56270773532498,36.05173874327171],[-120.5620344893611,36.05160410344864],[-120.56127148466473,36.05155920956581],[-120.56095725326749,36.05151435802756],[-120.56055335324503,36.05133475207668],[-120.560194242101,36.05097576053445],[-120.55983521776598,36.05052690088049],[-120.55956586102467,36.05034736378007],[-120.55920683491402,36.050033141603585],[-120.5588925984103,36.049898513706246],[-120.55839893463094,36.049853673632704],[-120.55795005988738,36.050122927423345],[-120.55777054467616,36.05021274095176],[-120.55754615030564,36.05021274462322],[-120.55700751437374,36.050302450984326],[-120.55624447949029,36.05025758203551],[-120.55570592586895,36.05025756611458],[-120.55525712944149,36.050167796432824],[-120.55458384400167,36.05007804486699],[-120.55409016348679,36.04994341363016],[-120.55359639322653,36.049719035276034],[-120.55328223068062,36.04958435742775],[-120.55287830626676,36.049494543466466],[-120.55242941202839,36.049449739770466],[-120.55220500822962,36.04949461390594],[-120.55180108039389,36.04953944838936],[-120.55135227018276,36.04935988469728],[-120.55108298329584,36.04886623784471],[-120.55108298329584,36.04859692584075],[-120.55103810209256,36.048372450282265],[-120.55099313304328,36.04796853100464],[-120.55072384539594,36.04760945401201],[-120.55040967575337,36.047564603671994],[-120.5493325168018,36.04751967015747],[-120.54879393390544,36.047385019282714],[-120.54821037869574,36.04742996194291],[-120.54785132051768,36.047385051768046],[-120.54753714378066,36.04716064139989],[-120.54726784881711,36.04698109103328],[-120.54681902261125,36.04666689890544],[-120.54663949168561,36.046352781746045],[-120.5465048433252,36.04621811527821],[-120.54623554617679,36.046173221568935],[-120.54587648242578,36.04621807601575],[-120.54542765131225,36.046128311550866],[-120.54511346859094,36.04590388326775],[-120.54479928509399,36.04558974988104],[-120.54457486783552,36.04536534517744],[-120.54417091577318,36.045095989982606],[-120.54381184619702,36.044736979490004],[-120.54367719484485,36.04451252262307],[-120.54358742719755,36.044243227604376],[-120.54354254335018,36.0439290189619],[-120.54340789171307,36.04370463368176],[-120.54322835597539,36.04348019372197],[-120.54309370400593,36.04330069658673],[-120.54304881998442,36.04303137363581],[-120.54331812387586,36.04262745153422],[-120.54345277560792,36.042447897847026],[-120.54349765948699,36.042088822410996],[-120.54358742719755,36.041774690816034],[-120.54354254335018,36.04141558036096],[-120.54349765948696,36.04096675975664],[-120.54331812387586,36.040428139840905],[-120.54304881998442,36.03979977096398],[-120.54277951552329,36.039485644996866],[-120.54228578919809,36.03930607023821],[-120.54197159872142,36.0391265623322],[-120.54174717647767,36.03885722568932],[-120.54147795709969,36.03845327564453],[-120.54125353398577,36.03809422088319],[-120.54107399520979,36.03769024949159],[-120.54089445618065,36.03728635012091],[-120.54058026227051,36.036837457709424],[-120.54040072254517,36.036657951512964],[-120.53990698699519,36.036613107129504],[-120.53959279064848,36.03661308327701],[-120.53936836421188,36.036433515786854],[-120.53914402521814,36.03620910175208],[-120.538829826989,36.03607446212161],[-120.53851562798468,36.03598471672135],[-120.53815654245915,36.0359398078005],[-120.53761800011209,36.03598473294536],[-120.53716913988366,36.03611936407117],[-120.53676516432571,36.036209155920865],[-120.53636118748659,36.03611936004328],[-120.53609195672263,36.03593984586531],[-120.535957297207,36.03558071856525],[-120.535822637549,36.03531145870661],[-120.53555331780609,36.03508706632725],[-120.53510445030264,36.03513196834079],[-120.53492499069975,36.03531144472871],[-120.53452100802555,36.035401226811736],[-120.53425168553119,36.035356344689276],[-120.53389267582848,36.035176773208896],[-120.53344380247482,36.03508704909362],[-120.53303990294722,36.03499728315552],[-120.53254613886706,36.03508701063192],[-120.53196268487658,36.03513191601296],[-120.53164846893654,36.03517683591387],[-120.53133425222192,36.03526657817817],[-120.5311098990811,36.03540124189796],[-120.53075079268379,36.035446097624956],[-120.53052643851603,36.03540124091077],[-120.53025710758011,36.035176825623466],[-120.5299877760752,36.034817785863396],[-120.52976342056458,36.034548428832366],[-120.52940431037416,36.03427913148004],[-120.52900039804626,36.03441376615602],[-120.5288208420029,36.034638238302605],[-120.52859639659306,36.03481774722096],[-120.52841683998075,36.03499731895509],[-120.52823737096149,36.03522168994027],[-120.52801292452456,36.035580795530436],[-120.527743676125,36.035760290153085],[-120.5275192288191,36.035850073501095],[-120.52720500192716,36.035850081192244],[-120.52698064151987,36.03571541639795],[-120.52693575182165,36.03549100479729],[-120.52707042086881,36.035176821987655],[-120.52711531051959,36.034638160634316],[-120.52724989153052,36.03423427469903],[-120.5274743393105,36.0340098666284],[-120.52877595295256,36.032798020222785],[-120.52891062005615,36.032483830581945],[-120.52886573103741,36.03212470990225],[-120.52891062005615,36.03185544240389],[-120.52895550905913,36.031586174156004],[-120.52904528701758,36.031271917039966],[-120.52917986599152,36.03082311812553],[-120.52917986599152,36.030374326172144],[-120.52922475489963,36.03010497849153],[-120.52926964379196,36.02961126948374],[-120.5294940880166,36.02929712419688],[-120.52980822142241,36.02898290540122],[-120.52976342056455,36.02862382156127],[-120.52953897681411,36.02830963103907],[-120.52940431037416,36.027905685790515],[-120.52931453266852,36.02741199567917],[-120.52913497706756,36.02664897401724],[-120.52917986599152,36.02611041600184],[-120.52926964379196,36.025796216667764],[-120.5294940880166,36.02543715784587],[-120.52962875436171,36.02521268084582],[-120.5296736431118,36.02494339360972],[-120.52980822142241,36.02427019207647],[-120.52953897681411,36.02418041438102],[-120.52909008812783,36.024090621824776],[-120.52868617480443,36.02382132105027],[-120.52846172915756,36.02368672352045],[-120.52792314583915,36.023417366573554],[-120.52765389725003,36.02341739224329],[-120.52738456024592,36.023417366420986],[-120.52689086210766,36.02323788000023],[-120.52666641330075,36.02310319933458],[-120.52644205194592,36.02292366139737],[-120.52621760234913,36.02278905360462],[-120.5259482623115,36.022789022470626],[-120.52554433903636,36.02287880161072],[-120.52509552413613,36.022923679103314],[-120.52451203605035,36.02314805332101],[-120.52383876373499,36.02319295900259],[-120.52312068467485,36.023192933930204],[-120.52258207880246,36.0231480724534],[-120.52231273108863,36.02305829078996],[-120.52208836207622,36.0228788122867],[-120.52190879630204,36.022519718282304],[-120.52177412180555,36.022115783135085],[-120.52150486023669,36.02180157751522],[-120.52114581464413,36.0214425441454],[-120.52002369182321,36.02090391202924],[-120.51975442656097,36.021218128282],[-120.5195748575026,36.02157719493666],[-120.519440268395,36.021801578922535],[-120.51921580648013,36.0220259947742],[-120.51894653951346,36.02225038924343],[-120.51899143202272,36.02247485685293],[-120.51912602160364,36.02274417420786],[-120.51926069889468,36.02292364750941],[-120.51948507287872,36.02337251301349],[-120.51975442656097,36.02373152828198],[-120.51970953432009,36.023911090800645],[-120.51952996519859,36.02418040787232],[-120.51952996519856,36.024629262428576],[-120.51952996519859,36.02503320681771],[-120.519440268395,36.025437134462486],[-120.5193953760436,36.02593081935441],[-120.51952996519859,36.02624502800983],[-120.51975442656097,36.02669384427255],[-120.5195748575026,36.02700806211239],[-120.5193953760436,36.027187610247715],[-120.51890164698843,36.0274120264752],[-120.51831813057866,36.02754663766526],[-120.51804886171831,36.02759154939882],[-120.51755512745486,36.027546670240085],[-120.51737555530256,36.027367135837714],[-120.5171062844541,36.02714267702177],[-120.51670233318954,36.02673874861421],[-120.51620859371852,36.02646947005418],[-120.51580463961375,36.02628992045556],[-120.51508651535097,36.02597571456957],[-120.51459285748713,36.02566156138798],[-120.51423379245323,36.025706390663764],[-120.51400932138455,36.02566156908258],[-120.51351565935678,36.025706453431745],[-120.51320148583935,36.02566153385675],[-120.51302190756448,36.025392235952445],[-120.51306680215686,36.025033183954264],[-120.51311169673347,36.02462922074293],[-120.51333608152366,36.023731564166724],[-120.51293211833239,36.023507150128744],[-120.51239355732778,36.02337253207436],[-120.51203448611088,36.023148109942646],[-120.51172030895027,36.02283393725303],[-120.51163051880324,36.022564620673236],[-120.51095726640426,36.02207092055552],[-120.51046359258106,36.021981118979],[-120.51010451593955,36.022654393108816],[-120.50992493331111,36.023013459241284],[-120.50965564675383,36.02337249881123],[-120.50943125549907,36.02364179021953],[-120.50920686385025,36.023821333515656],[-120.50880288760196,36.024045785302135],[-120.50839891007655,36.02418041298403],[-120.5079052263689,36.02413551705457],[-120.50763593555546,36.023911077302785],[-120.50750124600583,36.02373157630481],[-120.5072768509681,36.02355204670272],[-120.50723195434117,36.02323788538439],[-120.50736664417458,36.02283390461646],[-120.50745634945777,36.02242994520672],[-120.50750124600583,36.02216069636449],[-120.50777053710308,36.022115818964224],[-120.50799501913389,36.02207091465317],[-120.5083540138438,36.021846488148256],[-120.5083540138438,36.02157716175145],[-120.50803982763294,36.02153228759391],[-120.50777053710308,36.02153232723055],[-120.50741154075415,36.021442510813074],[-120.50673826612578,36.0214425027219],[-120.5062893851162,36.02144252792491],[-120.50566108963287,36.02144249000095],[-120.50534689680228,36.021487433303086],[-120.50489801090683,36.0213976238215],[-120.5048531134444,36.02036534411238],[-120.50462871375781,36.020320461467755],[-120.50404522001197,36.02027559675545],[-120.50337201551682,36.02032044939638],[-120.50296802082777,36.02027554429548],[-120.50274361783273,36.020365326836256],[-120.50251921444388,36.020589779339325],[-120.50247431614612,36.0209039543639],[-120.50238460736702,36.02135276831161],[-120.50233970902202,36.021891363108885],[-120.50224991228471,36.02220552941136],[-120.50207040648483,36.02234015486398],[-120.50180110338053,36.022429931998815],[-120.50099319066516,36.02234016937609],[-120.50045457935292,36.0222504552122],[-120.5003648691571,36.02202599582164],[-120.50027507103322,36.02148737918543],[-120.50027507103322,36.02103860107176],[-120.50009556246158,36.02076928507242],[-120.49978135595593,36.02063462166893],[-120.49933253838948,36.02058974524533],[-120.49856950976613,36.02054487082938],[-120.4980308882488,36.02036529948196],[-120.49753716451049,36.02018580598916],[-120.49731275198755,36.01973695060217],[-120.49713323925926,36.01942277569217],[-120.49699853864723,36.01910863098347],[-120.49668441240294,36.019063683701965],[-120.49605606973294,36.01897396064286],[-120.4956072390985,36.01888414099634],[-120.49511350600882,36.01861486205418],[-120.49435045222661,36.01812112881095],[-120.49381190082045,36.01767235029994],[-120.49345277742104,36.01740303028812],[-120.4933181608052,36.016954154138624],[-120.49322835773604,36.01655022981677],[-120.4929591238908,36.01668487802104],[-120.4924204787606,36.01677469186324],[-120.49192673337878,36.016639987277365],[-120.4913432695726,36.01641561614488],[-120.49080470551579,36.01605648738652],[-120.49066999824386,36.01574237977821],[-120.49004171392305,36.01556280229474],[-120.48950305651961,36.01547306156817],[-120.48891958166988,36.01520374166081],[-120.48833610416197,36.014889567961426],[-120.48806677215661,36.01462030368104],[-120.4881565788458,36.01435094466746],[-120.48838100742,36.013902109096215],[-120.48851562922648,36.01363286201438],[-120.48833610416197,36.01349816370654],[-120.487977053278,36.01318399161173],[-120.48757309786204,36.01282495262438],[-120.48730376425232,36.01255567430095],[-120.48712423748928,36.01233119635093],[-120.48707933379067,36.01224148374192],[-120.48685499081013,36.011927265896084],[-120.48654075180318,36.01152334062965],[-120.48622659990016,36.011164235855105],[-120.4859572634595,36.01107449354992],[-120.48559820590792,36.011074469358576],[-120.48537377245837,36.01129891727598],[-120.48505961769386,36.01165793344412],[-120.48470055762675,36.01201700788064],[-120.48429659187957,36.01210681543735],[-120.48357846646299,36.012151683073206],[-120.4830398697597,36.012106785966544],[-120.48236664266683,36.01183748157367],[-120.48209729811299,36.01161309999383],[-120.48164850643597,36.011433523070785],[-120.48124453106843,36.01138868937516],[-120.48075083048944,36.0113886442514],[-120.48043666439277,36.01129891590778],[-120.48039175835072,36.01107448921399],[-120.48021222190421,36.01076027817677],[-120.4799429607025,36.010715416316266],[-120.47962870474674,36.010760338682715],[-120.47931453590017,36.01067052848298],[-120.47868619589762,36.01017678515816],[-120.47855156376505,36.00972794846099],[-120.47846175034474,36.00923429956581],[-120.4784169314911,36.00878542048939],[-120.47873110253704,36.00851611159174],[-120.47922481089387,36.008246830222134],[-120.47931453590017,36.00784291056026],[-120.47926971734464,36.007438955696124],[-120.47926971734464,36.00703496788331],[-120.4794940736038,36.00667590690581],[-120.47985314825684,36.006451543361635],[-120.48048157041903,36.00613731220679],[-120.48043666439274,36.00591286991992],[-120.47998777902268,36.0055089292775],[-120.47900036628383,36.004745943594315],[-120.47819248546688,36.00384824644467],[-120.47783340616319,36.00326481463044],[-120.47760895911763,36.00277110432955],[-120.47751923291784,36.00169385730717],[-120.477474325854,36.001379680208984],[-120.47738459956003,36.000841088803384],[-120.47662152806045,36.00048203332209],[-120.47505063929364,36.00039229556587],[-120.4749160033445,35.999943455873996],[-120.4749160033445,35.99980880243001],[-120.47428764179155,35.99962922421914],[-120.47370418556028,35.99958432000795],[-120.47312063879183,35.99922533987443],[-120.47289627138362,35.99882134435132],[-120.47307581807185,35.99846228509433],[-120.47347973128906,35.99814811189159],[-120.47339000220074,35.99792365674904],[-120.47307581807185,35.99760947557839],[-120.47285136270133,35.997385090347755],[-120.47240253866654,35.996936214426505],[-120.47190880404966,35.997026024789584],[-120.47159461629387,35.99702601485717],[-120.47141506753306,35.99698117179795],[-120.4712356064061,35.99698109030812],[-120.4710111478166,35.99693621928336],[-120.47056231734548,35.99707091250864],[-120.47051740784636,35.99684649858518],[-120.47051740784636,35.99612832148863],[-120.47038276714039,35.99576931135278],[-120.46979929315359,35.99541024638209],[-120.46944027824367,35.99505111413069],[-120.46872206963778,35.99482676669553],[-120.46858742704852,35.99460233527292],[-120.46858742704852,35.99433299937204],[-120.46854260474532,35.99433302113263],[-120.46818349843343,35.994467633352336],[-120.46760001444979,35.99460235007243],[-120.46724099338903,35.99460234166013],[-120.46688188343626,35.994422822382916],[-120.46656768337573,35.99410858490628],[-120.4659841920488,35.99352514609074],[-120.46535587465469,35.993300717156096],[-120.46486211293389,35.993210947048595],[-120.46432352553863,35.99285184463551],[-120.46369520001959,35.99276207251344],[-120.46288731073966,35.99298651059627],[-120.4619447668244,35.99330070549781],[-120.46109195374005,35.99370464218227],[-120.46082265242075,35.99365975465936],[-120.45983518012302,35.99348021120348],[-120.45934148507497,35.99280695403346],[-120.45893752738121,35.99240306256665],[-120.45803986836918,35.991909324313376],[-120.45723194352937,35.99181956131792],[-120.45687289349092,35.99150534630863],[-120.45610987586849,35.99087701871733],[-120.45498779841348,35.99042816457043],[-120.45435942724512,35.9902037740364],[-120.45413502706151,35.98979977595816],[-120.45373105300581,35.98948564309674],[-120.45269878629456,35.98935098961634],[-120.45220506383893,35.9893509970907],[-120.45171133948789,35.98926118251603],[-120.45067905656528,35.98885726792054],[-120.44969159425277,35.988453323447736],[-120.44969159425277,35.98818400922762],[-120.4497813398945,35.987869850181816],[-120.44964667745855,35.98782498259737],[-120.44937744006376,35.98746582940391],[-120.44910811420534,35.98688240240912],[-120.4490631972074,35.98616429740625],[-120.44933252315981,35.98553589517908],[-120.44924277720501,35.98526661475554],[-120.44910811420534,35.985131917020865],[-120.44838996776025,35.98481773350912],[-120.4476269877086,35.98441379722587],[-120.44677416755438,35.98392008584895],[-120.44637025828378,35.98356104152054],[-120.44623559227782,35.983246825205406],[-120.44583159341448,35.98284291981373],[-120.44506859819417,35.98225942486136],[-120.44435051710948,35.98172083652969],[-120.4439016814334,35.98122707942597],[-120.44358742520586,35.98091293994042],[-120.44327325611535,35.98082316829074],[-120.44264491563422,35.98073337915887],[-120.44201657208649,35.98028454730546],[-120.44129838607255,35.97997040331385],[-120.44026610753092,35.979790840602945],[-120.43968258475593,35.97956645331355],[-120.43936840613789,35.97898296906832],[-120.43865029326281,35.978130181406584],[-120.43815660482149,35.97777107039762],[-120.43734873094374,35.97664897714861],[-120.43707937991972,35.97615529065712],[-120.43712430109896,35.975437125787664],[-120.43681011624113,35.97440481622654],[-120.43694470419655,35.97310320440132],[-120.43685494960572,35.972654375445615],[-120.436540764091,35.971577211646405],[-120.4360919891045,35.97072440847701],[-120.43559820294986,35.97045509544646],[-120.43505966883902,35.96982672659445],[-120.4343415319465,35.969422774971314],[-120.43353363414779,35.96919838478392],[-120.43303992610116,35.96892909446193],[-120.43214226227018,35.96892907410555],[-120.43115483362708,35.96924321029961],[-120.43052643403888,35.96969209144643],[-120.42962875270545,35.97032042284642],[-120.42891067347001,35.97063462108734],[-120.42778853478727,35.97117321356221],[-120.42675623594121,35.97148738835631],[-120.42572392883311,35.97148740475071],[-120.42549947874913,35.97162204210986],[-120.42545464143527,35.97193626165361],[-120.42549947874913,35.97220552700782],[-120.4251853534753,35.9723402278022],[-120.42446716158365,35.97234020232412],[-120.42392858097921,35.972429977789815],[-120.42361436396291,35.97274418146085],[-120.42321047000941,35.97337252022291],[-120.4228064868735,35.97373162182697],[-120.42199860472614,35.97395601677477],[-120.42123555631684,35.973911152949356],[-120.42078672806265,35.9735969745882],[-120.4204276643355,35.97341737660424],[-120.42024813209734,35.97355206421079],[-120.42011352671487,35.97373154931509],[-120.41988906687193,35.97377647333988],[-120.41885679274571,35.97418041475693],[-120.41724097395166,35.9748985604689],[-120.41652282577466,35.97503320689682],[-120.41499683556123,35.97498830776803],[-120.41378498109908,35.974719003205315],[-120.41324635592755,35.97462923857213],[-120.41252827346379,35.974898506572025],[-120.41149594049905,35.9753473543079],[-120.41019428005752,35.975706487894676],[-120.40925179022867,35.97593083430333],[-120.40853359763764,35.97597572025057],[-120.40781548898416,35.97575129809876],[-120.40759109569836,35.9752127205622],[-120.40750132068928,35.975078115107344],[-120.40723199528789,35.97440486120739],[-120.40633432782674,35.973956013672485],[-120.40534687762737,35.97364182695309],[-120.40453897420596,35.97332763763255],[-120.40373106573678,35.97296861706208],[-120.40269875044376,35.97251975891602],[-120.40157673572104,35.97220553463281],[-120.4007688087477,35.971577165729116],[-120.39951206250832,35.97108345842602],[-120.39726788011983,35.97036532166145],[-120.39659464419489,35.970365318200315],[-120.39646001417687,35.970140939061764],[-120.3951583782634,35.968794400725464],[-120.3939914499247,35.96785184969144],[-120.39264494049222,35.96767231386434],[-120.3910291458659,35.967896777022226],[-120.39044566440408,35.968345606494154],[-120.38932354345836,35.96915347863649],[-120.38887478029939,35.96924326358355],[-120.3886054161281,35.96906373496368],[-120.387662856973,35.96861491833882],[-120.3855085233681,35.968345592145745],[-120.3846107931798,35.968570001435396],[-120.38366829291219,35.96839044814606],[-120.38164853845853,35.96798651593747],[-120.37980834115307,35.96771723472115],[-120.37832712341542,35.967403044552384],[-120.37599321691877,35.96708888451305],[-120.37558926222674,35.96704399576179],[-120.3748711467633,35.966999082785385],[-120.37361441315073,35.96668488284292],[-120.37298608575614,35.96646051344711],[-120.37168447793812,35.9662809686215],[-120.36970956944222,35.96641559628829],[-120.36831821455931,35.96646047640888],[-120.36795909323172,35.96641558516497],[-120.36710636300454,35.966011676011206],[-120.36558031814201,35.96565261412203],[-120.36360540476586,35.96551792128672],[-120.36225893166977,35.96520380291046],[-120.36041872334268,35.96439586597948],[-120.35983528012034,35.963991886440986],[-120.35983528012034,35.96367772154356],[-120.360014808157,35.963139124961685],[-120.36037386348637,35.962421007605705],[-120.36091244462047,35.96179262356176],[-120.36136130450707,35.961298897930746],[-120.36176521550775,35.96049105692894],[-120.36234873802458,35.959593341725814],[-120.36248340346086,35.959413778826644],[-120.36243845635822,35.95927916999973],[-120.36203454745025,35.959189404525105],[-120.36091244462047,35.95914455088005],[-120.36068805807592,35.95896501083877],[-120.36041872334268,35.9586956967342],[-120.35970061193987,35.958471230945314],[-120.3592966065612,35.95833663263398],[-120.35916202578396,35.95806731071265],[-120.35889268788837,35.95743895306944],[-120.35880296710688,35.95667595761387],[-120.35821942866974,35.956227078349215],[-120.3579052281128,35.95604760686049],[-120.35754616596425,35.95555388897195],[-120.35741158337476,35.95483574165929],[-120.35723205174273,35.9546562172589],[-120.35700757088198,35.953848332042824],[-120.35732177360842,35.952097856071994],[-120.35691784879943,35.95102061454749],[-120.35682803869206,35.95097577852964],[-120.35669345535922,35.95052688419548],[-120.3563792511143,35.949808775411796],[-120.35651392273553,35.94922528177526],[-120.35660364509681,35.94895599229262],[-120.35660364509681,35.94841737786636],[-120.35651392273553,35.948058358027374],[-120.35615485674454,35.948013414972245],[-120.35566111739693,35.94805835145005],[-120.3551673761746,35.94747488927347],[-120.35512251450616,35.9472952993869],[-120.35498784144387,35.94716071344064],[-120.35494297971353,35.94702604617117],[-120.35476344467301,35.946801639458116],[-120.35449409766527,35.94648746314138],[-120.35386576575267,35.94603860312222],[-120.35283349330895,35.94563464559724],[-120.3511727797856,35.944647243593714],[-120.34964672379462,35.944063721040706],[-120.34928763884646,35.944153518537156],[-120.34883882525195,35.944557474551765],[-120.34830028208287,35.94478184562588],[-120.34749237518149,35.94491647778033],[-120.34735769422059,35.94487164670737],[-120.34681905695307,35.94482677485464],[-120.34610095843261,35.94500625207081],[-120.34583168146247,35.94487163299824],[-120.34524817280739,35.944018826335764],[-120.3449788940733,35.943480222193536],[-120.344664661537,35.94330071145652],[-120.34439538159603,35.942851880262026],[-120.3441709665579,35.942537735261205],[-120.34372213532131,35.942358205295264],[-120.3430488855656,35.94208886578449],[-120.34251031844393,35.94132587811295],[-120.34188192867167,35.94069750563056],[-120.34125353586742,35.94015890636581],[-120.34026611817423,35.93899194796676],[-120.33909913634837,35.938318704398526],[-120.33847081809523,35.938139116861876],[-120.3378424088363,35.93778011482074],[-120.33748337931046,35.93786984097634],[-120.3372589523634,35.93782494047164],[-120.33595733883016,35.93719660989688],[-120.33586760223729,35.93710684798945],[-120.3362715043953,35.93661307675525],[-120.33694478917874,35.935894935941455],[-120.33694478917874,35.93576035718951],[-120.33672036130409,35.93531148600517],[-120.33672036130409,35.93414451533801],[-120.33689992122997,35.93324683597125],[-120.33703452502984,35.932438986540035],[-120.33712434879537,35.931720844482044],[-120.33681009730977,35.93113733818919],[-120.3365408011308,35.930823187101524],[-120.33645106493968,35.930284562534325],[-120.33636132868679,35.92965620753026],[-120.33559830411079,35.928938019139316],[-120.33505970618847,35.92857901329467],[-120.33505970618846,35.92839948121015],[-120.33523918042485,35.928219972362214],[-120.33568804088905,35.927771074400965],[-120.33636132868679,35.92687343862424],[-120.33667549327808,35.92615525902915],[-120.33685496528942,35.92552694460509],[-120.33685496528942,35.92516787096094],[-120.33658566920316,35.924719014117784],[-120.33663062523665,35.92368668105617],[-120.33672036130409,35.92364186554338],[-120.33636132868679,35.92310321224665],[-120.33564317250763,35.92260948517577],[-120.33461084356045,35.92144252528697],[-120.33348876820688,35.92027561677553],[-120.33209737783638,35.91879442059937],[-120.33178320221121,35.91780697348623],[-120.3318280719212,35.917627481362935],[-120.33227694413065,35.917447940731414],[-120.33277059620119,35.9170439839792],[-120.33272572681558,35.916460515561255],[-120.33227694413065,35.91551793750195],[-120.3313792861466,35.91466513226029],[-120.32989813256404,35.913498238915004],[-120.32823739055081,35.91349821853065],[-120.32801303566974,35.91327379696166],[-120.32671141781738,35.913094232008646],[-120.32599320849081,35.91313917308032],[-120.32576884975038,35.91228633277269],[-120.32527508319508,35.91116429105165],[-120.32514046725628,35.91076033545854],[-120.32496089113734,35.91013194341886],[-120.32446720950955,35.90923429526318],[-120.32428772044909,35.90883032720259],[-120.3228963199173,35.90779803958262],[-120.32101120985322,35.90739411744251],[-120.31872211732322,35.906900397655434],[-120.31733074546388,35.90699010773003],[-120.31643307265661,35.907079876458596],[-120.3150866398699,35.907169684505526],[-120.31396448462468,35.90743896838971],[-120.31257315008358,35.90788779722579],[-120.31176528580895,35.90802246882942],[-120.31050847101997,35.907932723162304],[-120.30839896959145,35.90793269061071],[-120.30628952212307,35.908022428588374],[-120.30453907375373,35.90779799380585],[-120.30382091851787,35.90766338637052],[-120.30319251845232,35.907618483411504],[-120.30193579726577,35.907528714629265],[-120.30171139721222,35.90752874373583],[-120.30135235632603,35.9075736292923],[-120.30130747614604,35.90757361977417],[-120.30094834615089,35.90752875726117],[-120.30049954227206,35.90761850596293],[-120.29978145286445,35.90784292488256],[-120.29861446117144,35.90775313141859],[-120.29758210353869,35.90784290160876],[-120.29668447115621,35.907618465107475],[-120.29515839397713,35.90752875593328],[-120.29439539272023,35.90721455329916],[-120.29421586236664,35.90707991340069],[-120.29381191817116,35.90672084136139],[-120.29376703540584,35.906720827930556],[-120.29313867507663,35.90613738960533],[-120.2912086923599,35.90618226472095],[-120.2895031025714,35.90613739983727],[-120.28887480979807,35.90613738042082],[-120.28833619530116,35.90609244805855],[-120.2881117719407,35.9059578470687],[-120.28739361460468,35.9055089784614],[-120.28654079765701,35.90550903141967],[-120.28631645923264,35.90550899576669],[-120.28514943557836,35.905643662899315],[-120.28344385494664,35.9059129711753],[-120.2826808734881,35.90631687810601],[-120.2823217804359,35.906496443697776],[-120.28214223354102,35.90658622614043],[-120.28196277441374,35.90676569157713],[-120.28164856632628,35.90681059972605],[-120.28097534876086,35.90694526108634],[-120.28025715233348,35.90694524718196],[-120.27971859044713,35.90690039209794],[-120.27895558731676,35.906945215617824],[-120.27882092371269,35.90690033696542],[-120.27814769163494,35.9068105929504],[-120.27693579477614,35.90645152866927],[-120.27576886368497,35.905868045630754],[-120.27487116992887,35.904701067637994],[-120.27478139141374,35.904476697930846],[-120.27451214351827,35.90389319819586],[-120.27406324910065,35.9036238899233],[-120.27397355805164,35.90357899755608],[-120.27343488235609,35.90313020225657],[-120.27338999261502,35.903040385658834],[-120.27303096215313,35.90245688995776],[-120.27294118237941,35.90236719833638],[-120.27249237060941,35.90209784579673],[-120.27244748054606,35.90205299930203],[-120.27249237060941,35.90205294887628],[-120.27249237060941,35.902008127515494],[-120.27249237060941,35.90196323054619],[-120.27244748054606,35.90191830835454],[-120.27240259046737,35.901873461674505],[-120.27204355730515,35.90178366700207],[-120.27199866708833,35.9017388198946],[-120.27195377685617,35.90169389712996],[-120.27186399634581,35.90164902431686],[-120.27177421577406,35.90151435651463],[-120.27172932546513,35.901469508971836],[-120.27146007130979,35.90142458364252],[-120.27141518089348,35.90142463338316],[-120.27132540001487,35.9013797595842],[-120.27119072858174,35.9012899619228],[-120.2711009475496,35.90124508768758],[-120.27101125447682,35.901200188885056],[-120.270921473322,35.90115531432126],[-120.27083169210574,35.9011553375145],[-120.27074191082812,35.901065564700666],[-120.27065212948916,35.900975791596466],[-120.27033798234041,35.90088601255908],[-120.2702930915405,35.90084108778494],[-120.27020330989464,35.900796211906496],[-120.26975448876618,35.900167868943015],[-120.26890173319858,35.89940484730569],[-120.2681835587265,35.89886626025065],[-120.26786940567303,35.89841741454646],[-120.26719611743046,35.89810326161333],[-120.2664331295379,35.89783391779062],[-120.26589451093594,35.89743003308211],[-120.26549056754149,35.897160708880804],[-120.26405435342654,35.89675673036646],[-120.26369520941955,35.89662207830481],[-120.26315666762078,35.896307941466524],[-120.26270782241856,35.89608346526175],[-120.26248335522946,35.89585909317454],[-120.26230386922872,35.895544919987074],[-120.26068804405523,35.89410860715439],[-120.26005970135883,35.893345611387296],[-120.25952105663724,35.89280699330759],[-120.25934156659201,35.89244796266702],[-120.25911718168376,35.89177470132177],[-120.2580848653271,35.890921877440555],[-120.25741161499074,35.89056286639974],[-120.25709743618961,35.8899344850332],[-120.2565587793342,35.889126580349405],[-120.2565587793342,35.8890368386099],[-120.25637928524584,35.888902167644524],[-120.25624459849587,35.88881239045831],[-120.2558406254494,35.88863285010283],[-120.25575092196127,35.88858799335127],[-120.25548163506774,35.88849822899431],[-120.25530205147832,35.88845332107426],[-120.25521225959169,35.88845332164225],[-120.25516745165667,35.88840842587496],[-120.25512255567506,35.888363554421986],[-120.25507765967814,35.888318682896475],[-120.25480837140638,35.88795960829033],[-120.25462878689785,35.887780119421514],[-120.25444929017601,35.88764543948461],[-120.2543594977073,35.88760052863906],[-120.25413510429946,35.88746588470191],[-120.25391071050889,35.88737614999484],[-120.25364141984858,35.88733121063267],[-120.25278864778274,35.88719657449002],[-120.2527437509894,35.887196610999304],[-120.25265395735676,35.88715169748895],[-120.25256416366285,35.88715169472112],[-120.2524744579408,35.88710683215617],[-120.2524744579408,35.88706192119856],[-120.2523846641244,35.887017082803034],[-120.2523846641244,35.886972171770225],[-120.2523397671932,35.88679263919749],[-120.25229487024674,35.88661310610714],[-120.25229487024674,35.886568270436456],[-120.2522499732849,35.88647848386456],[-120.25184607600643,35.886029642712344],[-120.25000580994394,35.88486268648484],[-120.24960190577855,35.88450364235233],[-120.24933260630137,35.8842791803483],[-120.24928770832908,35.884144549569626],[-120.24915310235563,35.88405479975758],[-120.24897351012966,35.88392011830029],[-120.2488838019603,35.883830333777624],[-120.24852470456437,35.883381513326725],[-120.24812070781867,35.8829775588189],[-120.2479412022205,35.88266341530986],[-120.24780659487034,35.882169652653914],[-120.24767189934624,35.88167598597513],[-120.24713329194519,35.88077831290698],[-120.24623566673914,35.87974599628058],[-120.24578685184163,35.8794317633951],[-120.24497892834871,35.878893156746294],[-120.24394658912425,35.87826482145357],[-120.2432733545038,35.877681323677066],[-120.24313874238257,35.8768734489373],[-120.24340796648748,35.87642466083442],[-120.24340796648748,35.875841160090204],[-120.24345286646454,35.87512301776986],[-120.24358756630383,35.87494347870977],[-120.24376707783632,35.8744946404147],[-120.24470961941638,35.87368670521694],[-120.24511353858937,35.87332766068634],[-120.24520333736534,35.8731032268862],[-120.2447096194164,35.872654434235336],[-120.24435051063719,35.8723402625592],[-120.24439541029292,35.872026086955096],[-120.2445749207245,35.87148746920216],[-120.24426079931833,35.87036539345237],[-120.24345286646454,35.869512577733865],[-120.24300404208437,35.86888424562186],[-120.24237570299114,35.86825583106941],[-120.2412984426701,35.86785195235614],[-120.24084961095049,35.86744798208978],[-120.24058038161773,35.86699913263232],[-120.24040077770206,35.86641565240271],[-120.24026616264592,35.86592189430912],[-120.24080479812717,35.865473071597435],[-120.24277962932081,35.86488960184117],[-120.24408128845866,35.86471004014566],[-120.24596636037667,35.86412662159266],[-120.24650497255087,35.863677778989484],[-120.24708839322291,35.862914755022445],[-120.2479412022205,35.86224149286493],[-120.24861450101412,35.861882411551974],[-120.24870420936698,35.86152335301955],[-120.24865931118035,35.86071546492941],[-120.2485696027969,35.860356384285126],[-120.24852470456437,35.86017685537475],[-120.2485696027969,35.860176828834774],[-120.24919791233853,35.859144572573854],[-120.25027510804384,35.85784295466568],[-120.25099329230603,35.857304351990095],[-120.25229487024674,35.85676576714534],[-120.25332723204289,35.8562719880511],[-120.25422489692131,35.85591291625361],[-120.25512255567506,35.8557783233931],[-120.25593041690709,35.85568855655745],[-120.25624459849587,35.85541927066759],[-120.25624459849587,35.85514993479563],[-120.2558406254494,35.854835752531216],[-120.25494297159544,35.8533097464411],[-120.25498786763832,35.85299552075937],[-120.25534694739866,35.8527262055407],[-120.25566113038103,35.85259162781506],[-120.25597531261299,35.85241204496353],[-120.2572320340363,35.85196320302422],[-120.25750131734625,35.85187350231608],[-120.25687295942205,35.85129000022389],[-120.25741161499074,35.85048209680265],[-120.25781549518253,35.84958443692729],[-120.2579501803238,35.848507242940855],[-120.25812976029758,35.847699291229],[-120.2580848653271,35.84707096726461],[-120.25830925199693,35.846307932277455],[-120.2588030069574,35.845724455458196],[-120.2591620763018,35.84527562589144],[-120.25929667203529,35.84505121216166],[-120.25902739240176,35.84478191096813],[-120.25875811221677,35.84442281829003],[-120.25821946216325,35.843839369236164],[-120.25768089793296,35.84348024773362],[-120.25610999963868,35.84316611128026],[-120.25507765967814,35.842582619076566],[-120.25467368304798,35.841011681550455],[-120.25409020796558,35.84002426231402],[-120.25314764551266,35.83872264536917],[-120.25220516434108,35.8367029302202],[-120.25157678112085,35.83562570556274],[-120.25180117889151,35.835042247475904],[-120.2517113846157,35.834413890908706],[-120.25135238296757,35.83414451716575],[-120.25099329230603,35.8340099093489],[-120.25027510804384,35.83311227319645],[-120.24996100023604,35.83136176084645],[-120.24982630691622,35.82992555241005],[-120.24865931118035,35.82799554093879],[-120.24749239313616,35.826783709334904],[-120.24614586866706,35.82637978073232],[-120.24538284669578,35.82494349899748],[-120.2445301091684,35.82400091846959],[-120.24345286646451,35.82341743147152],[-120.24233080264698,35.82341748366031],[-120.24098431345138,35.82435996659948],[-120.24067009544275,35.8245843919812],[-120.2395929092192,35.82539234432507],[-120.23891965235312,35.82575135432249],[-120.23721408811804,35.825078113948464],[-120.23523926157368,35.82395601025251],[-120.23452107946791,35.823237934035944],[-120.23321950200366,35.82328281240002],[-120.23115489539849,35.82323787487339],[-120.23034697026382,35.822744186739556],[-120.23016744045621,35.82229534463796],[-120.23016744045621,35.821936327837],[-120.22980838010804,35.82099374961866],[-120.22904535161166,35.82099375029925],[-120.22698067968479,35.821442577182225],[-120.22540976752646,35.82117331180005],[-120.2238837433137,35.82050001725604],[-120.22222306799303,35.82014097565488],[-120.22065218728137,35.819557486572506],[-120.22029310105113,35.81924327566246],[-120.21988919391643,35.81892911258793],[-120.21957501371715,35.81816607080761],[-120.2194402893557,35.81749283272663],[-120.21876710576562,35.8165054277725],[-120.21858756021032,35.81529353622493],[-120.2180938306891,35.81430613935169],[-120.2180040134564,35.812780111327285],[-120.21786937554906,35.81161319390992],[-120.21795919287331,35.81026667305697],[-120.2180938306891,35.810131969177235],[-120.21849774331325,35.80968319632715],[-120.21863238058023,35.80860600491981],[-120.21921592455863,35.8078429477642],[-120.21953010561192,35.80707991879664],[-120.21935056109363,35.80672084953716],[-120.2194402893557,35.80600273594091],[-120.2190363796133,35.80550900087717],[-120.21764500808408,35.80479086818983],[-120.21679217929442,35.8040278916527],[-120.2165678100003,35.80362394864189],[-120.21683708833031,35.80299555386767],[-120.21777964622007,35.80223251003386],[-120.21786937554906,35.802187653632124],[-120.2178245549203,35.80200813347284],[-120.21674735830027,35.80137971598781],[-120.21634335226798,35.800437244756054],[-120.21620871266853,35.79962927557584],[-120.21558033401872,35.79823789813593],[-120.21589452371711,35.79734026239768],[-120.21629853112157,35.79693632782048],[-120.21629853112157,35.79675674852458],[-120.21580479304704,35.79612843529649],[-120.21486222107114,35.79518582996552],[-120.2147724897002,35.79437795573774],[-120.21486222107114,35.79361498012929],[-120.21535596266709,35.793031493414645],[-120.21580479304704,35.7924928918619],[-120.2161189822118,35.79195423594305],[-120.21589452371711,35.79105658733291],[-120.21575988366038,35.79038336266933],[-120.21580479304704,35.790069158416614],[-120.21553551261354,35.78988960628323],[-120.21396455238515,35.789261237000744],[-120.20624464950923,35.789261236000506],[-120.20552648586161,35.789216427181756],[-120.1996468202577,35.78921639270971],[-120.19412613985676,35.78921640246249],[-120.19412613985676,35.784817824350895],[-120.19403639442378,35.779611388035974],[-120.19403639442378,35.778713700240104],[-120.19408122311182,35.77269937848528],[-120.19412613985676,35.76475501612491],[-120.19417105658648,35.75627203649621],[-120.19403639442378,35.74994348931504],[-120.19394664893001,35.749404884752714],[-120.19390173212423,35.74743001183767],[-120.19390173212423,35.743031494043784],[-120.19385681530322,35.740877120583875],[-120.19390173212423,35.73508714763569],[-120.19385681530322,35.731361843286294],[-120.19385681530322,35.73064368661075],[-120.19385681530322,35.729386954412625],[-120.19390173212423,35.72673888237854],[-120.19390173212423,35.726514413576844],[-120.19390173212423,35.72135282896414],[-120.1937670696878,35.708785531974875],[-120.1937670696878,35.70725953095003],[-120.1937670696878,35.70667601694759],[-120.1937670696878,35.70636182124644],[-120.19381198653925,35.69707099775257],[-120.19385681530322,35.69065270411285],[-120.19381198653925,35.68257372349111],[-120.19381198653925,35.68015001349588],[-120.19381198653925,35.67992557129914],[-120.19381198653925,35.679790905692904],[-120.19381198653925,35.678130239590836],[-120.19381198653925,35.67759164017022],[-120.19381198653925,35.67642465026137],[-120.19385681530322,35.67112848479456],[-120.19385681530322,35.667672472076895],[-120.19390173212423,35.65874067360847],[-120.19390173212423,35.65824692604904],[-120.19390173212423,35.653848349155794],[-120.19394664893001,35.652322321048786],[-120.19390173212423,35.63620925652872],[-120.19390173212423,35.63558086790382],[-120.19390173212423,35.6346383141054],[-120.19394664893001,35.62862396672697],[-120.19394664893001,35.62498843490648],[-120.19394664893001,35.618211037680744],[-120.19394664893001,35.61812127069106],[-120.19390173212423,35.6143511262982],[-120.17356959061735,35.61399206651005],[-120.17316562905833,35.61399206414807],[-120.17168454361283,35.61399198281463],[-120.17163961926906,35.6139920515314],[-120.16926080952351,35.614036875545644],[-120.16876707233573,35.614036889102195],[-120.15866835711175,35.614036933656216],[-120.1503200720298,35.61408175335428],[-120.13954804559339,35.614126697160515],[-120.12612796214688,35.61417157392643],[-120.12599331919975,35.61417158969694],[-120.12590352778716,35.61421645045021],[-120.12532010242786,35.6143061928967],[-120.12523031056267,35.614306185491884],[-120.1250058746945,35.61435106023205],[-120.1249610227227,35.61435108225782],[-120.12491608261804,35.614306184746944],[-120.12473658640205,35.614306220781195],[-120.09982639564821,35.61444086226259],[-120.0977617433714,35.61444082527888],[-120.08779762601492,35.61453062202667],[-120.08591251330166,35.614530613143216],[-120.08600233154196,35.608561151673705],[-120.08600233154196,35.60510514812938],[-120.08613692657465,35.59307642909399],[-120.0862267446648,35.584907631569344],[-120.08627160961564,35.57898307046891],[-120.08640629252146,35.55968322288206],[-120.08640629252146,35.55932418534053],[-120.08640629252146,35.55914462800529],[-120.08640629252146,35.557843034905595],[-120.0864960222881,35.54653244626311],[-120.0864960222881,35.54258271882397],[-120.0864960222881,35.541819732180514],[-120.0864960222881,35.541685055470765],[-120.0864960222881,35.54159529621304],[-120.0864960222881,35.541550378547115],[-120.08654088714893,35.53912670791975],[-120.08654088714893,35.53706208326913],[-120.08658575199475,35.53427929516472],[-120.08658575199475,35.53279816481644],[-120.08663070496864,35.529342116006724],[-120.08667556978443,35.52655938262679],[-120.07460198625806,35.526379834996526],[-120.07361451548557,35.526379841926435],[-120.06867731725855,35.52633494384201],[-120.06872227622638,35.52058990714657],[-120.06872227622638,35.51946784297043],[-120.06876714702442,35.51919849620251],[-120.06876714702442,35.519153637528035],[-120.06876714702442,35.51910877882988],[-120.06876714702442,35.51897412656143],[-120.06876714702442,35.51892919173659],[-120.06876714702442,35.51780710594914],[-120.06876714702442,35.51749293752049],[-120.06890175932864,35.51278022396329],[-120.0651315941453,35.51282509396088],[-120.06306693719601,35.512780190952824],[-120.05646907918438,35.51269048682405],[-120.05121773284162,35.51269044598669],[-120.05085871923264,35.5029956180374],[-120.05072400071603,35.499988461249615],[-120.05103822615672,35.498642005208694],[-120.0488838627823,35.49864197729087],[-120.03321958783602,35.498641972687096],[-120.03330935306592,35.48365096794234],[-120.0328605263197,35.48365097078996],[-120.03052660319265,35.48378557062928],[-120.01459298266685,35.483650991126034],[-120.01459298266685,35.48351631135441],[-120.01481742655498,35.48095793476114],[-120.01481742655498,35.480464245182326],[-120.0156253332804,35.46928832631133],[-120.01567022174531,35.46901899624364],[-120.01535600217797,35.46906391620262],[-120.00099336995372,35.46901900151506],[-119.99740265039368,35.468704869883595],[-119.99740265039368,35.46524885621918],[-119.99740265039368,35.46480000410307],[-119.99740265039368,35.45290589468586],[-119.99740265039368,35.45088616808328],[-119.99740265039368,35.450212889888746],[-119.99740265039368,35.44087719302429],[-119.99740265039368,35.43948578048198],[-119.99632553064579,35.43948578438207],[-119.96293234465591,35.43939599808233],[-119.95184613513057,35.43935117257834],[-119.95166658502237,35.43935115413782],[-119.9513075723279,35.4393511683602],[-119.94417114971505,35.43930627673753],[-119.94390185342861,35.43930629080307],[-119.94022138818569,35.43930628595983],[-119.93918908241366,35.43930625842074],[-119.93878512304293,35.43930625759237],[-119.93874020918149,35.43930629078371],[-119.92635242024903,35.43930631017169],[-119.92325551824752,35.43930624482807],[-119.91365046686161,35.43926140243163],[-119.91230394430129,35.43926140785239],[-119.90166659528208,35.439216524706936],[-119.89327346655917,35.439171641336465],[-119.89304908726265,35.43917162512067],[-119.89246554049117,35.439171623574715],[-119.88932373714354,35.4391267153219],[-119.88918912339228,35.43912669510901],[-119.8878874678178,35.439126745918365],[-119.88003287203664,35.43912675797371],[-119.88003287203664,35.43194540962858],[-119.88003287203664,35.43118238828925],[-119.88003287203664,35.42961151676238],[-119.88007780514225,35.39545527592859],[-119.88007780514225,35.387017225415846],[-119.88012264995591,35.374943611350744],[-119.88012264995591,35.37220576556899],[-119.88007780514225,35.364171644522244],[-119.87989824918651,35.36385747669563],[-119.87989824918648,35.36349835181544],[-119.88016758303216,35.35120038038094],[-119.87971869299633,35.35120035779105],[-119.87594848854081,35.35111057339325],[-119.86198985284557,35.35111058941234],[-119.85593054731495,35.35106575249803],[-119.85184615555741,35.35106570149446],[-119.85072409434409,35.35106572509001],[-119.84933271870746,35.351065731386605],[-119.84206163023678,35.35102083655973],[-119.84183725580336,35.3510208501541],[-119.83366848920669,35.35097595951457],[-119.82680130804346,35.350975985449054],[-119.82015854941028,35.35093111603122],[-119.81903649599055,35.35093106674164],[-119.8093416821393,35.35088616520908],[-119.8093416821393,35.34698131368842],[-119.8093416821393,35.34536552174505],[-119.8093416821393,35.3411016481573],[-119.80938663824715,35.33275330382374],[-119.80938663824715,35.32911775926439],[-119.80938663824715,35.329072877866594],[-119.80938663824715,35.32009620485698],[-119.809431506018,35.30743917159883],[-119.809431506018,35.30187360077776],[-119.809431506018,35.300123191061594],[-119.80938663824715,35.299629463951845],[-119.80938663824715,35.298552241146055],[-119.80938663824715,35.296397831592216],[-119.809431506018,35.29244815154692],[-119.809431506018,35.281810825259655],[-119.809431506018,35.27485386193008],[-119.809431506018,35.27364205845664],[-119.809431506018,35.26381257972027],[-119.809431506018,35.2635881556488],[-119.80225018162984,35.263543262161676],[-119.79843511204093,35.26349841645293],[-119.7911640016831,35.26345352201306],[-119.7817834108359,35.263408644042585],[-119.76872235593252,35.26331886678364],[-119.75983547793818,35.26327402167163],[-119.75094856419113,35.263139386405115],[-119.74753740483564,35.26304963298814],[-119.74462002659669,35.26304956031173],[-119.73398269145656,35.262959817855446],[-119.72249250371173,35.26287009284045],[-119.69812092565472,35.26269050506902],[-119.69336328025199,35.262645664827026],[-119.68497011629339,35.262645624648954],[-119.6801227383582,35.26260077923948],[-119.67554465837247,35.2626007308534],[-119.67464697126617,35.26260072087137],[-119.66665771107374,35.26251096181715],[-119.66665771107374,35.26156845984428],[-119.66665771107374,35.2585612847107],[-119.66665771107374,35.25815733812873],[-119.66665771107374,35.258022688849486],[-119.66656797233136,35.24994365965323],[-119.66665771107374,35.24527578409744],[-119.6667475381715,35.238408661835],[-119.66679236328655,35.234683334839055],[-119.66679236328655,35.22979107636163],[-119.66679236328655,35.228848525438785],[-119.66683727679978,35.2226546043078],[-119.66688219029867,35.21574261052642],[-119.66688219029867,35.20743916097623],[-119.66692701537096,35.206945524148495],[-119.66697192884132,35.20676592243295],[-119.66701684229739,35.20375872759108],[-119.66701684229741,35.20075154550978],[-119.66701684229743,35.19900115916286],[-119.66701684229743,35.198372749864454],[-119.66701684229743,35.194782091424344],[-119.66701684229739,35.18813936174884],[-119.66697192884135,35.1853117394121],[-119.66697192884135,35.18526681878437],[-119.66697192884135,35.18508728909378],[-119.66697192884135,35.18486291472347],[-119.66701684229739,35.17866901893936],[-119.66706166732693,35.17534763150956],[-119.66706166732693,35.174809056886346],[-119.65799522819177,35.17530279657284],[-119.64973675066176,35.17575159486442],[-119.64309398532656,35.1761107032956],[-119.62594858210079,35.177008327670386],[-119.62285162788021,35.177098089871755],[-119.61629870003337,35.17750205979176],[-119.60687317902718,35.1781752760271],[-119.59960206310882,35.17866899018101],[-119.59462004987343,35.178983176668886],[-119.5926900722068,35.179117877475804],[-119.5892789775362,35.17938710913725],[-119.58519459713837,35.179566683700024],[-119.57980858454773,35.179835935045226],[-119.57976373195585,35.179835978467366],[-119.57868646931668,35.17988087404958],[-119.5780132313309,35.17988086772481],[-119.57787858335276,35.179925738359614],[-119.57756443373248,35.17992569997867],[-119.57680139495557,35.17997058967323],[-119.57671159939943,35.17997062075681],[-119.57648724296503,35.18001549716985],[-119.57128076535673,35.180284765419586],[-119.56589475878548,35.18023990847621],[-119.56064339060755,35.1801950235812],[-119.56019453845865,35.18019505387567],[-119.55844415203937,35.18023995085547],[-119.55696299147222,35.18015011539637],[-119.55462902647092,35.180060360869454],[-119.5543597748191,35.18006041942127],[-119.55364164996173,35.179970640283365],[-119.55364164996173,35.17974616640331],[-119.55368651075013,35.179252459602935],[-119.55382118151371,35.17777130036427],[-119.55386604224587,35.177322540723],[-119.55391090296399,35.176739059558784],[-119.55422510456206,35.17346251042875],[-119.55462902647092,35.16870490981312],[-119.55467388694996,35.16839076333776],[-119.55476369634802,35.1673583980395],[-119.55480855678488,35.16686470423997],[-119.55552667578941,35.158112486525575],[-119.55566134482211,35.15631714788766],[-119.55615507120405,35.15039253825079],[-119.55624487967293,35.148686943196324],[-119.55637945954884,35.14738537690072],[-119.55709765915367,35.13787011953166],[-119.55741185375747,35.13427938934991],[-119.55750157295735,35.13338176943715],[-119.5579054856211,35.127861168658576],[-119.55795043355353,35.12736740102399],[-119.55808510030587,35.125976018644494],[-119.55808510030587,35.125527188581216],[-119.5582196784515,35.12498856813493],[-119.55835434495049,35.12337276985744],[-119.55835434495049,35.12283418906905],[-119.55844415203937,35.12171212958063],[-119.55889292119961,35.11596704973626],[-119.5593417774318,35.10986290393565],[-119.56001501490054,35.100572126460094],[-119.56001501490054,35.09976420569655],[-119.5607780548255,35.08997961835617],[-119.56095757742612,35.08769057856618],[-119.55866853679541,35.087825220597296],[-119.55817481908366,35.08782521290621],[-119.55444949593183,35.0880496182048],[-119.54987143538037,35.08827409036163],[-119.5404908165325,35.088812641910465],[-119.53856081590388,35.08890240018302],[-119.53438666935678,35.08912685852169],[-119.53200791168729,35.0893063853314],[-119.5318732204349,35.08930639249128],[-119.52998814911768,35.08944102873617],[-119.5288659973615,35.08948591358608],[-119.52590375780639,35.089665459007755],[-119.52392886800834,35.08975518466736],[-119.52087678463222,35.08993471613873],[-119.51997918401787,35.089979635586666],[-119.51710659429006,35.090159149293825],[-119.50786067353816,35.09065290843373],[-119.50462909908711,35.09083239652528],[-119.50359676792937,35.090922206495584],[-119.50256442937601,35.09101192947584],[-119.50094859181891,35.091101716516114],[-119.49874932415482,35.091281242868966],[-119.49726816761027,35.09141587415477],[-119.4906254807444,35.091819843400444],[-119.49062548074438,35.09065285825505],[-119.4906254807444,35.09051825822101],[-119.49067036120114,35.08481803315593],[-119.49067036120114,35.08338181029037],[-119.490715241644,35.078220216529175],[-119.490715241644,35.077367395821625],[-119.490715241644,35.07718790201158],[-119.48990730301604,35.07718794193724],[-119.4879324507559,35.07714301661975],[-119.48200790898537,35.07705327289554],[-119.48173860988291,35.077053228268745],[-119.48155907686915,35.07705324922782],[-119.4811102433588,35.077053223407006],[-119.48066140845448,35.07700831897728],[-119.48016768844971,35.077008331605064],[-119.47271706562063,35.07687369422679],[-119.47271706562063,35.07319324795775],[-119.47271706562063,35.07175697746612],[-119.47271706562063,35.07059005274557],[-119.47271706562063,35.06771747994272],[-119.47271706562063,35.067493062233716],[-119.47267217958743,35.061433832621695],[-119.47267217958743,35.05999759981531],[-119.47267217958743,35.05375879218112],[-119.47267217958743,35.04877679000112],[-119.47267217958743,35.046936534916114],[-119.47267217958743,35.04159543341235],[-119.47267217958743,35.038184283508734],[-119.47267217958743,35.03652363521108],[-119.47267217958743,35.03360620018754],[-119.47267217958743,35.02489883537307],[-119.47267217958743,35.02202630641337],[-119.47267217958743,35.021801925731864],[-119.47267217958743,35.019153760718844],[-119.47267217958743,35.01749313794827],[-119.47267217958743,35.01601196996358],[-119.47267217958743,35.01542844713333],[-119.47267217958743,35.010491341142014],[-119.47267217958743,35.01031176712584],[-119.47267217958743,35.0066313790675],[-119.47267217958743,35.001290217449295],[-119.47267217958743,34.99998860350543],[-119.47249263531548,34.995634970448585],[-119.47249263531548,34.995455442829055],[-119.47253752140433,34.98409991356007],[-119.47253752140433,34.978444651024446],[-119.47258240747931,34.975078437454265],[-119.47258240747931,34.97471937547039],[-119.47258240747931,34.97427052674288],[-119.47258240747931,34.96637106222731],[-119.47258240747931,34.95990785717833],[-119.47253752140433,34.947879160552034],[-119.47253752140433,34.947744480745676],[-119.47253752140433,34.94738538481572],[-119.47253752140433,34.947250781089096],[-119.47262729354034,34.94590426813625],[-119.47262729354034,34.94581453089587],[-119.47262729354034,34.94285222910834],[-119.47262729354034,34.942717541755805],[-119.47262729354034,34.942627801295735],[-119.47267217958743,34.9421340727831],[-119.47267217958743,34.937915070961616],[-119.47267217958743,34.93540155401026],[-119.47271706562063,34.92220588925986],[-119.47271706562063,34.92126331618645],[-119.47271706562063,34.92121843516493],[-119.47271706562063,34.919467980818],[-119.47271706562063,34.91412687262602],[-119.47271706562063,34.9118827676396],[-119.47271706562063,34.91165833865879],[-119.47276195163987,34.90640700974725],[-119.47276195163987,34.90559909020032],[-119.47276195163987,34.901155593929545],[-119.46275299867008,34.9012004736824],[-119.45669372670746,34.901245424040006],[-119.44960219308679,34.90124536916289],[-119.44942262022313,34.90124543454442],[-119.44928794042957,34.90124544491509],[-119.44798638350449,34.901245390104364],[-119.44426104506819,34.9012454165581],[-119.4423310854138,34.90129025078441],[-119.4336236777092,34.90111075677457],[-119.43344417364585,34.9011107679613],[-119.42976371588195,34.901200496392875],[-119.428596771702,34.90120055077387],[-119.42289661479812,34.90120047885545],[-119.40669373409719,34.901200521646125],[-119.40189123567272,34.90120054244814],[-119.40049979250611,34.90111074367524],[-119.39753749525191,34.900931205280756],[-119.3969989376114,34.90093123724861],[-119.39453031633444,34.900931225800164],[-119.39071529365437,34.900931236842695],[-119.38416234264606,34.90093122388909],[-119.38214255649318,34.90093121286768],[-119.38214255649318,34.90075169786387],[-119.38227720977066,34.89639803892688],[-119.38227720977066,34.896083833265095],[-119.38232212369816,34.89186481241821],[-119.38245677681043,34.879656561555855],[-119.38205281710192,34.87970141333803],[-119.3818284240892,34.8797014480467],[-119.37594863761042,34.879836104567254],[-119.36876732556566,34.87983609659868],[-119.35848905379403,34.87979116012264],[-119.35669370008154,34.879791180372514],[-119.35642443500267,34.879791212245394],[-119.35382124797154,34.87979119157365],[-119.35072429907765,34.87979115222757],[-119.34529340522379,34.87979116170936],[-119.3452036432886,34.8797912128142],[-119.33833647133112,34.87979119417036],[-119.33375841497777,34.879746309023275],[-119.32967400432432,34.87974627775837],[-119.31023955696831,34.87970141460952],[-119.29672970544685,34.87970144984858],[-119.29435087733418,34.879656530397185],[-119.28905459662943,34.87965656124012],[-119.28169379138684,34.87965650429148],[-119.27913538362621,34.879656523623716],[-119.2771156641659,34.87965650596887],[-119.27693614600655,34.87965653117302],[-119.27725032480555,34.876335181541165],[-119.27725032480555,34.87602100362759],[-119.27734012804765,34.87498863662546],[-119.27751964571814,34.87225078304662],[-119.27778896614184,34.86722382178604],[-119.2780581974262,34.86264574073493],[-119.2780581974262,34.86197255523925],[-119.2781031431347,34.8617031795865],[-119.27823771422774,34.85945909026372],[-119.27832751687212,34.85725975367138],[-119.27514077516284,34.85730468839275],[-119.26450347557478,34.8573944511084],[-119.25682838401634,34.857439333278116],[-119.25642443485498,34.857439335832396],[-119.25094875854799,34.857484169074475],[-119.25018569269378,34.85748419850756],[-119.24363270592225,34.857573973330446],[-119.24363270592225,34.85052732415706],[-119.24363270592225,34.84774455738553],[-119.24363270592225,34.84662242964275],[-119.24363270592225,34.843480581968294],[-119.24363270592225,34.84325619306931],[-119.24363270592225,34.839216711524216],[-119.24363270592225,34.83540161093503],[-119.24363270592225,34.83414489705211],[-119.24363270592225,34.83217000331308],[-119.24363270592225,34.828803762648],[-119.24363270592225,34.818301071171774],[-119.24363270592225,34.81417185093914],[-119.2317386322859,34.81408206814273],[-119.22199899512434,34.813992322351574],[-119.21324672075643,34.813902561661614],[-119.20754657637691,34.81385760383073],[-119.20162199217773,34.813767834023274],[-119.20126295119061,34.813767861518464],[-119.20045501712758,34.81376786452571],[-119.1796740322527,34.81358834466663],[-119.17190924226723,34.81354346947199],[-119.17078719168134,34.81349855066743],[-119.15507804889306,34.813363920928715],[-119.1548535788728,34.81336394217507],[-119.1457871950583,34.81331901355068],[-119.14470993574248,34.81331907303555],[-119.13887515776078,34.81331906661696],[-119.13613728277775,34.81331903929594],[-119.13245680143322,34.81336390930375],[-119.12971898768016,34.81336388074993],[-119.1270708402523,34.81327417798201],[-119.12639757052978,34.81322924389573],[-119.12594872238394,34.81318437634767],[-119.11481769688885,34.81295997895662],[-119.11216955512151,34.81291511800814],[-119.11046397788347,34.81291506803275],[-119.10916237294086,34.81287024757582],[-119.10673867419088,34.8129599758423],[-119.10584103760671,34.81295999431375],[-119.10462921092004,34.81296000411255],[-119.10319291662103,34.81295994951575],[-119.10207088822462,34.81291504978099],[-119.10103849406936,34.81291508198857],[-119.10090385273918,34.81291511720601],[-119.10023064429765,34.81291505902291],[-119.09928805870976,34.81291508517206],[-119.09825573439228,34.81287017570128],[-119.09767224749011,34.812870214364104],[-119.09681946856435,34.812870231130205],[-119.09466513312307,34.812825322414845],[-119.08636170925139,34.812645784154704],[-119.08613731488624,34.812645748191905],[-119.085104990027,34.81264578875519],[-119.08187340401332,34.81264574988344],[-119.06634377409067,34.81255599855559],[-119.05216065675255,34.812466246606405],[-119.04614625951054,34.81246624935317],[-119.04565251458844,34.81246623703276],[-119.04515885686017,34.81242137299586],[-119.0352396393745,34.812376486836044],[-119.03115527266792,34.81237647708058],[-119.03093079716474,34.81237646323161],[-119.02370460596718,34.81233161917501],[-119.01320196669167,34.81233158399988],[-119.0108680381234,34.81228672954568],[-119.01077825385381,34.81228668459306],[-119.01059868515718,34.81228674877063],[-119.00929711666186,34.81224182380689],[-119.00763639304189,34.81219692008409],[-119.00094882387151,34.81206228866129],[-119.00081418316758,34.81210714968477],[-119.00067945353258,34.812107194967766],[-119.00045511111006,34.81215205490775],[-119.0003204699742,34.81215207663907],[-119.00027553036041,34.81215209922344],[-119.00014088906744,34.81219695950302],[-119.00009603821482,34.8121969589392],[-119.00005109853552,34.81219698142898],[-118.98757361329395,34.8121969453231],[-118.98510499696803,34.81219696797902],[-118.97680158316531,34.81219692690081],[-118.97671177903811,34.81219700372854],[-118.97671177903811,34.81161347165574],[-118.97671177903811,34.80734955855407],[-118.97671177903811,34.80645190336821],[-118.97671177903811,34.79262785207557],[-118.97671177903811,34.79065296821571],[-118.96953047760299,34.79065294754024],[-118.9645035279338,34.790652959158926],[-118.96306734079955,34.79065297175826],[-118.96284285484849,34.79060811327375],[-118.96023961130768,34.79060814212379],[-118.95992548504717,34.79060806227745],[-118.95521271508318,34.79060810419815],[-118.95444967153793,34.79060810244187],[-118.94161311493224,34.79060808834857],[-118.94156824708871,34.790608053798444],[-118.94138868673755,34.79060809284967],[-118.93676571357142,34.79060812260254],[-118.93663101694752,34.790608112191634],[-118.92882134506318,34.79060811799937],[-118.92711577316165,34.790608063273],[-118.9262181523425,34.79060804816521],[-118.9213258411983,34.7906080566942],[-118.89839049454585,34.790608053287485],[-118.89753767760047,34.79060810566226],[-118.89726839408301,34.7906080808136],[-118.89708887147994,34.7906080895675],[-118.89479985131943,34.79060809758723],[-118.89439582991086,34.79060807125588],[-118.89394701475797,34.7906081174202],[-118.89233126952703,34.79060804960055],[-118.89215174124732,34.79060804893525],[-118.89210685914513,34.7906080680269],[-118.89147841948478,34.790608124306154],[-118.8908949486356,34.79060813491534],[-118.89080518369613,34.790608094632105],[-118.8820978283826,34.790608082989706],[-118.88191828834826,34.79060806279957],[-118.88187340330745,34.79060807701121],[-118.8813797558903,34.79060805445112],[-118.88164897791033,34.79123650506051],[-118.8820978283826,34.792134158953864],[-118.88281598645901,34.79361523715883],[-118.88348925666055,34.795006682735526],[-118.88380344842933,34.79563504136533],[-118.88438685687372,34.79684689611142],[-118.88470104683891,34.797520110257196],[-118.88681059168142,34.80187378520733],[-118.88690035891561,34.80200845004105],[-118.88905475706805,34.80649679894102],[-118.88918940596646,34.80672117340358],[-118.88923428890679,34.806810973661314],[-118.8896382347897,34.80766373184283],[-118.89304938058233,34.81471042528547],[-118.89462032587758,34.817986872580434],[-118.89448559278662,34.81798690207616],[-118.89331867137675,34.817986924625856],[-118.89264544352,34.81794200262355],[-118.89134377255915,34.817852294070605],[-118.89013194500617,34.81771762466783],[-118.88954846912819,34.81767270409878],[-118.8893240547488,34.81767275377436],[-118.8846561625968,34.817627855066455],[-118.88438685687372,34.81767270727687],[-118.88420731946728,34.81767272176499],[-118.88411763956681,34.81767266728355],[-118.88398298629947,34.81771760433114],[-118.88380344842933,34.81776248674138],[-118.88330971822356,34.81789710987463],[-118.88317506426053,34.817942046068126],[-118.88295064073118,34.81794200369081],[-118.88277110167584,34.817897146897934],[-118.88232225313573,34.81776245251783],[-118.88227736821084,34.81776247451889],[-118.88173874810782,34.81780737437724],[-118.88196317337615,34.8175829194792],[-118.88272621687979,34.81681992377012],[-118.88304041018158,34.816505761117966],[-118.88326483358213,34.8161915644047],[-118.88344437207061,34.815967128271225],[-118.88375856392958,34.81551827687753],[-118.88384833291617,34.8153836233669],[-118.88393810185127,34.81520409985528],[-118.88402787073478,34.81502457609934],[-118.88411763956681,34.8148001820833],[-118.88420731946728,34.81457581065388],[-118.88434197254143,34.814216705937525],[-118.88452150979327,34.813812785067086],[-118.884566394074,34.8137230222637],[-118.884566394074,34.8135883336104],[-118.8846561625968,34.81331906643507],[-118.8846561625968,34.8131395065534],[-118.88470104683891,34.81291513095346],[-118.88470104683891,34.812421396248766],[-118.88470104683891,34.8121969634628],[-118.8846561625968,34.811792989051405],[-118.88461127834184,34.8115685760107],[-118.884566394074,34.811344162261015],[-118.88447662549962,34.81089533263475],[-118.88434197254143,34.810356776779024],[-118.88425220383824,34.81008743038865],[-118.88411763956681,34.80981815771001],[-118.88402787073478,34.80963863135989],[-118.88366879489143,34.80901026564477],[-118.8833994874678,34.80865116905797],[-118.88313017958042,34.80829206905542],[-118.88281598645901,34.80797793619922],[-118.88254667756676,34.80766378067854],[-118.88173874810782,34.806945592722826],[-118.88093090335748,34.80627239153527],[-118.88057182040396,34.80595817663825],[-118.88021273662625,34.805644035101],[-118.88012296555306,34.805554241548606],[-118.87774419111288,34.80357935189305],[-118.87729532815075,34.803220333801995],[-118.87711578260546,34.80322031857359],[-118.87698112331131,34.80322028761683],[-118.87671189325968,34.80322027939395],[-118.87657723361806,34.8032203251016],[-118.87594882042545,34.803175426007186],[-118.87092186852153,34.80313057478528],[-118.86715174872147,34.803220321353166],[-118.86661307658282,34.803220293812956],[-118.86270827046623,34.80317538422219],[-118.8610924693779,34.80322026072236],[-118.85902782524853,34.80326515692089],[-118.8585789975679,34.80326520134402],[-118.85458438355072,34.803265191095456],[-118.85440490088799,34.80326518687073],[-118.85413554316371,34.80326521432495],[-118.85400095302535,34.81596715925377],[-118.85400095302535,34.81681991191175],[-118.85400095302535,34.817358516812575],[-118.8540457571529,34.817403408519716],[-118.85418043614982,34.81767272257796],[-118.85422532912311,34.81776246786056],[-118.85418043614985,34.817762476457844],[-118.85400095302535,34.81776248767313],[-118.84358800272645,34.81776244543432],[-118.84358800272645,34.81771756554469],[-118.83757360095744,34.81753809120365],[-118.83658620358318,34.81749320272567],[-118.83568850765369,34.817493209180206],[-118.8346561999053,34.81753806430576],[-118.83425229020817,34.817493205060266],[-118.83290576888596,34.81749320528256],[-118.82783396120016,34.81749317398025],[-118.82532049120115,34.817493201479145],[-118.82083217291543,34.817493168344186],[-118.81872263075587,34.81749318553426],[-118.81149644599779,34.81758293305083],[-118.80871363601044,34.81758297332781],[-118.8029685945246,34.81762785223078],[-118.8029685945246,34.81771763476662],[-118.80242996950747,34.81771760588186],[-118.80103862421423,34.81771758492865],[-118.79960235815925,34.817717603208585],[-118.79915353901677,34.81771759047035],[-118.7987047186011,34.81771757559141],[-118.7984802634516,34.81771761744055],[-118.79821098799476,34.81771761771393],[-118.7966400571481,34.817717590628384],[-118.7956974911552,34.81771759269638],[-118.7950691107083,34.817717614586435],[-118.79484473933297,34.817717624852484],[-118.79466518864545,34.81771760006573],[-118.79363287940419,34.817717596110846],[-118.79269029550639,34.81771764532802],[-118.79071546666981,34.817717626236096],[-118.79067055561327,34.81771760451104],[-118.78815711694193,34.817717564081235],[-118.78690038265421,34.817717634601266],[-118.78690038265421,34.8178073487408],[-118.78618223159589,34.81780739621471],[-118.78568855088193,34.81780735000531],[-118.78555390233531,34.817807332010595],[-118.78479092138934,34.81780732179833],[-118.78407276077373,34.817852249636054],[-118.78321994637605,34.817852254435635],[-118.78146947909477,34.817852269143856],[-118.77980882079943,34.81785222782562],[-118.77805840481301,34.81789713157806],[-118.77648745205877,34.81789711038178],[-118.7763527957008,34.81789715657376],[-118.7746472572008,34.81794202680655],[-118.7728519571269,34.817942038907624],[-118.7710565478111,34.8179420396537],[-118.76962036584568,34.817986874807225],[-118.76935104136827,34.8179868702192],[-118.76760059902828,34.81798689175236],[-118.76688244957515,34.817986924413866],[-118.76585013740589,34.8179868807283],[-118.76414457508254,34.817986871481494],[-118.7623940754028,34.81798687345998],[-118.7606436454031,34.81798689728007],[-118.75893811618757,34.817986925366085],[-118.75866877361331,34.81798689020675],[-118.75736715229685,34.81798692651521],[-118.75247492499538,34.81803179044211],[-118.74915351886584,34.81803175814939],[-118.74892917156585,34.81803179106468],[-118.74771731706822,34.81803177739064],[-118.74722360581097,34.81803173904071],[-118.74646052979938,34.81803178265892],[-118.74399193875335,34.81803176392452],[-118.74322893623065,34.81803175847195],[-118.74058086126087,34.81803179075766],[-118.73829179378386,34.81803175018112],[-118.7333097492355,34.81803177464329],[-118.73102066644438,34.81803176626275],[-118.7282827984942,34.81803182475228],[-118.72653234978628,34.81803181882649],[-118.72545520264592,34.81803180696135],[-118.72334563872242,34.818031768465154],[-118.72186454113208,34.818031811928385],[-118.72083220435145,34.81803174720231],[-118.72033849891977,34.81807669097158],[-118.71957547235391,34.818031788707984],[-118.71468315423355,34.818076667451024],[-118.71450369106114,34.81807667627761],[-118.71365086009773,34.81807665601589],[-118.71073349433632,34.818076684262465],[-118.71046415939622,34.81807664303645],[-118.7101050454383,34.818076689949095],[-118.70988064329474,34.81807670715187],[-118.70875862786187,34.818076630521546],[-118.70768136108325,34.818076647478634],[-118.70637976899569,34.81807663812363],[-118.70521279390069,34.81807668926294],[-118.70364192434226,34.81807663950049],[-118.70211588644108,34.81807665029753],[-118.70198116729557,34.81807666752665],[-118.70198116729557,34.817986906389194],[-118.70085909656791,34.817986889599524],[-118.6997370179908,34.818031779295964],[-118.69870471656493,34.81803181276688],[-118.69767240849728,34.81803175760239],[-118.69762756020728,34.81803174601201],[-118.69753777460491,34.81803174560125],[-118.69749283729247,34.818031756780805],[-118.69659524521028,34.81803175635088],[-118.69565271028051,34.818076678638235],[-118.6942613221288,34.81807663124698],[-118.69282498329943,34.81807664957193],[-118.69269034534142,34.818076707993136],[-118.69255570727057,34.81807668890377],[-118.69174778748693,34.81807667047117],[-118.69098480278566,34.818076637040406],[-118.69085016328499,34.81807669283045],[-118.69076037389232,34.81807668598047],[-118.68954852364138,34.81807665986515],[-118.68914460118941,34.81812151129922],[-118.68883037925387,34.818121547249234],[-118.68613744270162,34.818121505945726],[-118.68313022795128,34.81812155917745],[-118.68277114182006,34.81812155640921],[-118.68241205488698,34.81812155227131],[-118.68236720233642,34.818121533434166],[-118.68232234977336,34.81812151457564],[-118.68223255561641,34.818121576939326],[-118.68218770301579,34.81812155801664],[-118.68214276140934,34.81812156189437],[-118.68182861477995,34.81812155165336],[-118.681379820103,34.81812150532641],[-118.68129002541987,34.818121566791476],[-118.68124517255634,34.81812154741963],[-118.68120023068656,34.81812155084745],[-118.68048213799813,34.818121506397674],[-118.66086813208382,34.81812157019645],[-118.66086813208382,34.818166423460205],[-118.65575141774411,34.81816646008111],[-118.65485377087401,34.818211335657296],[-118.65054499643237,34.81816641442122],[-118.6492882489016,34.81821132072399],[-118.64740315378332,34.818211314505355],[-118.64659527457626,34.81821130482282],[-118.64583225405894,34.81821132445511],[-118.64574243957775,34.818211352073234],[-118.64340849175812,34.81816647622595],[-118.64336362835785,34.81816643881139],[-118.64327390152005,34.81816644125971],[-118.64197223366901,34.81816643332299],[-118.63945877357888,34.81816647384926],[-118.63941390908313,34.818166434551856],[-118.63936904457496,34.81816639523306],[-118.63932418005433,34.81816643323634],[-118.63600274671145,34.818166456968505],[-118.63461137774362,34.818166474610834],[-118.6290907387158,34.818166438388886],[-118.62725054324935,34.81816646811604],[-118.62653238863679,34.818166430794754],[-118.62617335464941,34.81821133889748],[-118.62576936256673,34.81821135986149],[-118.62567962597804,34.81821134556751],[-118.62563475766508,34.818211299713454],[-118.6255898893397,34.818211331188],[-118.6254551952645,34.81825623394202],[-118.62518589580304,34.818256212755834],[-118.6250063329053,34.81825620579575],[-118.6233906139796,34.818301054931304],[-118.62267244226929,34.818301066118416],[-118.6215952232544,34.81825623583974],[-118.6210117414721,34.81825619992399],[-118.61629902980887,34.818211307925594],[-118.61616432801931,34.81821133435921],[-118.60970118170515,34.818166439508545],[-118.60961143623172,34.81816640987464],[-118.6095664744432,34.81816645646787],[-118.60795069086237,34.81816646285483],[-118.6057514436365,34.81812157413747],[-118.60561682213631,34.81812156264967],[-118.60341754333861,34.818121564710715],[-118.60337257983684,34.818121530975255],[-118.60126310985842,34.81816644270536],[-118.60112848464283,34.818166424838196],[-118.59987171014252,34.81816642021256],[-118.59928823937565,34.818166458683166],[-118.59910873688463,34.81816645684054],[-118.59906386123095,34.81816639830438],[-118.59897402084735,34.818166458648236],[-118.59892914515653,34.818166477410614],[-118.59883939373772,34.81816643750844],[-118.59870476651668,34.818166416176176],[-118.59825591926946,34.81816646958344],[-118.59776219477168,34.818121590951314],[-118.59035650381125,34.81803178749859],[-118.59022178053276,34.81803177667403],[-118.58784304595423,34.81803179046244],[-118.58779816719621,34.81803180388452],[-118.58757368417538,34.81803181605169],[-118.58743904764174,34.81803177850048],[-118.58703513737346,34.81803174206021],[-118.58559882577747,34.8180318072871],[-118.58205304988337,34.81803177969118],[-118.58151448484868,34.81803175149857],[-118.58124520166459,34.818031736247285],[-118.580706544914,34.81803180354646],[-118.57962940417704,34.81803180605311],[-118.57913562324644,34.81803177746608],[-118.57738516003836,34.81803175915313],[-118.57334567437675,34.81803175940299],[-118.57325590887271,34.818031772410535],[-118.57312126052418,34.81803179176147],[-118.57298661206462,34.81803181091993],[-118.57276219771873,34.81803176504764],[-118.57262754896321,34.818031783692795],[-118.57199918663648,34.81803179078295],[-118.57186453725201,34.8180318083374],[-118.56971013200827,34.81825622341058],[-118.56962036450666,34.818256233077456],[-118.56751090308103,34.81812154349796],[-118.56549109519442,34.81803177731463],[-118.5654013253759,34.818031782836464],[-118.56414463179986,34.818031751052764],[-118.56392020531324,34.818031761488704],[-118.56365089312281,34.81803177330601],[-118.56347135141617,34.81803178075642],[-118.56338158048892,34.818031784353295],[-118.56311235647026,34.8180317719046],[-118.5623493003436,34.818076677423846],[-118.56131701368427,34.8181215597289],[-118.5612721276357,34.818121560536206],[-118.56122724157483,34.818121561322116],[-118.56118235550161,34.818166442945476],[-118.56109258331826,34.81816644443515],[-118.56104769720811,34.818166445147895],[-118.56095792495087,34.81816644650923],[-118.56091303880379,34.81816644715782],[-118.56086815264442,34.818166447785],[-118.56077838028867,34.81816644897521],[-118.56068860788362,34.81821133105264],[-118.5605539491838,34.81821133258637],[-118.56050906292589,34.81821133305487],[-118.56046417665564,34.81821133350193],[-118.56032951777111,34.81821133471483],[-118.56028463145167,34.81821133507634],[-118.56014997241934,34.81825621713166],[-118.55997051593091,34.81825619543325],[-118.55983585664015,34.818256195977554],[-118.55979097018525,34.81825619611623],[-118.55970119723855,34.81830107752999],[-118.55965631074672,34.81830107761687],[-118.55956653772617,34.818301077726474],[-118.55938699153728,34.818301077688986],[-118.55925233176636,34.818301077436274],[-118.5592074451514,34.81830107730926],[-118.55916255852418,34.818301077160825],[-118.55911767188462,34.81834595833038],[-118.55907278523274,34.8183459581516],[-118.55902789856857,34.8183459579514],[-118.5589830118921,34.818345957729825],[-118.5589381252033,34.81834595748687],[-118.55889332756311,34.81834593449986],[-118.55884844084974,34.81834593421413],[-118.55880355412403,34.81834593390704],[-118.55871378063567,34.818345933228656],[-118.55862400709812,34.81834593246469],[-118.55848934669943,34.81834593115834],[-118.55830979932882,34.81834592911705],[-118.5571877128625,34.81834596326564],[-118.55691838959126,34.81834595635352],[-118.55575149508812,34.81834594944463],[-118.55521284337762,34.81834600402007],[-118.55467427895847,34.81839083795707],[-118.55458450320587,34.81839083336772],[-118.5544498394847,34.81839082632323],[-118.55382149638552,34.8183908455687],[-118.55238524908897,34.818390858199315],[-118.55166703165371,34.81839087901887],[-118.55103867788029,34.81839087970054],[-118.54946782743795,34.81839081301491],[-118.54933315951101,34.81839087604096],[-118.54825590117852,34.81839088628726],[-118.54812132132261,34.81839084748033],[-118.54762762339341,34.81843572596806],[-118.54726850464395,34.81843575771639],[-118.54699925413301,34.818390815233265],[-118.54690947417528,34.81839080332814],[-118.5467299141123,34.81839085664859],[-118.54637088246419,34.81839086216277],[-118.54628110216237,34.8183908496587],[-118.5461913218114,34.81839083706904],[-118.54614643161749,34.81839083074212],[-118.54533849509369,34.818435730364136],[-118.54421640886034,34.81839085725322],[-118.54381248087637,34.818390845747444],[-118.54295973085813,34.81834592391287],[-118.54228645246143,34.81834593554236],[-118.54165806273626,34.818345950859474],[-118.54138880301474,34.81830106798313],[-118.54107465126934,34.81830106173066],[-118.53887530499684,34.81834594367644],[-118.53784304860305,34.818345953706014],[-118.5373942123417,34.818345981637904],[-118.53699026756456,34.81834594076398],[-118.53694537485322,34.81834593003913],[-118.53690048212961,34.81834599668507],[-118.53654142897183,34.818301077057],[-118.53425232415803,34.818256186057205],[-118.52837269078108,34.8181215361799],[-118.52796872382139,34.818121533453976],[-118.52787893345602,34.81812158065502],[-118.51953062041949,34.81798690095735],[-118.51930622198167,34.81798693712057],[-118.51926132444092,34.81798691786683],[-118.51908182323794,34.81798689534837],[-118.51903692563597,34.81798687598766],[-118.51665813696432,34.81798693087296],[-118.51091301974542,34.81794198791078],[-118.51086820900365,34.817942019364395],[-118.50229541388919,34.81789717463655],[-118.49309440012475,34.81785226894043],[-118.49260062619626,34.81785225982531],[-118.49255581048158,34.81785220513287],[-118.49242109597375,34.81785226376186],[-118.4895934915188,34.81785223626282],[-118.48452166225117,34.8179869368365],[-118.48057193756493,34.81807667965181],[-118.4795396724236,34.818121558451814],[-118.47792385492014,34.81816639624615],[-118.47783403731604,34.81816647319492],[-118.47760967130255,34.8181664650374],[-118.477340306938,34.818166439810284],[-118.4768466641933,34.8181664586026],[-118.4761733830165,34.818211297658756],[-118.47563482738938,34.81821127048004],[-118.47558991797273,34.81821130788694],[-118.47527572992772,34.818166464440466],[-118.47509618090497,34.81816643570762],[-118.47415361217314,34.818211283239805],[-118.47217872706072,34.81825617255812],[-118.47110158808762,34.818256224596645],[-118.47047319438163,34.818256238559016],[-118.46836370954911,34.818256202597816],[-118.46724163411076,34.818256167039735],[-118.46701716464571,34.81825623385406],[-118.46697234200474,34.81825616709355],[-118.46688251846511,34.818256233656456],[-118.46683769578776,34.818256166831844],[-118.46679278398759,34.818256200059835],[-118.4665684030259,34.818256165731185],[-118.46607463908622,34.81825622843016],[-118.46540140326479,34.81825621878348],[-118.46499746046051,34.81830104058906],[-118.46463833995644,34.818301098752094],[-118.46392027484087,34.81830108825358],[-118.46297773168726,34.818345959972454],[-118.46248395706166,34.818346004127875],[-118.4620351831804,34.81834599208691],[-118.46194535696789,34.8183459765667],[-118.46190053295673,34.818345984843944],[-118.46181070667136,34.81834596919532],[-118.46154140575061,34.818345953875266],[-118.46136193096977,34.81834595394763],[-118.46118236688116,34.818345976322],[-118.46055402471256,34.818345979258616],[-118.45979093911642,34.818390821679316],[-118.45916259168159,34.818390892938964],[-118.45871380882166,34.81839086520195],[-118.45813028235203,34.818390845374815],[-118.45808545731089,34.818390851849635],[-118.45781615034767,34.818390825956136],[-118.45714288102907,34.81834592583731],[-118.45705314128573,34.81834596044214],[-118.45700822683786,34.81834598903279],[-118.45691848702174,34.81834594607921],[-118.45642469437571,34.81834595848227],[-118.4560208188445,34.818345966912624],[-118.45593098937834,34.81834594565803],[-118.45584124898026,34.81834597910893],[-118.45377658262167,34.818301121220244],[-118.45359709944975,34.81830110645267],[-118.44928828661753,34.818435755963996],[-118.44915362606206,34.81843573057777],[-118.4468197300993,34.81843569003435],[-118.44641574210962,34.81843575758369],[-118.44578743322724,34.81843571719203],[-118.4457425157354,34.81843574043909],[-118.44372273114507,34.81852550894593],[-118.44367790221897,34.81852550860397],[-118.44358815520741,34.818525453049396],[-118.44349831902424,34.818525497475385],[-118.44345349003773,34.818525497026656],[-118.44242117228194,34.81852548787487],[-118.44237625388143,34.81852550954245],[-118.44085026879861,34.81857036593812],[-118.44067068255326,34.8185703494698],[-118.44058093392033,34.81857036851252],[-118.44026676876163,34.81866011886533],[-118.43618238951035,34.81870506161832],[-118.43353422295911,34.81874996164009],[-118.43250193285161,34.81879481608293],[-118.43218775245734,34.81874995075906],[-118.43205307807017,34.81874990118979],[-118.43182865022625,34.818749939675925],[-118.43160431120974,34.81874987756569],[-118.43155938989246,34.81874989413997],[-118.43021290344011,34.81874993248291],[-118.42864197398178,34.818749905041095],[-118.42720570813765,34.818749908101644],[-118.42684668431045,34.81874993286032],[-118.42644273701514,34.8187948106368],[-118.42572459617165,34.81879479834128],[-118.42383942832748,34.81879479691042],[-118.42280716735243,34.818794761678504],[-118.4227622436662,34.81879477407229],[-118.42199925222853,34.818794800592364],[-118.42137085128796,34.81879483109522],[-118.42042833457819,34.8187947689348],[-118.41863304569365,34.81879477305054],[-118.4173313801045,34.81883969234729],[-118.41571558210694,34.818839647196356],[-118.41405493159608,34.81883971489044],[-118.41396516864268,34.81883970873201],[-118.409431943111,34.81892947488497],[-118.40920748486162,34.818929459744],[-118.40548221839043,34.81897431952332],[-118.40543729004742,34.81897432370833],[-118.39672996741454,34.81910900742137],[-118.39664019516826,34.819153833157216],[-118.39605671896962,34.81915382851243],[-118.39556301361084,34.81915384385642],[-118.3923314274026,34.81915387954463],[-118.3913439932885,34.81919871829769],[-118.38793286115676,34.8191987585731],[-118.3878879281082,34.81919875445346],[-118.38739419869883,34.819198727141014],[-118.38353426875258,34.81924364451735],[-118.38317524038375,34.81924363630489],[-118.38137990871189,34.819243619886784],[-118.38120034774214,34.81924362313794],[-118.37994359389309,34.81924366862667],[-118.37931521344252,34.819243607621026],[-118.37913573942319,34.81924366182711],[-118.37751992967151,34.81924365003157],[-118.37558990689833,34.81924360582353],[-118.37500644667458,34.81928853511174],[-118.37235829284545,34.81928849762856],[-118.37029366507808,34.819288553032855],[-118.36975512438843,34.81928853087437],[-118.36665812531496,34.81928851148984],[-118.36593999572243,34.81928852025744],[-118.36580535722831,34.81928850878729],[-118.36320217656781,34.81933342823261],[-118.36154145200346,34.81933339227573],[-118.36006029479411,34.81933344180273],[-118.35745711451082,34.819333400883494],[-118.35732246923583,34.819378236248575],[-118.35718782385324,34.81937829001851],[-118.34399205488454,34.819423150328234],[-118.34376768757289,34.81942316730864],[-118.3435881756737,34.81942315402517],[-118.34345351932993,34.819423188217],[-118.34242120991264,34.81942317065523],[-118.3369903345086,34.819512902148794],[-118.33694538786668,34.81951295130873],[-118.33523981449996,34.819557819962796],[-118.33506029354172,34.81955779058592],[-118.33223270183544,34.81960268031908],[-118.32985383531708,34.8196475975148],[-118.32689157625327,34.81969247720823],[-118.32630812595234,34.819737307118615],[-118.32626317647247,34.81973735124975],[-118.32451272385633,34.81978226248736],[-118.32231346190262,34.8197822073502],[-118.32226860055017,34.81978222705791],[-118.32208906583394,34.81982711905237],[-118.32181971880891,34.81982712648927],[-118.32172999583067,34.819827087945136],[-118.31746604827387,34.81987198007319],[-118.31737632299085,34.81987201490399],[-118.31333685227352,34.819961748371774],[-118.31311235513077,34.81996179314124],[-118.31297776373347,34.81996176171804],[-118.31293289991065,34.81996177703327],[-118.31252894658599,34.819961726466865],[-118.3108682593015,34.82000662503459],[-118.31023988931247,34.82000665869849],[-118.30884845848855,34.82005157054917],[-118.30871386370958,34.820051533111524],[-118.30866890956484,34.82005156894373],[-118.30853431464355,34.82005153124971],[-118.30768152088314,34.820051558970675],[-118.30709800447501,34.82005155902483],[-118.30413570460594,34.82005154874161],[-118.30400110609179,34.820096377725406],[-118.30391128449251,34.820096422383294],[-118.30166715625293,34.82009637576418],[-118.29933326355919,34.820096371013456],[-118.29924343949277,34.820096411225414],[-118.29664021574345,34.82009641490635],[-118.29650561129372,34.82009643757763],[-118.29632604932715,34.820096412513614],[-118.29506928865695,34.820096414984036],[-118.29444094944098,34.82009639868231],[-118.29412677896272,34.82009638896109],[-118.2905809475723,34.82009642241228],[-118.29049120808858,34.820096431781174],[-118.29044633832899,34.820096436433566],[-118.28869587324854,34.820096426220786],[-118.28676590732536,34.82009639524082],[-118.28667616583093,34.82009640097874],[-118.28640685185759,34.8200964401832],[-118.28609266655158,34.8200964036896],[-118.28429728534144,34.82009639188202],[-118.28223265384952,34.82009642818014],[-118.28178384475719,34.8200963794302],[-118.28164922856169,34.82009638089228],[-118.2815594843723,34.82009638176022],[-118.28106571206766,34.82009643000479],[-118.27900113064189,34.820096373042944],[-118.27846247801202,34.82009640683983],[-118.27532063087607,34.82009646018242],[-118.27437810113673,34.8200964467734],[-118.27289698520126,34.82009640345303],[-118.27285211080986,34.820096399732336],[-118.27217881509503,34.820096386342406],[-118.26935115821084,34.8200964561801],[-118.26849843583267,34.820096372259115],[-118.26845356028512,34.820096366444965],[-118.2671967725175,34.82009641747641],[-118.26454871799451,34.82009640136229],[-118.26445887559468,34.820096408438275],[-118.26432424573333,34.820096385163794],[-118.26405498569244,34.82009641555803],[-118.26140688248536,34.82014127349944],[-118.2602847652624,34.82009643011536],[-118.25965638710748,34.820096392044974],[-118.25745708999422,34.820096408387606],[-118.25530273284012,34.820096440576165],[-118.25525785382858,34.82009642848119],[-118.25462945720818,34.820096434434575],[-118.25395617892757,34.820096423485815],[-118.25332786675158,34.82009639828848],[-118.25283410205711,34.82009643125461],[-118.2522506655744,34.82009641212844],[-118.25117345761942,34.82009641366328],[-118.25103881730165,34.82009644894366],[-118.25090417687801,34.820096406505684],[-118.25000648212293,34.82009645125135],[-118.24978208000533,34.820096377957505],[-118.24659535975358,34.82009640986924],[-118.24655047845992,34.820096393629406],[-118.24650559715445,34.82009637736821],[-118.24601190201854,34.8201413186404],[-118.24475512784468,34.82014133605731],[-118.24215187620231,34.820141339084316],[-118.24206211127614,34.82014130237724],[-118.24129910750631,34.82014129703818],[-118.23770845595747,34.820141280242574],[-118.2376635723375,34.82014133731673],[-118.23353431831515,34.820096387249],[-118.23317524029407,34.82009643959272],[-118.23290593128543,34.820141273581655],[-118.23272639171167,34.82014133754446],[-118.22891130986834,34.820141291714734],[-118.22882153801706,34.82014131993711],[-118.22877665207378,34.820141295247986],[-118.22864208341022,34.820141276132546],[-118.22841765334236,34.82014130711934],[-118.2267120644843,34.82014133213014],[-118.22666717799,34.820141306436696],[-118.22455767801371,34.82014127044022],[-118.22451279095684,34.82014132125957],[-118.22410880691764,34.82014131244114],[-118.22006936053045,34.82014132698902],[-118.22002447230206,34.820141298132825],[-118.2198000309845,34.820141308612705],[-118.21912679451653,34.820141314398995],[-118.21544634695515,34.82014128706611],[-118.21477309345624,34.820141339316336],[-118.2123942849912,34.82014126301773],[-118.2113170947356,34.820141284966674],[-118.21127220422495,34.82014132948783],[-118.21019500695265,34.82014126107627],[-118.20992575120535,34.820141269602956],[-118.2091178029454,34.82014133545224],[-118.20813037489769,34.82014131153675],[-118.20687368067651,34.82014127709654],[-118.20624528550604,34.820141303589665],[-118.20552719329083,34.820141309508735],[-118.20548230127204,34.820141273728105],[-118.20462952919146,34.82014132043768],[-118.20409091063888,34.82014132738145],[-118.20247504488772,34.820186153029574],[-118.20243024132448,34.82018617092146],[-118.19816626331276,34.820231092522114],[-118.19381265762689,34.820275906441644],[-118.19282514198,34.82027595574331],[-118.19188260551134,34.82027593696761],[-118.19179290361923,34.82027590759009],[-118.18847149092595,34.8203208135282],[-118.18739432983742,34.820320828773774],[-118.1847911033284,34.82041062146467],[-118.18474620591849,34.820410575882356],[-118.17998853183717,34.820410593318705],[-118.17994363318098,34.820410623008335],[-118.1758593242084,34.820455435432734],[-118.1756349147209,34.82045547392945],[-118.1731214014789,34.82050035431433],[-118.17307650104222,34.820500380760784],[-118.17173001812687,34.82050033169178],[-118.1715505041342,34.82050033472754],[-118.17065284211512,34.8205003671916],[-118.17060794103881,34.82050039246338],[-118.17024891054308,34.82050039392265],[-118.17020400936215,34.820500341438425],[-118.17002449378892,34.8205003415701],[-118.1693512417831,34.82054524609881],[-118.16926143894455,34.82054521784245],[-118.16921653750782,34.820545242464306],[-118.16885750413027,34.82054523872526],[-118.1687228887389,34.82054521197768],[-118.16845356837489,34.820545257878436],[-118.16715195153137,34.82054527469512],[-118.16688262872738,34.82054523854586],[-118.1667929138788,34.820590095868525],[-118.164728209779,34.82059017558521],[-118.16243923307759,34.82063500652356],[-118.1623494266603,34.820635049301764],[-118.16015013691256,34.820635048578175],[-118.15992570709335,34.82063504994729],[-118.15988080324027,34.82063499258239],[-118.15893826600566,34.82063498964666],[-118.15808553232421,34.82067992888884],[-118.15673902232015,34.82067987758976],[-118.15611062360603,34.82067991510131],[-118.15606580804052,34.82067991110375],[-118.15579646803363,34.82067992108864],[-118.15566184251067,34.82067987580874],[-118.15561693755508,34.82067989399537],[-118.15485390863287,34.82067987759933],[-118.15480900346847,34.820679895401454],[-118.15467437718034,34.82067992628299],[-118.15341765181847,34.8206798696469],[-118.15220582321696,34.82072477153561],[-118.14901908613044,34.82076963006366],[-118.14897417945859,34.82076964511324],[-118.14848047313684,34.820769664499565],[-118.14511421573783,34.82076964631187],[-118.14462049846088,34.820769645497336],[-118.14156843751198,34.82076966460949],[-118.14134407298518,34.820769677141314],[-118.14008734058885,34.820769653935216],[-118.1381124953344,34.82076966271117],[-118.13568879507041,34.8207696512261],[-118.1329508642746,34.820724820834215],[-118.13115558332397,34.82072473124962],[-118.1308413827032,34.82072480937243],[-118.1308413827032,34.82094917652546],[-118.12810346507234,34.82094918308661],[-118.12801373021966,34.82094917097621],[-118.12792390603234,34.8209491811555],[-118.1278341710873,34.82094916887431],[-118.12756487668663,34.82094923147673],[-118.12639786995443,34.820949172592336],[-118.125814452951,34.8209940366417],[-118.12285215740276,34.8210389217724],[-118.1198898115925,34.82103894780547],[-118.11445895192281,34.82103899173584],[-118.11445895192281,34.821128762761965],[-118.11320220444976,34.82112872731922],[-118.10427041130609,34.821218510340024],[-118.10000652534319,34.82126338560203],[-118.09901910218038,34.82130823903339],[-118.0952937778555,34.8213082440864],[-118.08968336062206,34.8213980192699],[-118.08613761873569,34.821442936614304],[-118.07720578644896,34.82153272490252],[-118.07523094597254,34.82157757913488],[-118.06827403630578,34.82162247462353],[-118.06136204886292,34.821712224508346],[-118.05929743928863,34.821757097469266],[-118.05054513423816,34.821891714856164],[-118.04224173607848,34.82193662399671],[-118.04143381511864,34.82193661298488],[-118.03510530079477,34.82202639399287],[-118.03339969614777,34.822071298571245],[-118.03250204050572,34.82207132071167],[-118.02801378337428,34.822116150672215],[-118.02541050818246,34.82216101802557],[-118.02505144814462,34.82216102429863],[-118.02482702408393,34.82211617925921],[-118.02352541253386,34.82216108010801],[-118.02339077484068,34.82216105773706],[-118.02294192223042,34.82216102251707],[-118.01948587989487,34.822205907508895],[-118.01930638864006,34.82220596608424],[-118.01908195730833,34.822205900272515],[-118.01459362844723,34.82225080867969],[-118.01315738570233,34.82229566827611],[-118.01225971691915,34.822295709713174],[-118.0102848653648,34.82229565321984],[-118.0101052754586,34.8222957166766],[-118.00983597960736,34.82234058572674],[-118.00727764866424,34.82234061351668],[-118.00678399100234,34.82234056063181],[-118.00642489328247,34.82234057406511],[-118.00606579483718,34.82234058613227],[-118.00566184172553,34.82238547495399],[-118.00440512262573,34.82238542915857],[-118.00148769518805,34.82243031482108],[-118.00117353120986,34.82243036320442],[-117.99852545351817,34.822475244113775],[-117.99668519681119,34.82247525108388],[-117.99264567951995,34.82256498737491],[-117.99215198126393,34.82256501391136],[-117.98851644347448,34.82260987479513],[-117.98766368757006,34.822609877888],[-117.98667626208807,34.82260987653121],[-117.98339975751182,34.82260987769963],[-117.98178391263654,34.82260987880855],[-117.981559523332,34.822609857334804],[-117.98133513374533,34.82260991297809],[-117.98093121390566,34.822609876472264],[-117.98084140417107,34.822609880489615],[-117.98070673416595,34.822609875227435],[-117.97953982816801,34.82260983987812],[-117.9794500177333,34.822609842571694],[-117.97931534667838,34.822609912975835],[-117.97918076488564,34.82260988328175],[-117.9789562829445,34.82265476047899],[-117.97873189008509,34.82265473234383],[-117.9770712311764,34.82260989301127],[-117.97635309396068,34.82260988202143],[-117.97572467684537,34.82260988875625],[-117.9742884780644,34.822609896227675],[-117.97410894123412,34.82260986928637],[-117.97392940422344,34.82260984200353],[-117.97370500504798,34.822609879511184],[-117.97357032966079,34.82260986406742],[-117.97343565417209,34.822609848431476],[-117.97262777784238,34.82260986139061],[-117.97244823934341,34.82260990894511],[-117.97217897594038,34.82260985203017],[-117.97168522105243,34.82260984930258],[-117.971550544143,34.82260990863205],[-117.97146081905879,34.82260988147598],[-117.97065293380182,34.82260987753443],[-117.97011431181255,34.822609852596166],[-117.96674804401461,34.8226098793855],[-117.96486295284495,34.82260986145079],[-117.96459367801957,34.82260986055468],[-117.96369603276037,34.82260984096214],[-117.96333693764721,34.822609901758995],[-117.96311252517854,34.82260983642934],[-117.96122739570917,34.82260990121481],[-117.9591627839289,34.82260985074711],[-117.95319332035035,34.82260988393897],[-117.95256491126658,34.82260986957844],[-117.94731357394971,34.8226098560565],[-117.94143390299544,34.82256496855128],[-117.93555412890824,34.82256497215545],[-117.92962955762485,34.82256497547704],[-117.9236600955145,34.82256499232574],[-117.91778036627244,34.82256497635452],[-117.91674803715263,34.82256496956215],[-117.91190071341637,34.82256499371091],[-117.90602095833779,34.822520108837345],[-117.90014128001722,34.822520080411124],[-117.89892941687165,34.822520132150444],[-117.89426149983441,34.82252012980751],[-117.89004247037046,34.82252014368055],[-117.88824714690423,34.82252013090915],[-117.88223286245606,34.822520070882824],[-117.88111073900525,34.82252013920516],[-117.87635312667734,34.82256500334708],[-117.87334590154417,34.82256500957777],[-117.87271757189811,34.82260990757065],[-117.87038360374373,34.82260987144288],[-117.864414152843,34.8226547651012],[-117.85866913800712,34.82269965430983],[-117.85660442588538,34.822699659595514],[-117.85642495069034,34.82274451319027],[-117.85620049466667,34.82274456013602],[-117.85467445464234,34.82274456563444],[-117.85269966027644,34.822744502245634],[-117.84673016573035,34.82278939801036],[-117.84574268345388,34.822789455181706],[-117.84462060305158,34.82283433249079],[-117.84076065455999,34.82283426392344],[-117.83815743937198,34.822879166270475],[-117.83483611289019,34.822879156386605],[-117.82891146846848,34.82292404682988],[-117.82787917048799,34.82292402559788],[-117.82379481950304,34.82296891353758],[-117.8228073920963,34.82296892087061],[-117.8171520315491,34.823013829293544],[-117.81683790432888,34.82301379817835],[-117.81091330326835,34.82305873563806],[-117.80489888200103,34.823103619198854],[-117.8015326736002,34.82310359421728],[-117.80144286426119,34.823103638797676],[-117.7989294372756,34.823148463133805],[-117.79295997746814,34.823148500565004],[-117.78694559455336,34.823193338040724],[-117.78088637378346,34.82323824737026],[-117.77491686551605,34.823283118529154],[-117.77437828873789,34.823283145153475],[-117.76903716812802,34.823283163170075],[-117.7631574623815,34.82328310870823],[-117.75745732067601,34.82328312727851],[-117.75714309155136,34.82328313135322],[-117.75453985451078,34.82323822893303],[-117.75431545277867,34.823238223454624],[-117.75310360714242,34.82323826452246],[-117.75189175357048,34.82323821229032],[-117.75157760446895,34.82323825345714],[-117.75121853792466,34.823238253143664],[-117.7499617547968,34.82323821345552],[-117.749243614744,34.82323827693974],[-117.74897437861391,34.82323819531078],[-117.74883971566355,34.823238204121246],[-117.74758291639003,34.82323828830602],[-117.7473585062247,34.82323826630336],[-117.74664044555561,34.82323821017691],[-117.74655060948288,34.82323828040404],[-117.74444114933821,34.823238242799185],[-117.7425559919546,34.82323821410139],[-117.73874096819104,34.823238242363814],[-117.73645191626625,34.82323826314475],[-117.73550938884799,34.8232382295009],[-117.73173914182885,34.82319338525738],[-117.72980920174481,34.8231485031212],[-117.72796899723626,34.82314849996679],[-117.72689174787878,34.82314851418677],[-117.72648780013182,34.823103628677806],[-117.72442321432014,34.82310361717115],[-117.72096712278721,34.8230587312551],[-117.72092228803437,34.82305873208568],[-117.7206080864993,34.823058747709936],[-117.71751114602884,34.82301382851915],[-117.71490788992227,34.82301380675946],[-117.71432448135594,34.823013832827066],[-117.7119904708362,34.82296895729642],[-117.71127236294377,34.82296892024158],[-117.71122752585619,34.8229689164481],[-117.71122752585622,34.822879163210715],[-117.7097463744832,34.82287916657165],[-117.70831004913897,34.82287915193962],[-117.70727779253637,34.822879191014856],[-117.70664943239387,34.82287918555003],[-117.70660450469684,34.822879201571766],[-117.70655966648637,34.822879195539386],[-117.70646990053565,34.822879205443485],[-117.7063801345417,34.822879137484286],[-117.70629036850455,34.82287914721781],[-117.70624544072098,34.822879163068876],[-117.70471941111089,34.82287915921104],[-117.70314852998492,34.82287920083777],[-117.70269969159092,34.822879155525044],[-117.70229569136343,34.822834314900525],[-117.69650579053022,34.82278942507361],[-117.69071579971049,34.822744544283715],[-117.68613774030202,34.82269964264281],[-117.68155965837552,34.822654728110244],[-117.68111076813462,34.82265473522453],[-117.68070681075265,34.82265473657766],[-117.67868710028293,34.82265477322438],[-117.67850754156157,34.822609854255944],[-117.67832807217906,34.822609876175946],[-117.67819335814055,34.8226098615608],[-117.67814851311356,34.82260984197339],[-117.67787917419255,34.82260986782123],[-117.6776099243957,34.82260987089247],[-117.67756498971772,34.82260987303721],[-117.67401923370619,34.82260989619755],[-117.66822926348215,34.822520116906404],[-117.66728674948355,34.822520088470924],[-117.6548989957637,34.822430332410946],[-117.64403723067349,34.82234058715569],[-117.63963861368907,34.82234057461768],[-117.63200849640597,34.822250786159785],[-117.63191869477735,34.83068891217666],[-117.63187383871356,34.830913264009304],[-117.63178403702088,34.835491398850635],[-117.63178403702088,34.84599406059225],[-117.63178403702088,34.85070682851749],[-117.63178403702088,34.85546446158714],[-117.63187383871356,34.86147879475804],[-117.63196364036352,34.871398022138095],[-117.63196364036352,34.87144289543045],[-117.63182898263909,34.874988686260444],[-117.63178403702088,34.87709816215831],[-117.63178403702088,34.87723285123456],[-117.63182898263909,34.88401020402039],[-117.63182898263909,34.89065290991591],[-117.63187383871356,34.89541060144046],[-117.63187383871356,34.89720588593028],[-117.63187383871356,34.90447699538171],[-117.63187383871356,34.90479114647891],[-117.63196364036352,34.92830998031643],[-117.63200849640597,34.93113763780723],[-117.63200849640597,34.93477319164896],[-117.63205335243777,34.943929424034685],[-117.63205335243778,34.94769957604695],[-117.63205335243777,34.948462616136986],[-117.63218801000212,34.97974629166039],[-117.63218801000212,34.98145185591289],[-117.63218801000212,34.983247175530465],[-117.63218801000212,34.9838306426375],[-117.63218801000212,34.98513224501469],[-117.63223286599123,34.99087729907697],[-117.63223286599123,34.99343569706386],[-117.63227781150263,34.99769955284921],[-117.63227781150263,34.99778932637026],[-117.63236752342753,34.99864215928244],[-117.63236752342753,34.99927048727434],[-117.63245732484265,34.99998862587024],[-117.63250218076774,35.00048235967155],[-117.632547126215,35.00232253157859],[-117.6325919821188,35.00416276362547],[-117.6325919821188,35.00506042701674],[-117.6325919821188,35.005958081235825],[-117.63263683801192,35.00685579612972],[-117.63277149516,35.00977318580737],[-117.63277149516,35.00986294673034],[-117.63277149516,35.00999758794276],[-117.63277149516,35.01017710923822],[-117.63277149516,35.010401587988795],[-117.63281635101046,35.010760619635256],[-117.63281635101046,35.011074778848155],[-117.63281635101046,35.01331897347162],[-117.63281635101046,35.015608065873586],[-117.63281635101049,35.01601196235341],[-117.63281635101046,35.01610171687432],[-117.63281635101049,35.01623642612575],[-117.63277149516,35.01888453841856],[-117.63272663929887,35.02157752429754],[-117.63277149516,35.02229565604302],[-117.63286129638288,35.02252005765454],[-117.63286129638291,35.02260980549501],[-117.63281635101046,35.02328310094533],[-117.63281635101049,35.023372848029055],[-117.63286129638288,35.02373187866031],[-117.63286129638288,35.02404606899618],[-117.63290615221203,35.024943747824615],[-117.63290615221203,35.02777138050888],[-117.63290615221203,35.02808555629031],[-117.63290615221203,35.028758852858],[-117.63290615221203,35.02956675533647],[-117.63290615221203,35.029656495942255],[-117.63290615221203,35.029746236456184],[-117.63286129638288,35.03288804294451],[-117.63286129638288,35.036029878062614],[-117.63286129638291,35.03674805808806],[-117.63286129638288,35.038992216295036],[-117.63286129638288,35.041236394637984],[-117.63286129638288,35.04289705891075],[-117.63286129638288,35.0432112581717],[-117.63281635101046,35.04648773675603],[-117.63281635101049,35.04949489268872],[-117.63281635101046,35.04976420836327],[-117.63281635101046,35.05034769694487],[-117.63281635101046,35.05286112384106],[-117.63281635101046,35.05299577660284],[-117.63281635101049,35.05443208570558],[-117.63281635101046,35.05600301936537],[-117.63281635101049,35.057394345413186],[-117.63281635101046,35.058112505610005],[-117.63281635101046,35.058875515257085],[-117.63281635101046,35.06071572869348],[-117.63286129638288,35.06260078969624],[-117.63286129638291,35.06372289381356],[-117.63286129638288,35.06471034904431],[-117.63286129638288,35.06475520136288],[-117.63286129638288,35.0679868357122],[-117.63286129638288,35.06892939262388],[-117.63286129638288,35.071622378526136],[-117.63290615221203,35.07566183073969],[-117.63290615221203,35.079342285967144],[-117.63290615221203,35.08006042062584],[-117.63290615221203,35.08041948574036],[-117.63299595337082,35.08472830536287],[-117.63304080916797,35.08625428800286],[-117.63304080916797,35.086882683478734],[-117.63308566495442,35.08795991496],[-117.63308566495442,35.08903708482296],[-117.63317546602782,35.092717509098655],[-117.63322032178229,35.0954105004483],[-117.63326517752608,35.09590421146067],[-117.63331012279161,35.09756486500871],[-117.63115569257624,35.09760976894094],[-117.63097617799845,35.09760976045824],[-117.63088637587872,35.09760976711271],[-117.63088637587872,35.097789343465784],[-117.63102103427549,35.10959359361421],[-117.63106598007538,35.112376349548114],[-117.63106598007538,35.11358825667796],[-117.63106598007538,35.114485891595486],[-117.63120054881067,35.12368697093142],[-117.63120054881067,35.124315336003455],[-117.63115569257624,35.12453979488569],[-117.63115569257624,35.12498863434075],[-117.63120054881068,35.12871391951424],[-117.63120054881068,35.128803714276344],[-117.63120054881068,35.12925253161118],[-117.63120054881068,35.133651098049036],[-117.63115569257624,35.14051823141669],[-117.63115569257624,35.14083239255584],[-117.63115569257624,35.14132611635478],[-117.63115569257624,35.142941941224805],[-117.63115569257624,35.14469232610573],[-117.63120054881068,35.1483728047151],[-117.6312903507809,35.155913187020516],[-117.6312903507809,35.15802267770717],[-117.6312903507809,35.15811244213073],[-117.63124549456784,35.16336378048215],[-117.63124549456784,35.17094908907836],[-117.63124549456784,35.179476885481414],[-117.63124549456784,35.18019505325102],[-117.63124549456784,35.18158642339317],[-117.63124549456784,35.181676163442596],[-117.6312903507809,35.182035224080316],[-117.6312903507809,35.18234946712542],[-117.6312903507809,35.18248407594286],[-117.63124549456784,35.18279829368726],[-117.63124549456784,35.182977771181385],[-117.63124549456784,35.186074706789434],[-117.63124549456784,35.186119651991646],[-117.63120054881068,35.201379991533834],[-117.63120054881068,35.20245716230733],[-117.63115569257624,35.20420756658494],[-117.63115569257624,35.206137615880955],[-117.63115569257624,35.206317122530244],[-117.63102103427549,35.214575628234975],[-117.63084151956967,35.222879044888664],[-117.63093132171066,35.243480502954114],[-117.63097617799845,35.24734044011987],[-117.63097617799842,35.24738535351841],[-117.63115569257624,35.24994367663187],[-117.63124549456784,35.25927935444522],[-117.6312903507809,35.27418064302023],[-117.63133520698335,35.2835612989673],[-117.63133520698335,35.28374079900262],[-117.63138015270843,35.288677921277866],[-117.63138015270843,35.29020399399797],[-117.63138015270843,35.29051815247966],[-117.63138015270843,35.29316627935433],[-117.63138015270843,35.29334583665823],[-117.63133520698335,35.30932426741005],[-117.6312903507809,35.31197236672442],[-117.6312903507809,35.31776233004609],[-117.6312903507809,35.32054509343469],[-117.63133520698335,35.323731768890376],[-117.63133520698335,35.32696336507568],[-117.63133520698335,35.3270531857696],[-117.63133520698335,35.3270980573988],[-117.63133520698335,35.329342227767974],[-117.63138015270843,35.33239425349635],[-117.63138015270843,35.33248406846646],[-117.63133520698335,35.3358951500023],[-117.6312903507809,35.34415370288085],[-117.6312903507809,35.3449616141052],[-117.6312903507809,35.34505133857616],[-117.6312903507809,35.35075151128711],[-117.6312903507809,35.35241221438896],[-117.6312903507809,35.35425246959922],[-117.63124549456784,35.3552847465928],[-117.63124549456784,35.35546425114653],[-117.6312454945678,35.361523487901145],[-117.63124549456784,35.36174791013979],[-117.63142500888955,35.3663708938266],[-117.631514810753,35.368929298065],[-117.6315596669021,35.36969225327106],[-117.6315596669021,35.370410378674215],[-117.6315596669021,35.370500153590214],[-117.6315596669021,35.37054507967548],[-117.63160452304058,35.37058997944762],[-117.63160452304055,35.370634828148354],[-117.63160452304055,35.370769451434285],[-117.63160452304058,35.37094900036835],[-117.63160452304058,35.37153249313159],[-117.63164937916837,35.37189156075376],[-117.63169432481864,35.3723403774362],[-117.63169432481864,35.37278924055708],[-117.63173918092508,35.3730136828976],[-117.63173918092508,35.37323807426054],[-117.63187383871356,35.374943618371546],[-117.63187383871356,35.37633500374244],[-117.63218801000212,35.390518149039295],[-117.63218801000212,35.39078740897244],[-117.63232266747042,35.394378112238364],[-117.63236752342753,35.39545529585285],[-117.63245732484265,35.39783407852429],[-117.63277149516,35.40541938212689],[-117.63263683801193,35.406990329302175],[-117.63191869477735,35.41354328984108],[-117.6312903507809,35.41955758857154],[-117.63232266747042,35.42651450916975],[-117.63331012279161,35.43320214804991],[-117.63348963514979,35.43445885416094],[-117.63353449082955,35.43930629211246],[-117.63353449082955,35.439351181350155],[-117.63357943603093,35.440877178799134],[-117.63357943603093,35.44289690125791],[-117.6336242916894,35.44576944053865],[-117.63362429168943,35.44810339302487],[-117.63366914733717,35.45097590825471],[-117.63173918092508,35.45102083031991],[-117.63021317198813,35.451020805348215],[-117.63025802844649,35.45761866916572],[-117.63025802844649,35.45788795127292],[-117.63025802844649,35.458112352375025],[-117.63025802844649,35.45842651291928],[-117.63025802844649,35.45869586970428],[-117.6303028848942,35.46017699698267],[-117.63030288489419,35.461658147338525],[-117.6303028848942,35.463049516771044],[-117.6303028848942,35.46390234008383],[-117.6303028848942,35.46412672519063],[-117.63030288489419,35.464306232847925],[-117.6303028848942,35.464396063774494],[-117.63030288489419,35.46444094058173],[-117.63039268729139,35.472205687520336],[-117.6304375437071,35.476559404977685],[-117.6304375437071,35.47884845608529],[-117.63048248964591,35.48436910743716],[-117.63052734604027,35.49146061992705],[-117.63057220242399,35.495320647055124],[-117.63061714833073,35.49918055076243],[-117.63061714833073,35.49922540902745],[-117.63061714833073,35.49931520269462],[-117.63061714833073,35.49994360127477],[-117.6304375437071,35.50353429574972],[-117.63034783086503,35.50577842470425],[-117.63025802844649,35.50797766474946],[-117.63025802844649,35.50829187164532],[-117.63025802844649,35.50900998827059],[-117.63021317198813,35.51830085932368],[-117.63007851301519,35.529701178480046],[-117.62998871046855,35.536792744304314],[-117.62998871046855,35.539889703528075],[-117.62998871046855,35.540114118672214],[-117.62998871046855,35.54146067414076],[-117.62998871046855,35.54496150948393],[-117.62998871046855,35.54518598826892],[-117.63003365651419,35.54689149644629],[-117.63012336950554,35.56102977222722],[-117.63012336950554,35.561074597695175],[-117.63012336950555,35.5640817841927],[-117.63227781150263,35.564081832124074],[-117.63232266747042,35.564081831489574],[-117.63353449082955,35.56408178312466],[-117.63375894813292,35.564081809524076],[-117.63380380374869,35.56408180818065],[-117.6347912513199,35.56412667199579],[-117.6347912513199,35.56888428955778],[-117.6347912513199,35.568929186742075],[-117.6347912513199,35.57027570539986],[-117.6347912513199,35.570365498256464],[-117.6347912513199,35.570500110219875],[-117.63488105158163,35.57884837351626],[-117.63488105158163,35.580688610374004],[-117.634970762269,35.58724155526137],[-117.63506056244535,35.593390620696844],[-117.63501570712832,35.59702615743818],[-117.63501570712832,35.60066168096329],[-117.63497076226903,35.60295072486911],[-117.63492590693066,35.60815722458849],[-117.63492590693066,35.61147853245064],[-117.63492590693066,35.611613232509725],[-117.63492590693066,35.61251086755039],[-117.63492590693066,35.61816616321377],[-117.63492590693066,35.61879450580091],[-117.63488105158163,35.620993838818286],[-117.63488105158163,35.62216073989272],[-117.63488105158163,35.622519842404],[-117.63474639593885,35.62494355023043],[-117.63456679524447,35.62651446682824],[-117.63456679524447,35.62669400926006],[-117.634477084365,35.62718772794281],[-117.63447708436503,35.627501866764284],[-117.63443222890928,35.62768142566908],[-117.634387283911,35.628354681968595],[-117.634387283911,35.62848935527884],[-117.63434242843392,35.62866883528771],[-117.63416291688702,35.63338158654716],[-117.63416291688702,35.633426449339154],[-117.63402826073175,35.636747855078724],[-117.63398331563724,35.63858810544974],[-117.63398331563724,35.6400243085842],[-117.63389360448038,35.644243332274236],[-117.63380380374869,35.650841212276696],[-117.63380380374869,35.650975849791266],[-117.63380380374869,35.651020780292995],[-117.63384865935383,35.65146959708675],[-117.63384865935383,35.65155938044323],[-117.63281635101046,35.65155932351659],[-117.63250218076774,35.65155938145478],[-117.63223286599123,35.65155933753226],[-117.6301683155191,35.65155930860239],[-117.62877686434912,35.65155937805259],[-117.62837297360447,35.6515593121418],[-117.62787918891146,35.6515593322499],[-117.62617362964171,35.65155938218939],[-117.62599411032855,35.65155933345833],[-117.62590439537597,35.651559297866946],[-117.61638908607192,35.651738860145656],[-117.61634422632248,35.662241534906144],[-117.6162993665624,35.66313920591228],[-117.6162993665624,35.668121276502546],[-117.61625441725117,35.67305847816464],[-117.61625441725117,35.67440493228713],[-117.61620955746982,35.67575146417151],[-117.61620955746982,35.68086815677164],[-117.6166584234259,35.680823240155675],[-117.61670328310089,35.680823216121894],[-117.62249322579406,35.680823242064704],[-117.62267274843245,35.68082326651054],[-117.62590439537597,35.680598844065784],[-117.62998871046855,35.680598829752945],[-117.63254712621497,35.680598822316185],[-117.63348963514979,35.68059879164481],[-117.63353449082955,35.68068858879229],[-117.63362429168943,35.6807783314377],[-117.63375894813292,35.68082320420387],[-117.63384865935383,35.680778379384684],[-117.63393846006414,35.680688617845654],[-117.63398331563724,35.68064374814707],[-117.63402826073175,35.68059885621878],[-117.634387283911,35.680598860991076],[-117.63456679524447,35.68059886286075],[-117.63470145101543,35.680598819965006],[-117.63721494807764,35.680643708201046],[-117.64008751350083,35.680643729316564],[-117.64821139465806,35.68064366241036],[-117.6483460406807,35.68064367688631],[-117.64852553871935,35.680643728970686],[-117.64888462380821,35.680643732852765],[-117.64924370821207,35.68064373535708],[-117.6506350083296,35.68064373927063],[-117.6506799494527,35.68064367678566],[-117.65076974214256,35.6806437280379],[-117.65234061490096,35.68077838349078],[-117.6522957636979,35.68154134416258],[-117.65225082296074,35.68481786216223],[-117.65225082296074,35.688049436095895],[-117.65225082296074,35.68809434171892],[-117.65216112050106,35.69550006158207],[-117.65216112050106,35.69572449244327],[-117.6520713284752,35.701604187716875],[-117.65207132847517,35.70371369090375],[-117.65202647720791,35.70582318812341],[-117.65202647720791,35.70725946572382],[-117.65198153640642,35.70869578904391],[-117.65198153640642,35.709952519053985],[-117.65090438633506,35.70995247203793],[-117.64897432782966,35.709907595403564],[-117.64870503658686,35.70977300718027],[-117.64848068660703,35.709728061328256],[-117.6483460406807,35.70963828019463],[-117.64825624683453,35.709638319008135],[-117.64812160074769,35.70963832744988],[-117.64794201279847,35.709638327552994],[-117.6477625142034,35.70977299046672],[-117.64749322122717,35.70986271921838],[-117.64628139806793,35.70990759835581],[-117.6450695671107,35.709907566695044],[-117.64296003515221,35.70990764126746],[-117.64170323957515,35.70990763252455],[-117.6404465251458,35.70990758467813],[-117.63425262791587,35.70990760588064],[-117.63425262791587,35.71358805410705],[-117.6342077724068,35.72458442016491],[-117.63416291688702,35.735625759081614],[-117.63416291688702,35.736029643460064],[-117.63416291688702,35.73778011996807],[-117.63411797182462,35.74653240469923],[-117.63411797182457,35.74671191974173],[-117.63357943603093,35.74994348889747],[-117.63353449082955,35.755957877100144],[-117.63353449082955,35.75600275094227],[-117.63339983422584,35.76708895581098],[-117.63322032178229,35.778219996480615],[-117.63299595337082,35.7972504930169],[-117.6356888938888,35.79725053011105],[-117.64385763882939,35.79734024192539],[-117.64655069277728,35.79734028257719],[-117.65072480104094,35.79738512823732],[-117.65696363333778,35.79738513023715],[-117.66320234810911,35.79742999857438],[-117.6673315971085,35.797474930148404],[-117.66769073578604,35.79747489979342],[-117.66867809505861,35.79747489523146],[-117.66899229442639,35.797474884967315],[-117.67428857817494,35.79751982404118],[-117.69013231549741,35.79760953654917],[-117.6953836973448,35.79765445721919],[-117.69717902530533,35.79765446528232],[-117.70247522723933,35.79769930752432],[-117.70427057649634,35.797744219729175],[-117.70772661991303,35.797789116741065],[-117.7129330279915,35.79783397308989],[-117.71813955902712,35.79787885413146],[-117.72164044819453,35.797923751596095],[-117.72294198896229,35.797923738724755],[-117.72563506838755,35.797968643045884],[-117.73308562266871,35.79801352551114],[-117.73815745546723,35.79805836896255],[-117.7383818767719,35.79805842765447],[-117.73874096819104,35.79810330833076],[-117.73909996943323,35.79810330986403],[-117.73932438959757,35.798103289348816],[-117.74085049320185,35.79810324516817],[-117.74309466143774,35.79814818005839],[-117.74533880250355,35.798148161639766],[-117.74686485659085,35.79814817258302],[-117.7469994314991,35.79814818235483],[-117.74726875997801,35.79814815665319],[-117.74753808806533,35.79814813017527],[-117.74771758025422,35.798148152606686],[-117.74910895198941,35.79819303767857],[-117.75094921519035,35.798193039328375],[-117.75337292674189,35.79819302914371],[-117.7542705366098,35.798193036889735],[-117.7543603689366,35.79819305775803],[-117.75445011174544,35.798193024001435],[-117.75449493839636,35.798193056697855],[-117.75453985451078,35.798193067034916],[-117.75471942938502,35.798193053628964],[-117.75480917201972,35.798193019527545],[-117.75907310488678,35.79819303601664],[-117.76127231669912,35.79819304272699],[-117.76787024242404,35.79819302487417],[-117.77006943896794,35.79819303277413],[-117.77150573340606,35.79814813805489],[-117.77361524263314,35.798148167700205],[-117.7757696386858,35.79814814985534],[-117.77716106759793,35.79814819103795],[-117.77729570990779,35.798148134819606],[-117.77752008371797,35.79814817625331],[-117.7776996362473,35.79814819559801],[-117.77783427816377,35.79814813860365],[-117.7869905027697,35.79814814153364],[-117.78972836247071,35.798148160607084],[-117.7898629955923,35.79814816314169],[-117.79722383322165,35.79814820659759],[-117.7995578419729,35.798148147062165],[-117.80646979390599,35.798103249435016],[-117.80880377455287,35.79810324454529],[-117.81019513239833,35.79810328733515],[-117.81441413353612,35.798103250550135],[-117.81580553824082,35.79810326423409],[-117.81760086045217,35.798103276874905],[-117.82298690035539,35.798103293511296],[-117.82478224158076,35.798103299421555],[-117.82612866885748,35.79810325958427],[-117.83003355598798,35.798103242461146],[-117.83133513668331,35.79805840945043],[-117.83335488035942,35.798058425408996],[-117.83932436548957,35.79805838092496],[-117.84134411022858,35.79805843223084],[-117.84147879485572,35.798058414889546],[-117.84197254820621,35.79805839766547],[-117.84210714293775,35.798058401828094],[-117.84354341010126,35.79805838719981],[-117.847807339853,35.79805837652978],[-117.84919875858878,35.79805836381031],[-117.84933334798589,35.79805843439266],[-117.84969240160544,35.79805840502611],[-117.84982708006581,35.798058375647535],[-117.84996175842662,35.79805842290765],[-117.85018613271241,35.79805842121581],[-117.85041059614942,35.79805839656807],[-117.85054518465134,35.79805838857098],[-117.85175710268285,35.798058381440256],[-117.85243030750365,35.79805841622177],[-117.8553926295401,35.798058387366936],[-117.8568288814109,35.798058376516465],[-117.85687377248279,35.79805841453517],[-117.85727770220723,35.79805839400674],[-117.86001558345743,35.79805839090721],[-117.86490784401096,35.79805842527433],[-117.86944104837364,35.798058441246695],[-117.87226869980738,35.79805840526467],[-117.8725829103874,35.79810325282784],[-117.87262779756874,35.79810328325901],[-117.87271757189811,35.79810326723413],[-117.87285223330888,35.79810328144622],[-117.87289712042362,35.798103234925556],[-117.87294200752726,35.798103265205626],[-117.87303178170123,35.79810324887875],[-117.87307666877156,35.79810327909406],[-117.87325612752554,35.79810326853087],[-117.87343567551838,35.79810331200902],[-117.87348056248885,35.79810326520808],[-117.87361522333363,35.798103278319886],[-117.87496173687096,35.79810326755179],[-117.8755002858394,35.798103255906796],[-117.87909098870566,35.79810325025069],[-117.88048234683895,35.798103264005675],[-117.88097608372435,35.7981032485061],[-117.88254696636572,35.798148198589814],[-117.8830855822214,35.79814819743334],[-117.88362419647642,35.798148193170285],[-117.88532979772242,35.798103272676244],[-117.88591328919964,35.798103279656765],[-117.88694552626109,35.79810331143148],[-117.89004247037046,35.798103270945035],[-117.89107486270976,35.79810328898983],[-117.89111974531237,35.79810323371603],[-117.89116462790385,35.79810325523466],[-117.89278039378416,35.79810324739772],[-117.8977175456025,35.79810327842759],[-117.89937822290857,35.79810330594248],[-117.89987199766547,35.798103244899316],[-117.90135313503772,35.798103244642235],[-117.90180193505635,35.79810325604209],[-117.90211609440615,35.79810329346208],[-117.90305865857998,35.79810330011063],[-117.90332793618313,35.79810331765258],[-117.90341769529499,35.79810327212178],[-117.90346257483421,35.798103287728175],[-117.90364218228095,35.79810325066905],[-117.90422561469602,35.7981032968505],[-117.90440513198303,35.79810328078523],[-117.90606583723016,35.79810324371269],[-117.91100298366787,35.79814818138508],[-117.91266371761259,35.79814815766947],[-117.91356134970052,35.79814820048948],[-117.91634415063177,35.79814817425324],[-117.91724176439945,35.79814818169137],[-117.91867806228214,35.79814815954183],[-117.92303176191078,35.79814812032152],[-117.9244680136343,35.79814816270766],[-117.92397430618989,35.794063781071735],[-117.92312151121816,35.78679265598308],[-117.92814838431187,35.78679268660314],[-117.93223279967161,35.78679265787815],[-117.93546438580242,35.78679266815677],[-117.93838181825944,35.7867477781712],[-117.93936924208226,35.786747823067586],[-117.94511428386699,35.78697226506466],[-117.9483459063766,35.787106846373966],[-117.9533728781663,35.78728639134796],[-117.95413588515694,35.787421079508086],[-117.95422561892717,35.787421067670394],[-117.95485402218826,35.78751084143649],[-117.9549437555989,35.787555676880295],[-117.95525791155785,35.787555686395315],[-117.95539260072921,35.78755572117458],[-117.95543746730525,35.787600562489644],[-117.95947693248877,35.78778011680764],[-117.97958468868664,35.788632862466784],[-117.9838486205714,35.788812418509295],[-117.98497063923755,35.788857293266645],[-117.98842672691829,35.788991927548246],[-117.98954880613503,35.789036875778635],[-117.99174808592656,35.78912660077879],[-117.99834585173492,35.78939596504632],[-118.00054520158903,35.789485658211895],[-118.00090422182896,35.78948568956045],[-118.00202631177554,35.78944078967642],[-118.00655954384368,35.78921640400178],[-118.00804069328468,35.78917149812506]]]},"id":"0","properties":{}}]}